-- 회원
INSERT INTO `member` (mno,email,pwd,name,tel,join_date,social_accept,gender,birth,self_introduction,m_img,nickname,score,block_date,block_accept,member_status) VALUES (1,'hse1@test.com','gkstkddms!1','이름1','010-6518-7861','2022-03-18 17:49:43.0',1,1,961202,'회원자기소개1','회원사진1','회원닉네임1',5.0,'2022-03-18 23:41:18.0',0,0);
INSERT INTO `member` (mno,email,pwd,name,tel,join_date,social_accept,gender,birth,self_introduction,m_img,nickname,score,block_date,block_accept,member_status) VALUES (2,'hse2@test.com','gkstkddms!2','이름2','010-2893-3298','2022-03-18 17:49:43.0',0,0,870103,'회원자기소개2','회원사진2','회원닉네임2',4.5,'2022-03-18 23:41:18.0',0,0);
INSERT INTO `member` (mno,email,pwd,name,tel,join_date,social_accept,gender,birth,self_introduction,m_img,nickname,score,block_date,block_accept,member_status) VALUES (3,'hse3@test.com','gkstkddms!3','이름3','010-6518-7863','2022-03-18 17:49:43.0',1,0,921017,'회원자기소개3','회원사진3','회원닉네임3',4.0,'2022-03-18 23:41:18.0',1,0);
INSERT INTO `member` (mno,email,pwd,name,tel,join_date,social_accept,gender,birth,self_introduction,m_img,nickname,score,block_date,block_accept,member_status) VALUES (4,'hse4@test.com','gkstkddms!4','이름4','010-6518-7864','2022-03-18 17:49:43.0',1,0,701221,'회원자기소개4','회원사진4','회원닉네임4',5.0,'2022-03-18 23:41:18.0',0,0);
INSERT INTO `member` (mno,email,pwd,name,tel,join_date,social_accept,gender,birth,self_introduction,m_img,nickname,score,block_date,block_accept,member_status) VALUES (5,'hse5@test.com','gkstkddms!5','이름5','010-2934-1875','2022-03-18 17:49:43.0',1,0,600403,'회원자기소개5','회원사진5','회원닉네임5',1.0,'2022-03-18 23:41:18.0',1,0);
INSERT INTO `member` (mno,email,pwd,name,tel,join_date,social_accept,gender,birth,self_introduction,m_img,nickname,score,block_date,block_accept,member_status) VALUES (6,'hse6@test.com','gkstkddms!6','이름6','010-6518-2038','2022-03-18 17:49:43.0',1,0,600403,'회원자기소개6','회원사진6','회원닉네임6',1.0,'2022-03-18 23:41:18.0',1,0);
INSERT INTO `member` (mno,email,pwd,name,tel,join_date,social_accept,gender,birth,self_introduction,m_img,nickname,score,block_date,block_accept,member_status) VALUES (7,'hse7@test.com','gkstkddms!7','이름7','010-6518-7965','2022-03-18 17:49:43.0',1,0,600403,'회원자기소개7','회원사진7','회원닉네임7',1.0,'2022-03-18 23:41:18.0',1,0);
INSERT INTO `member` (mno,email,pwd,name,tel,join_date,social_accept,gender,birth,self_introduction,m_img,nickname,score,block_date,block_accept,member_status) VALUES (8,'hse8@test.com','gkstkddms!8','이름8','010-6548-7865','2022-03-18 17:49:43.0',1,0,600403,'회원자기소개8','회원사진8','회원닉네임8',1.0,'2022-03-18 23:41:18.0',1,0);
INSERT INTO `member` (mno,email,pwd,name,tel,join_date,social_accept,gender,birth,self_introduction,m_img,nickname,score,block_date,block_accept,member_status) VALUES (9,'hse9@test.com','gkstkddms!9','이름9','011-203-1934','2022-03-18 17:49:43.0',1,0,600403,'회원자기소개9','회원사진9','회원닉네임9',1.0,'2022-03-18 23:41:18.0',1,0);
INSERT INTO `member` (mno,email,pwd,name,tel,join_date,social_accept,gender,birth,self_introduction,m_img,nickname,score,block_date,block_accept,member_status) VALUES (10,'hse10@test.com','gkstkddms!10','이름10','017-384-3745','2022-03-18 17:49:43.0',1,0,600403,'회원자기소개10','회원사진10','회원닉네임10',1.0,'2022-03-18 23:41:18.0',1,0);
INSERT INTO `member` (mno,email,pwd,name,tel,join_date,social_accept,gender,birth,self_introduction,m_img,nickname,score,block_date,block_accept,member_status) VALUES (11,'hse11@test.com','gkstkddms!11','이름11','010-1518-7865','2022-03-18 17:49:43.0',1,0,600403,'회원자기소개11','회원사진11','회원닉네임11',1.0,'2022-03-18 23:41:18.0',1,0);
INSERT INTO `member` (mno,email,pwd,name,tel,join_date,social_accept,gender,birth,self_introduction,m_img,nickname,score,block_date,block_accept,member_status) VALUES (12,'hse12@test.com','gkstkddms!12','이름12','010-2518-7865','2022-03-18 17:49:43.0',1,0,600403,'회원자기소개12','회원사진12','회원닉네임12',1.0,'2022-03-18 23:41:18.0',1,0);
INSERT INTO `member` (mno,email,pwd,name,tel,join_date,social_accept,gender,birth,self_introduction,m_img,nickname,score,block_date,block_accept,member_status) VALUES (13,'hse13@test.com','gkstkddms!13','이름13','010-6718-7865','2022-03-18 17:49:43.0',1,0,600403,'회원자기소개13','회원사진13','회원닉네임13',1.0,'2022-03-18 23:41:18.0',1,0);
INSERT INTO `member` (mno,email,pwd,name,tel,join_date,social_accept,gender,birth,self_introduction,m_img,nickname,score,block_date,block_accept,member_status) VALUES (14,'hse14@test.com','gkstkddms!14','이름14','010-2847-4836','2022-03-18 17:49:43.0',1,0,600403,'회원자기소개14','회원사진14','회원닉네임14',1.0,'2022-03-18 23:41:18.0',1,0);
INSERT INTO `member` (mno,email,pwd,name,tel,join_date,social_accept,gender,birth,self_introduction,m_img,nickname,score,block_date,block_accept,member_status) VALUES (15,'hse15@test.com','gkstkddms!15','이름15','010-5837-4829','2022-03-18 17:49:43.0',1,0,600403,'회원자기소개15','회원사진15','회원닉네임15',1.0,'2022-03-18 23:41:18.0',1,0);
INSERT INTO `member` (mno,email,pwd,name,tel,join_date,social_accept,gender,birth,self_introduction,m_img,nickname,score,block_date,block_accept,member_status) VALUES (16,'hse16@test.com','gkstkddms!16','이름16','010-1947-7865','2022-03-18 17:49:43.0',1,0,600403,'회원자기소개16','회원사진16','회원닉네임16',1.0,'2022-03-18 23:41:18.0',1,0);
INSERT INTO `member` (mno,email,pwd,name,tel,join_date,social_accept,gender,birth,self_introduction,m_img,nickname,score,block_date,block_accept,member_status) VALUES (17,'hse17@test.com','gkstkddms!17','이름17','010-1441-2461','2022-03-18 17:49:43.0',1,0,600403,'회원자기소개17','회원사진17','회원닉네임17',1.0,'2022-03-18 23:41:18.0',1,0);
INSERT INTO `member` (mno,email,pwd,name,tel,join_date,social_accept,gender,birth,self_introduction,m_img,nickname,score,block_date,block_accept,member_status) VALUES (18,'hse18@test.com','gkstkddms!18','이름18','010-6518-4917','2022-03-18 17:49:43.0',1,0,600403,'회원자기소개18','회원사진18','회원닉네임18',1.0,'2022-03-18 23:41:18.0',1,0);
INSERT INTO `member` (mno,email,pwd,name,tel,join_date,social_accept,gender,birth,self_introduction,m_img,nickname,score,block_date,block_accept,member_status) VALUES (19,'hse19@test.com','gkstkddms!19','이름19','010-6394-7865','2022-03-18 17:49:43.0',1,0,600403,'회원자기소개19','회원사진19','회원닉네임19',1.0,'2022-03-18 23:41:18.0',1,0);
INSERT INTO `member` (mno,email,pwd,name,tel,join_date,social_accept,gender,birth,self_introduction,m_img,nickname,score,block_date,block_accept,member_status) VALUES (20,'hse20@test.com','gkstkddms!20','이름20','010-1839-7865','2022-03-18 17:49:43.0',1,0,600403,'회원자기소개20','회원사진20','회원닉네임20',1.0,'2022-03-18 23:41:18.0',1,0);
INSERT INTO `member` (mno,email,pwd,name,tel,join_date,social_accept,gender,birth,self_introduction,m_img,nickname,score,block_date,block_accept,member_status) VALUES (21,'hse21@test.com','gkstkddms!21','이름21','010-5921-7865','2022-03-18 17:49:43.0',1,0,600403,'회원자기소개21','회원사진21','회원닉네임21',1.0,'2022-03-18 23:41:18.0',1,0);
INSERT INTO `member` (mno,email,pwd,name,tel,join_date,social_accept,gender,birth,self_introduction,m_img,nickname,score,block_date,block_accept,member_status) VALUES (22,'hse22@test.com','gkstkddms!22','이름22','010-4981-1946','2022-03-18 17:49:43.0',1,0,600403,'회원자기소개22','회원사진22','회원닉네임22',1.0,'2022-03-18 23:41:18.0',1,0);
INSERT INTO `member` (mno,email,pwd,name,tel,join_date,social_accept,gender,birth,self_introduction,m_img,nickname,score,block_date,block_accept,member_status) VALUES (23,'hse23@test.com','gkstkddms!23','이름23','010-3982-3567','2022-03-18 17:49:43.0',1,0,600403,'회원자기소개23','회원사진23','회원닉네임23',1.0,'2022-03-18 23:41:18.0',1,0);
INSERT INTO `member` (mno,email,pwd,name,tel,join_date,social_accept,gender,birth,self_introduction,m_img,nickname,score,block_date,block_accept,member_status) VALUES (24,'hse24@test.com','gkstkddms!24','이름24','010-9874-1946','2022-03-18 17:49:43.0',1,0,600403,'회원자기소개24','회원사진24','회원닉네임24',1.0,'2022-03-18 23:41:18.0',1,0);
INSERT INTO `member` (mno,email,pwd,name,tel,join_date,social_accept,gender,birth,self_introduction,m_img,nickname,score,block_date,block_accept,member_status) VALUES (25,'hse25@test.com','gkstkddms!25','이름25','010-4927-9387','2022-03-18 17:49:43.0',1,0,600403,'회원자기소개25','회원사진25','회원닉네임25',1.0,'2022-03-18 23:41:18.0',1,0);
INSERT INTO `member` (mno,email,pwd,name,tel,join_date,social_accept,gender,birth,self_introduction,m_img,nickname,score,block_date,block_accept,member_status) VALUES (26,'hse26@test.com','gkstkddms!26','이름26','010-2846-5759','2022-03-18 17:49:43.0',1,0,600403,'회원자기소개26','회원사진26','회원닉네임26',1.0,'2022-03-18 23:41:18.0',1,0);
INSERT INTO `member` (mno,email,pwd,name,tel,join_date,social_accept,gender,birth,self_introduction,m_img,nickname,score,block_date,block_accept,member_status) VALUES (27,'hse27@test.com','gkstkddms!27','이름27','010-7867-7885','2022-03-18 17:49:43.0',1,0,600403,'회원자기소개27','회원사진27','회원닉네임27',1.0,'2022-03-18 23:41:18.0',1,0);
INSERT INTO `member` (mno,email,pwd,name,tel,join_date,social_accept,gender,birth,self_introduction,m_img,nickname,score,block_date,block_accept,member_status) VALUES (28,'hse28@test.com','gkstkddms!28','이름28','010-8769-4894','2022-03-18 17:49:43.0',1,0,600403,'회원자기소개28','회원사진28','회원닉네임28',1.0,'2022-03-18 23:41:18.0',1,0);
INSERT INTO `member` (mno,email,pwd,name,tel,join_date,social_accept,gender,birth,self_introduction,m_img,nickname,score,block_date,block_accept,member_status) VALUES (29,'hse29@test.com','gkstkddms!29','이름29','010-9046-9876','2022-03-18 17:49:43.0',1,0,600403,'회원자기소개29','회원사진29','회원닉네임29',1.0,'2022-03-18 23:41:18.0',1,0);
INSERT INTO `member` (mno,email,pwd,name,tel,join_date,social_accept,gender,birth,self_introduction,m_img,nickname,score,block_date,block_accept,member_status) VALUES (30,'hse30@test.com','gkstkddms!30','이름30','010-8698-6854','2022-03-18 17:49:43.0',1,0,600403,'회원자기소개30','회원사진30','회원닉네임30',1.0,'2022-03-18 23:41:18.0',1,0);

-- 주점유형
INSERT INTO store_type (store_type_no,type_name) VALUES (1,'포차');
INSERT INTO store_type (store_type_no,type_name) VALUES (2,'펍');
INSERT INTO store_type (store_type_no,type_name) VALUES (3,'바');
INSERT INTO store_type (store_type_no,type_name) VALUES (4,'이자카야');
INSERT INTO store_type (store_type_no,type_name) VALUES (5,'주막');
INSERT INTO store_type (store_type_no,type_name) VALUES (6,'감성주점');
INSERT INTO store_type (store_type_no,type_name) VALUES (7,'루프탑');
INSERT INTO store_type (store_type_no,type_name) VALUES (8,'가라오케');
INSERT INTO store_type (store_type_no,type_name) VALUES (9,'기타');

-- 주점
INSERT INTO store
(store_no, business_registration_no, business_registration, name, address, tel, `hour`, introduction, evaluation_score, reservation_accept, max_member, lat, lng, place_id, oper, status)
VALUES(1, 660, '사업자등록증1', '이구펍29클라스', '서울특별시 강남구 역삼동 817-10', '02-567-2902', '11:11:11', '맥주집', 4.0, 1, 35, 37.499952, 127.02764892578125, '주점위치아이디1', 1, 1);
INSERT INTO store
(store_no, business_registration_no, business_registration, name, address, tel, `hour`, introduction, evaluation_score, reservation_accept, max_member, lat, lng, place_id, oper, status)
VALUES(2, 6875, '사업자등록증2', '무월', '서울특별시 강남구 역삼1동 811-12', '02-555-3060', '22:59:11', '막걸리집', 4.0, 1, 50, 37.50338, 127.02663, '주점위치아이디2', 1, 1);
INSERT INTO store
(store_no, business_registration_no, business_registration, name, address, tel, `hour`, introduction, evaluation_score, reservation_accept, max_member, lat, lng, place_id, oper, status)
VALUES(3, 9877609, '사업자등록증3', '아트몬스터 강남점', '서울특별시 가남구 역삼동 테헤란로1길 28-3', '02-6448-6110', '22:59:11', '힙한 술집', 0.0, 1, 20, 37.500336, 127.02773, '주점위치아이디3', 1, 1);
INSERT INTO store
(store_no, business_registration_no, business_registration, name, address, tel, `hour`, introduction, evaluation_score, reservation_accept, max_member, lat, lng, place_id, oper, status)
VALUES(4, 69869, '사업자등록증4', '강남포차', '서울특별시 강남구 역삼동 역삼로1길 18', '02-565-6400', '22:59:11', '포차', 2.5, 0, NULL, 37.49442, 127.03069, '주점위치아이디4', 1, 1);
INSERT INTO store
(store_no, business_registration_no, business_registration, name, address, tel, `hour`, introduction, evaluation_score, reservation_accept, max_member, lat, lng, place_id, oper, status)
VALUES(5, 546798, '사업자등록증5', '강남 일미포차', '서울특별시 강남구 테헤란로 103', '02-561-9222', '22:59:11', '포차집', 5.0, 1, 60, 37.500004, 127.02823, '주점위치아이디5', 1, 1);
INSERT INTO store
(store_no, business_registration_no, business_registration, name, address, tel, `hour`, introduction, evaluation_score, reservation_accept, max_member, lat, lng, place_id, oper, status)
VALUES(6, 476476, '사업자등록증6', '이자카야 나무', '서울특별시 강남구 강남대로78길 8', '02-558-6787', '11:11:11', '이자카야', 4.5, 1, 35, 37.49465, 127.03005, '주점위치아이디6', 1, 1);
INSERT INTO store
(store_no, business_registration_no, business_registration, name, address, tel, `hour`, introduction, evaluation_score, reservation_accept, max_member, lat, lng, place_id, oper, status)
VALUES(7, 7907, '사업자등록증7', '바이트', '서울특별시 서초구 로, 강남대로 442 흥국생명빌딩 별관 2층', '02-538-2556', '22:59:11', '양주칵테일', 4.0, 1, 50, 37.501907, 127.02647, '주점위치아이디7', 1, 1);
INSERT INTO store
(store_no, business_registration_no, business_registration, name, address, tel, `hour`, introduction, evaluation_score, reservation_accept, max_member, lat, lng, place_id, oper, status)
VALUES(8, 34563650, '사업자등록증8', '대동집', '서울특별시 강남구 봉은사로18길 88', '02-554-4574', '22:59:11', '막걸리집', 0.0, 1, 20, 37.500957, 127.02766, '주점위치아이디8', 1, 1);
INSERT INTO store
(store_no, business_registration_no, business_registration, name, address, tel, `hour`, introduction, evaluation_score, reservation_accept, max_member, lat, lng, place_id, oper, status)
VALUES(9, 7897, '사업자등록증9', '골목집', '서울특별시 강남구 역삼동 813-11', '02-569-5979', '22:59:11', '막걸리소주집', 0.0, 1, 20, 37.502296, 127.02692, '주점위치아이디9', 1, 1);
INSERT INTO store
(store_no, business_registration_no, business_registration, name, address, tel, `hour`, introduction, evaluation_score, reservation_accept, max_member, lat, lng, place_id, oper, status)
VALUES(10, 7470780, '사업자등록증10', '엘라elah', '서울특별시 강남구 테헤란로5길 36번지 엘라 elah', '02-6052-8831', '22:59:11', '호프집', 0.0, 1, NULL, 37.50086, 127.029, '주점위치아이디10', 1, 1);
INSERT INTO store
(store_no, business_registration_no, business_registration, name, address, tel, `hour`, introduction, evaluation_score, reservation_accept, max_member, lat, lng, place_id, oper, status)
VALUES(11, 709587567, '사업자등록증11', '느린마을양조장', '서울특별시 서초구 서초대로73길 7', '02-587-7720', '22:59:11', '막걸리집', 0.0, 1, 20, 37.498096, 127.02525, '주점위치아이디11', 1, 1);
INSERT INTO store
(store_no, business_registration_no, business_registration, name, address, tel, `hour`, introduction, evaluation_score, reservation_accept, max_member, lat, lng, place_id, oper, status)
VALUES(12, 967896, '사업자등록증12', 'Beezza x brew one', '서울특별시 강남구 역삼동 601', '02-261-0817', '22:59:11', '바', 0.0, 1, 20, 37.5045, 127.02557, '주점위치아이디12', 1, 1);
INSERT INTO store
(store_no, business_registration_no, business_registration, name, address, tel, `hour`, introduction, evaluation_score, reservation_accept, max_member, lat, lng, place_id, oper, status)
VALUES(13, 457698798, '사업자등록증13', '작', '서울특별시 강남구 역삼1동 640-11', '02-501-2342', '22:59:11', '전통주바', 0.0, 1, 20, 37.502342, 127.03462, '주점위치아이디13', 1, 1);
INSERT INTO store
(store_no, business_registration_no, business_registration, name, address, tel, `hour`, introduction, evaluation_score, reservation_accept, max_member, lat, lng, place_id, oper, status)
VALUES(14, 9879, '사업자등록증14', '한량블루스', '서울특별시 서초구 서초대로75길 45', '02-261-0817', '22:59:11', '와인바', 0.0, 1, 20, 37.50144, 127.02456, '주점위치아이디14', 1, 1);
INSERT INTO store
(store_no, business_registration_no, business_registration, name, address, tel, `hour`, introduction, evaluation_score, reservation_accept, max_member, lat, lng, place_id, oper, status)
VALUES(15, 7987, '사업자등록증15', '심야술집', '서울특별시 강남구 역삼동 테헤란로10길 25', '02-261-0817', '22:59:11', '혼술사케', 0.0, 1, 20, 37.497555, 127.03296, '주점위치아이디15', 1, 1);
INSERT INTO store
(store_no, business_registration_no, business_registration, name, address, tel, `hour`, introduction, evaluation_score, reservation_accept, max_member, lat, lng, place_id, oper, status)
VALUES(16, 34563650, '사업자등록증16', '너츠펍강남본점', '서울특별시 서초구 서초동 1337-6', '02-261-0817', '22:59:11', '호가든기네스맥주맛집', 0.0, 1, 20, 37.49115, 127.02914, '주점위치아이디16', 1, 1);
INSERT INTO store
(store_no, business_registration_no, business_registration, name, address, tel, `hour`, introduction, evaluation_score, reservation_accept, max_member, lat, lng, place_id, oper, status)
VALUES(17, 789798, '사업자등록증17', '휴일', '서울특별시 강남구 역삼동 830-9', '02-261-0817', '22:59:11', '와인바', 0.0, 1, 20, 37.494884, 127.03148, '주점위치아이디17', 1, 1);
INSERT INTO store
(store_no, business_registration_no, business_registration, name, address, tel, `hour`, introduction, evaluation_score, reservation_accept, max_member, lat, lng, place_id, oper, status)
VALUES(18, 98798, '사업자등록증18', '비놀릭(vinolic)', '서울특별시 강남구 역삼동 840-2', '02-261-0817', '22:59:11', '와인바', 0.0, 1, 20, 37.491215, 127.03545, '주점위치아이디18', 1, 1);
INSERT INTO store
(store_no, business_registration_no, business_registration, name, address, tel, `hour`, introduction, evaluation_score, reservation_accept, max_member, lat, lng, place_id, oper, status)
VALUES(19, 3, '사업자등록증19', '엠플라운지 라이브펍', '서울특별시 강남구 논현로 404', '02-261-0817', '22:59:11', '맥주집', 0.0, 1, 20, 37.496175, 127.039426, '주점위치아이디19', 1, 1);
INSERT INTO store
(store_no, business_registration_no, business_registration, name, address, tel, `hour`, introduction, evaluation_score, reservation_accept, max_member, lat, lng, place_id, oper, status)
VALUES(20, 34563650, '사업자등록증20', '노가리앤비어', '서울특별시 강남구 역삼동 797-3', '02-261-0817', '22:59:11', '술집', 0.0, 1, 20, 37.495021, 127.039459, '주점위치아이디20', 1, 1);
INSERT INTO store
(store_no, business_registration_no, business_registration, name, address, tel, `hour`, introduction, evaluation_score, reservation_accept, max_member, lat, lng, place_id, oper, status)
VALUES(21, 3, '사업자등록증21', '오시오실내포차', '서울특별시 강남구 역삼동 779-9', '02-261-0817', '22:59:11', '포차', 0.0, 1, 20, 37.495605, 127.04563, '주점위치아이디21', 1, 1);
INSERT INTO store
(store_no, business_registration_no, business_registration, name, address, tel, `hour`, introduction, evaluation_score, reservation_accept, max_member, lat, lng, place_id, oper, status)
VALUES(22, 7470780, '사업자등록증22', '경성주막1929 강남역점', '서울특별시 서초구 강남대로 439', '02-261-0817', '22:59:11', '술집', 0.0, 1, 20, 37.501503, 127.02529, '주점위치아이디22', 1, 1);
INSERT INTO store
(store_no, business_registration_no, business_registration, name, address, tel, `hour`, introduction, evaluation_score, reservation_accept, max_member, lat, lng, place_id, oper, status)
VALUES(23, 3, '사업자등록증23', '29 Pub Champion Masstige (No3)', '서울특별시 서초구 서초동 1304-5 3호점', '02-261-0817', '22:59:11', '양주맥주', 0.0, 1, 20, 37.501926, 127.02518, '주점위치아이디23', 1, 1);
INSERT INTO store
(store_no, business_registration_no, business_registration, name, address, tel, `hour`, introduction, evaluation_score, reservation_accept, max_member, lat, lng, place_id, oper, status)
VALUES(24, 34563650, '사업자등록증24', '크래프트한스 강남직역점 (Craft Hans)', '서울특별시 서초구 서초동 강남대로65길 7', '02-261-0817', '22:59:11', '맥주펍', 0.0, 1, 20, 37.500217, 127.02533, '주점위치아이디24', 1, 1);
INSERT INTO store
(store_no, business_registration_no, business_registration, name, address, tel, `hour`, introduction, evaluation_score, reservation_accept, max_member, lat, lng, place_id, oper, status)
VALUES(25, 7470780, '사업자등록증25', '아리네술상', '서울특별시 강남구 논현로94길 11', '02-261-0817', '22:59:11', '술집', 0.0, 1, 20, 37.502495, 127.037186, '주점위치아이디25', 1, 1);
INSERT INTO store
(store_no, business_registration_no, business_registration, name, address, tel, `hour`, introduction, evaluation_score, reservation_accept, max_member, lat, lng, place_id, oper, status)
VALUES(26, 3, '사업자등록증26', '상도', '서울특별시 강남구 역삼동 671-22', '02-261-0817', '22:59:11', '술집', 0.0, 1, 20, 37.503246, 127.03871, '주점위치아이디26', 1, 1);
INSERT INTO store
(store_no, business_registration_no, business_registration, name, address, tel, `hour`, introduction, evaluation_score, reservation_accept, max_member, lat, lng, place_id, oper, status)
VALUES(27, 7470780, '사업자등록증27', '브루웍스 파티역삼점', '서울특별시 강남구 역삼동 670-22 2층', '02-261-0817', '22:59:11', '맥주집', 0.0, 1, 20, 37.502834, 127.03799, '주점위치아이디27', 1, 1);
INSERT INTO store
(store_no, business_registration_no, business_registration, name, address, tel, `hour`, introduction, evaluation_score, reservation_accept, max_member, lat, lng, place_id, oper, status)
VALUES(28, 7470780, '사업자등록증28', '에이와이라운지', '서울특별시 강남구 강남대로92길 13', '02-261-0817', '22:59:11', '양주맥주', 0.0, 1, 20, 37.499016, 127.02852, '주점위치아이디28', 1, 1);
INSERT INTO store
(store_no, business_registration_no, business_registration, name, address, tel, `hour`, introduction, evaluation_score, reservation_accept, max_member, lat, lng, place_id, oper, status)
VALUES(29, 3, '사업자등록증29', '도리마틴', '서울특별시 강남구 역삼동 672-36', '02-261-0817', '22:59:11', '사케', 0.0, 1, 20, 37.50378, 127.039406, '주점위치아이디29', 1, 1);
INSERT INTO store
(store_no, business_registration_no, business_registration, name, address, tel, `hour`, introduction, evaluation_score, reservation_accept, max_member, lat, lng, place_id, oper, status)
VALUES(30, 7470780, '사업자등록증30', '노가리슈퍼 선릉점', '서울특별시 강남구 대치4동 900-7', '02-261-0817', '22:59:11', '술집', 0.0, 1, 20, 37.50217, 127.05227, '주점위치아이디30', 1, 1);


-- 사장님회원
INSERT INTO owner_member (mno,store_no,img,nickname,reg_date,update_date) VALUES (1,1,'사장님회원사진1','사장닉네임1','2022-03-18 17:49:43.0','2022-03-18 22:01:22.0');
INSERT INTO owner_member (mno,store_no,img,nickname,reg_date,update_date) VALUES (2,2,'사장님회원사진2','사장닉네임2','2022-03-18 17:49:43.0','2022-03-18 22:01:22.0');
INSERT INTO owner_member (mno,store_no,img,nickname,reg_date,update_date) VALUES (3,3,'사장님회원사진3','사장닉네임3','2022-03-18 17:49:43.0','2022-03-18 22:01:22.0');
INSERT INTO owner_member (mno,store_no,img,nickname,reg_date,update_date) VALUES (4,4,'사장님회원사진4','사장닉네임4','2022-03-18 17:49:43.0','2022-03-18 22:01:22.0');
INSERT INTO owner_member (mno,store_no,img,nickname,reg_date,update_date) VALUES (5,5,'사장님회원사진5','사장닉네임5','2022-03-18 17:49:43.0','2022-03-18 22:01:22.0');
INSERT INTO owner_member (mno,store_no,img,nickname,reg_date,update_date) VALUES (6,6,'사장님회원사진6','사장닉네임6','2022-03-18 22:01:22.0','2022-03-18 22:01:22.0');
INSERT INTO owner_member (mno,store_no,img,nickname,reg_date,update_date) VALUES (7,7,'사장님회원사진7','사장닉네임7','2022-03-18 22:01:22.0','2022-03-18 22:01:22.0');
INSERT INTO owner_member (mno,store_no,img,nickname,reg_date,update_date) VALUES (8,8,'사장님회원사진8','사장닉네임8','2022-03-18 22:01:22.0','2022-03-18 22:01:22.0');
INSERT INTO owner_member (mno,store_no,img,nickname,reg_date,update_date) VALUES (9,9,'사장님회원사진9','사장닉네임9','2022-03-18 22:01:22.0','2022-03-18 22:01:22.0');
INSERT INTO owner_member (mno,store_no,img,nickname,reg_date,update_date) VALUES (10,10,'사장님회원사진10','사장닉네임10','2022-03-18 22:01:22.0','2022-03-18 22:01:22.0');
INSERT INTO owner_member (mno,store_no,img,nickname,reg_date,update_date) VALUES (11,11,'사장님회원사진11','사장닉네임11','2022-03-18 22:01:22.0','2022-03-18 22:01:22.0');
INSERT INTO owner_member (mno,store_no,img,nickname,reg_date,update_date) VALUES (12,12,'사장님회원사진12','사장닉네임12','2022-03-18 22:01:22.0','2022-03-18 22:01:22.0');
INSERT INTO owner_member (mno,store_no,img,nickname,reg_date,update_date) VALUES (13,13,'사장님회원사진13','사장닉네임13','2022-03-18 22:01:22.0','2022-03-18 22:01:22.0');
INSERT INTO owner_member (mno,store_no,img,nickname,reg_date,update_date) VALUES (14,14,'사장님회원사진14','사장닉네임14','2022-03-18 22:01:22.0','2022-03-18 22:01:22.0');
INSERT INTO owner_member (mno,store_no,img,nickname,reg_date,update_date) VALUES (15,15,'사장님회원사진15','사장닉네임15','2022-03-18 22:01:22.0','2022-03-18 22:01:22.0');
INSERT INTO owner_member (mno,store_no,img,nickname,reg_date,update_date) VALUES (16,16,'사장님회원사진16','사장닉네임16','2022-03-18 22:01:22.0','2022-03-18 22:01:22.0');
INSERT INTO owner_member (mno,store_no,img,nickname,reg_date,update_date) VALUES (17,17,'사장님회원사진17','사장닉네임17','2022-03-18 22:01:22.0','2022-03-18 22:01:22.0');
INSERT INTO owner_member (mno,store_no,img,nickname,reg_date,update_date) VALUES (18,18,'사장님회원사진18','사장닉네임18','2022-03-18 22:01:22.0','2022-03-18 22:01:22.0');
INSERT INTO owner_member (mno,store_no,img,nickname,reg_date,update_date) VALUES (19,19,'사장님회원사진19','사장닉네임19','2022-03-18 22:01:22.0','2022-03-18 22:01:22.0');
INSERT INTO owner_member (mno,store_no,img,nickname,reg_date,update_date) VALUES (20,20,'사장님회원사진20','사장닉네임20','2022-03-18 22:01:22.0','2022-03-18 22:01:22.0');
INSERT INTO owner_member (mno,store_no,img,nickname,reg_date,update_date) VALUES (21,21,'사장님회원사진21','사장닉네임21','2022-03-18 22:01:22.0','2022-03-18 22:01:22.0');
INSERT INTO owner_member (mno,store_no,img,nickname,reg_date,update_date) VALUES (22,22,'사장님회원사진22','사장닉네임22','2022-03-18 22:01:22.0','2022-03-18 22:01:22.0');
INSERT INTO owner_member (mno,store_no,img,nickname,reg_date,update_date) VALUES (23,23,'사장님회원사진23','사장닉네임23','2022-03-18 22:01:22.0','2022-03-18 22:01:22.0');
INSERT INTO owner_member (mno,store_no,img,nickname,reg_date,update_date) VALUES (24,24,'사장님회원사진24','사장닉네임24','2022-03-18 22:01:22.0','2022-03-18 22:01:22.0');
INSERT INTO owner_member (mno,store_no,img,nickname,reg_date,update_date) VALUES (25,25,'사장님회원사진25','사장닉네임25','2022-03-18 22:01:22.0','2022-03-18 22:01:22.0');
INSERT INTO owner_member (mno,store_no,img,nickname,reg_date,update_date) VALUES (26,26,'사장님회원사진26','사장닉네임26','2022-03-18 22:01:22.0','2022-03-18 22:01:22.0');
INSERT INTO owner_member (mno,store_no,img,nickname,reg_date,update_date) VALUES (27,27,'사장님회원사진27','사장닉네임27','2022-03-18 22:01:22.0','2022-03-18 22:01:22.0');
INSERT INTO owner_member (mno,store_no,img,nickname,reg_date,update_date) VALUES (28,28,'사장님회원사진28','사장닉네임28','2022-03-18 22:01:22.0','2022-03-18 22:01:22.0');
INSERT INTO owner_member (mno,store_no,img,nickname,reg_date,update_date) VALUES (29,29,'사장님회원사진29','사장닉네임29','2022-03-18 22:01:22.0','2022-03-18 22:01:22.0');
INSERT INTO owner_member (mno,store_no,img,nickname,reg_date,update_date) VALUES (30,30,'사장님회원사진30','사장닉네임30','2022-03-18 22:01:22.0','2022-03-18 22:01:22.0');

-- 주종
INSERT INTO alcohol_type (alcohol_type_no,type_name) VALUES (1,'소주');
INSERT INTO alcohol_type (alcohol_type_no,type_name) VALUES (2,'맥주');
INSERT INTO alcohol_type (alcohol_type_no,type_name) VALUES (3,'와인');
INSERT INTO alcohol_type (alcohol_type_no,type_name) VALUES (4,'막걸리');
INSERT INTO alcohol_type (alcohol_type_no,type_name) VALUES (5,'양주');
INSERT INTO alcohol_type (alcohol_type_no,type_name) VALUES (6,'사케');
INSERT INTO alcohol_type (alcohol_type_no,type_name) VALUES (7,'전통주');
INSERT INTO alcohol_type (alcohol_type_no,type_name) VALUES (8,'기타');

--술
INSERT INTO alcohol_detail
(alcohol_detail_no, alcohol_type_no, name, `degree`, brand, origin, volume, characteristic, img)
VALUES(1, 1, '참이슬 후레쉬', 16.5, '하이트진로', '대한민국', 360, '대나무 숯으로 4번 걸러 더 깨끗한 목넘김과 이슬형태의 곡선 라벨로 더욱 트렌디해진 참이슬fresh 입니다.', 'alcoholimg/alcohol1.png');
INSERT INTO alcohol_detail
(alcohol_detail_no, alcohol_type_no, name, `degree`, brand, origin, volume, characteristic, img)
VALUES(2, 1, '참이슬 오리지널', 20.1, '하이트진로', '대한민국', 360, '대한민국 소주의 정통성을 지켜온 정통소주로서 대나무 숯으로 4번 걸러,
숙취 유발 물질을 깨끗하게 제거하고 레귤러 대비 높은 도수로, 깊고 진한 맛을
구현해 진짜 소주의 참맛을 아는 소비자들에게 꾸준히 사랑받는 제품입니다.', 'alcoholimg/alcohol2.png');
INSERT INTO alcohol_detail
(alcohol_detail_no, alcohol_type_no, name, `degree`, brand, origin, volume, characteristic, img)
VALUES(3, 1, '진로이즈백', 16.5, '하이트진로', '대한민국', 360, '진로만이 가지고 있는 No.1 헤리티지를 재해석하여 스카이 블루 색상의 병과
은색 트위스트 캡으로 복원하였습니다. 편한 음용감을 즐기는 20대를 위해
16.5도의 순하고 부드러운 목넘김, 마실수록 깔끔한 맛을 구현했습니다.', 'alcoholimg/alcohol3.png');
INSERT INTO alcohol_detail
(alcohol_detail_no, alcohol_type_no, name, `degree`, brand, origin, volume, characteristic, img)
VALUES(4, 1, '일품진로', 25.0, '하이트진로', '대한민국', 375, '증류의 처음과 마지막에 나오는 원액은 과감히 버리고 향과 풍미가 뛰어난 중간 원액만을 사용하였으며 냉동여과공법으로 영하의 온도에서 잡미, 불순물을 제거하여 깔끔하고 부드러운 목넘김과 은은한 맛을 구연하였습니다.
', 'alcoholimg/alcohol4.png');
INSERT INTO alcohol_detail
(alcohol_detail_no, alcohol_type_no, name, `degree`, brand, origin, volume, characteristic, img)
VALUES(5, 1, '처음처럼', 16.5, '롯데칠성', '대한민국', 360, '''처음처럼''은 소주 원료의 80%가량을 차지하는 물을 ''알칼리 환원수''로 바꾸고, ''물 입자가 작아 목 넘김이 부드러운 소주'', ''세계 최초 알칼리 환원수 소주''임을 강조하며 단기간에 ''명품 소주''로 자리매김했다.', 'alcoholimg/alcohol5.png');
INSERT INTO alcohol_detail
(alcohol_detail_no, alcohol_type_no, name, `degree`, brand, origin, volume, characteristic, img)
VALUES(6, 1, '한라산17', 17.0, '한라산소주', '대한민국', 375, '국내 생산 쌀을 발효 증류한 증류식 소주원액의 거친 향과 잡맛을 제거하기 위해 0도 이하에서 냉각하는 최첨단 냉각공법(Chilling Process)과 고품질의 활성탄으로 초순도 탈취를 하여 In Line Blender 공법으로 세밀하고 균일하게 블랜딩(Blending)시킨 후 청정 제주 한라산 800고지에서 자생하는 조릿대 잎차 침출액이 첨가되어 순하고 목넘김이 부드러운 저도수 소주입니다.', 'alcoholimg/alcohol6.png');
INSERT INTO alcohol_detail
(alcohol_detail_no, alcohol_type_no, name, `degree`, brand, origin, volume, characteristic, img)
VALUES(7, 1, '한라산21', 21.0, '한라산소주', '대한민국', 375, '청정 제주에서 생산된 쌀로 만든 증류원액과 화산암반수로 만든 프리미엄 소주입니다. 특히 알칼리성 화산암반수를 지하에서 뽑아 올려 미네랄 용존산소가 풍부한 청정수를 화학처리를 거치지 않고 자연수 상태로 사용합니다. 연속식 증류방식으로 만들어진 고순도 주정에 청정 제주의 쌀로 만든 증류원액과 기능성식품인 올리고당과 숙취해소에 좋은 아스파라긴을 첨가한 후  In Line Blender 공법으로 블랜딩하고 초정밀 여과처리로 첫 느낌이 부드럽고 뒤끝이 깨끗한 소주입니다. 1950년의 한일소주의 명맥을 잇는 소주로 1993년 출시 현재까지 소주 애호가들의 변함없는 사랑을 받아오고 있습니다.', 'alcoholimg/alcohol7.png');
INSERT INTO alcohol_detail
(alcohol_detail_no, alcohol_type_no, name, `degree`, brand, origin, volume, characteristic, img)
VALUES(8, 1, '좋은데이', 16.5, '무학', '대한민국', 360, '당류를 과감하게 없애고 최고급 천연 감미료인 토마틴과 효소처리스테비아를 사용하여 설탕과 과당 사용 없이도 기분 좋은 깔끔한 맛을 구현, 버블형태의 활성산소가 주류탱크 안에 주입되어 72시간 동안 물과 알코올의 결합력을 놓이는 과정을 거쳐 술 맛을 더욱 부드럽게 구현하였습니다.', 'alcoholimg/alcohol8.png');
INSERT INTO alcohol_detail
(alcohol_detail_no, alcohol_type_no, name, `degree`, brand, origin, volume, characteristic, img)
VALUES(9, 2, '카스fresh', 4.5, '카스', '대한민국', 330, '올 뉴 카스 프레시는 카스만의 콜드브루 공법을 통해 맥주의 상쾌함과 깔끔한 맛을 한층 더 극대화하였습니다. 톡 쏘고 상쾌한 맛으로 대한민국에서 가장 사랑받는 카스 프레시는 여러분의 인생 곳곳의 즐거운 순간들과 함께했을 때 가장 맛있게 즐길 수 있는 맥주로 새롭게 돌아왔습니다.', 'alcoholimg/alcohol9.png');
INSERT INTO alcohol_detail
(alcohol_detail_no, alcohol_type_no, name, `degree`, brand, origin, volume, characteristic, img)
VALUES(10, 2, '테라', 4.6, '하이트진로', '대한민국', 330, '세계 공기질 부문 1위 호주에서 자란 청정맥아와 오직 발효공정에서 나오는 리얼탄산을 100% 사용하여 거품은 조밀하고 탄산은 오래 지속됩니다. 국내 레귤러 라거 최초 Green Bottle을 적용하였고, 토네이도 패턴을 통해 눈으로 보는 청량감을 구현하였습니다.', 'alcoholimg/alcohol10.png');
INSERT INTO alcohol_detail
(alcohol_detail_no, alcohol_type_no, name, `degree`, brand, origin, volume, characteristic, img)
VALUES(11, 2, '산미구엘', 5.0, '산미구엘', '필리핀', 320, '숙성된듯한 진한 맛이 느껴지는 깔끔한 맥주. 약간의 신맛과 달콤한 맛이 느껴진다.', 'alcoholimg/alcohol11.png');
INSERT INTO alcohol_detail
(alcohol_detail_no, alcohol_type_no, name, `degree`, brand, origin, volume, characteristic, img)
VALUES(12, 2, '하이네켄 오리지널', 5.0, '하이네켄', '네덜란드', 330, '소맥맛에 좀더 쓴 맛이다. 정제된 쌉쌀함의 목넘김과 묵직한 뒷맛이 그나마 대량 생산된 라거 맥주 중에서는 특별한 느낌이다. 하이네켄에서 자체적으로 선정하는 스타서브 프로그램의 순위권 매장에서 하이네켄 생맥주를 마셔보면 미묘하게 벌꿀향이 나는 것을 맡을 수 있다.', 'alcoholimg/alcohol12.png');
INSERT INTO alcohol_detail
(alcohol_detail_no, alcohol_type_no, name, `degree`, brand, origin, volume, characteristic, img)
VALUES(13, 2, '칭다오 맥주', 4.7, '칭다오', '중국', 640, ' 씁쓸한 맛이 적고 달싹하면서도 시원한 청량감을 주는 맛', 'alcoholimg/alcohol13.png');
INSERT INTO alcohol_detail
(alcohol_detail_no, alcohol_type_no, name, `degree`, brand, origin, volume, characteristic, img)
VALUES(14, 2, '아사히 수퍼드라이', 5.2, '아사히', '일본', 330, '일본에서 가장 많이 팔리는 아사히 수퍼드라이 맥주 ', 'alcoholimg/alcohol14.png');
INSERT INTO alcohol_detail
(alcohol_detail_no, alcohol_type_no, name, `degree`, brand, origin, volume, characteristic, img)
VALUES(15, 2, '버드와이저', 5.0, '앤하이저부시', '미국', 330, '미국을 대표하는 맥주로, 매년 미국에서 판매량 1위를 놓치지 않는 앤하이저부시의 대표적인 상품', 'alcoholimg/alcohol15.png');
INSERT INTO alcohol_detail
(alcohol_detail_no, alcohol_type_no, name, `degree`, brand, origin, volume, characteristic, img)
VALUES(16, 3, '와인1', 8.7, '브랜드16', '원산지16', 116, '특징소개16', 'alcoholimg/alcoho16.png');
INSERT INTO alcohol_detail
(alcohol_detail_no, alcohol_type_no, name, `degree`, brand, origin, volume, characteristic, img)
VALUES(17, 3, '와인2', 16.5, '브랜드17', '원산지17', 117, '특징소개17', 'alcoholimg/alcohol17.png');
INSERT INTO alcohol_detail
(alcohol_detail_no, alcohol_type_no, name, `degree`, brand, origin, volume, characteristic, img)
VALUES(18, 3, '와인3', 16.5, '브랜드18', '원산지18', 118, '특징소개18', 'alcoholimg/alcoho18.png');
INSERT INTO alcohol_detail
(alcohol_detail_no, alcohol_type_no, name, `degree`, brand, origin, volume, characteristic, img)
VALUES(19, 4, '막걸리1', 16.5, '브랜드19', '원산지19', 119, '특징소개19', 'alcoholimg/alcoho19.png');
INSERT INTO alcohol_detail
(alcohol_detail_no, alcohol_type_no, name, `degree`, brand, origin, volume, characteristic, img)
VALUES(20, 4, '막걸리2', 16.5, '브랜드20', '원산지20', 120, '특징소개20', 'alcoholimg/alcohol20.png');
INSERT INTO alcohol_detail
(alcohol_detail_no, alcohol_type_no, name, `degree`, brand, origin, volume, characteristic, img)
VALUES(21, 4, '막걸리3', 16.5, '브랜드21', '원산지21', 121, '특징소개21', 'alcoholimg/alcohol21.png');
INSERT INTO alcohol_detail
(alcohol_detail_no, alcohol_type_no, name, `degree`, brand, origin, volume, characteristic, img)
VALUES(22, 5, '처음처럼', 16.5, '브랜드22', '원산지22', 122, '특징소개22', 'alcoholimg/alcohol22.png');
INSERT INTO alcohol_detail
(alcohol_detail_no, alcohol_type_no, name, `degree`, brand, origin, volume, characteristic, img)
VALUES(23, 5, '양주2', 16.5, '브랜드23', '원산지23', 123, '특징소개23', 'alcoholimg/alcohol23.png');
INSERT INTO alcohol_detail
(alcohol_detail_no, alcohol_type_no, name, `degree`, brand, origin, volume, characteristic, img)
VALUES(24, 5, '양주3', 16.5, '브랜드24', '원산지24', 124, '특징소개24', 'alcoholimg/alcohol24.png');
INSERT INTO alcohol_detail
(alcohol_detail_no, alcohol_type_no, name, `degree`, brand, origin, volume, characteristic, img)
VALUES(25, 6, '사케1', 16.5, '브랜드25', '원산지25', 125, '특징소개25', 'alcoholimg/alcohol25.png');
INSERT INTO alcohol_detail
(alcohol_detail_no, alcohol_type_no, name, `degree`, brand, origin, volume, characteristic, img)
VALUES(26, 6, '사케2', 16.5, '브랜드26', '원산지26', 126, '특징소개26', 'alcoholimg/alcohol26.png');
INSERT INTO alcohol_detail
(alcohol_detail_no, alcohol_type_no, name, `degree`, brand, origin, volume, characteristic, img)
VALUES(27, 6, '사케3', 16.5, '브랜드27', '원산지27', 127, '특징소개27', 'alcoholimg/alcohol27.png');
INSERT INTO alcohol_detail
(alcohol_detail_no, alcohol_type_no, name, `degree`, brand, origin, volume, characteristic, img)
VALUES(28, 7, '전통주1', 16.5, '브랜드28', '원산지28', 128, '특징소개28', 'alcoholimg/alcohol28.png');
INSERT INTO alcohol_detail
(alcohol_detail_no, alcohol_type_no, name, `degree`, brand, origin, volume, characteristic, img)
VALUES(29, 7, '전통주2', 16.5, '브랜드29', '원산지29', 129, '특징소개29', 'alcoholimg/alcohol29.png');
INSERT INTO alcohol_detail
(alcohol_detail_no, alcohol_type_no, name, `degree`, brand, origin, volume, characteristic, img)
VALUES(30, 8, '기타술1', 16.5, '브랜드30', '원산지30', 130, '특징소개30', 'alcoholimg/alcohol30.png');
INSERT INTO alcohol_detail
(alcohol_detail_no, alcohol_type_no, name, `degree`, brand, origin, volume, characteristic, img)
VALUES(31, 1, '참이슬 후레쉬', 16.5, '하이트진로', '대한민국', 360, '대나무 숯으로 4번 걸러 더 깨끗한 목넘김과 이슬형태의 곡선 라벨로 더욱 트렌디해진 참이슬fresh 입니다.', 'alcoholimg/alcohol1.png');
INSERT INTO alcohol_detail
(alcohol_detail_no, alcohol_type_no, name, `degree`, brand, origin, volume, characteristic, img)
VALUES(32, 1, '참이슬 오리지널', 20.1, '하이트진로', '대한민국', 360, '대한민국 소주의 정통성을 지켜온 정통소주로서 대나무 숯으로 4번 걸러,
숙취 유발 물질을 깨끗하게 제거하고 레귤러 대비 높은 도수로, 깊고 진한 맛을
구현해 진짜 소주의 참맛을 아는 소비자들에게 꾸준히 사랑받는 제품입니다.', 'alcoholimg/alcohol2.png');
INSERT INTO alcohol_detail
(alcohol_detail_no, alcohol_type_no, name, `degree`, brand, origin, volume, characteristic, img)
VALUES(33, 1, '진로이즈백', 16.5, '하이트진로', '대한민국', 360, '진로만이 가지고 있는 No.1 헤리티지를 재해석하여 스카이 블루 색상의 병과
은색 트위스트 캡으로 복원하였습니다. 편한 음용감을 즐기는 20대를 위해
16.5도의 순하고 부드러운 목넘김, 마실수록 깔끔한 맛을 구현했습니다.', 'alcoholimg/alcohol3.png');
INSERT INTO alcohol_detail
(alcohol_detail_no, alcohol_type_no, name, `degree`, brand, origin, volume, characteristic, img)
VALUES(34, 1, '일품진로', 25.0, '하이트진로', '대한민국', 375, '증류의 처음과 마지막에 나오는 원액은 과감히 버리고 향과 풍미가 뛰어난 중간 원액만을 사용하였으며 냉동여과공법으로 영하의 온도에서 잡미, 불순물을 제거하여 깔끔하고 부드러운 목넘김과 은은한 맛을 구연하였습니다.
', 'alcoholimg/alcohol4.png');
INSERT INTO alcohol_detail
(alcohol_detail_no, alcohol_type_no, name, `degree`, brand, origin, volume, characteristic, img)
VALUES(35, 1, '처음처럼', 16.5, '롯데칠성', '대한민국', 360, '''처음처럼''은 소주 원료의 80%가량을 차지하는 물을 ''알칼리 환원수''로 바꾸고, ''물 입자가 작아 목 넘김이 부드러운 소주'', ''세계 최초 알칼리 환원수 소주''임을 강조하며 단기간에 ''명품 소주''로 자리매김했다.', 'alcoholimg/alcohol5.png');
INSERT INTO alcohol_detail
(alcohol_detail_no, alcohol_type_no, name, `degree`, brand, origin, volume, characteristic, img)
VALUES(36, 1, '한라산17', 17.0, '한라산소주', '대한민국', 375, '국내 생산 쌀을 발효 증류한 증류식 소주원액의 거친 향과 잡맛을 제거하기 위해 0도 이하에서 냉각하는 최첨단 냉각공법(Chilling Process)과 고품질의 활성탄으로 초순도 탈취를 하여 In Line Blender 공법으로 세밀하고 균일하게 블랜딩(Blending)시킨 후 청정 제주 한라산 800고지에서 자생하는 조릿대 잎차 침출액이 첨가되어 순하고 목넘김이 부드러운 저도수 소주입니다.', 'alcoholimg/alcohol6.png');
INSERT INTO alcohol_detail
(alcohol_detail_no, alcohol_type_no, name, `degree`, brand, origin, volume, characteristic, img)
VALUES(37, 1, '한라산21', 21.0, '한라산소주', '대한민국', 375, '청정 제주에서 생산된 쌀로 만든 증류원액과 화산암반수로 만든 프리미엄 소주입니다. 특히 알칼리성 화산암반수를 지하에서 뽑아 올려 미네랄 용존산소가 풍부한 청정수를 화학처리를 거치지 않고 자연수 상태로 사용합니다. 연속식 증류방식으로 만들어진 고순도 주정에 청정 제주의 쌀로 만든 증류원액과 기능성식품인 올리고당과 숙취해소에 좋은 아스파라긴을 첨가한 후  In Line Blender 공법으로 블랜딩하고 초정밀 여과처리로 첫 느낌이 부드럽고 뒤끝이 깨끗한 소주입니다. 1950년의 한일소주의 명맥을 잇는 소주로 1993년 출시 현재까지 소주 애호가들의 변함없는 사랑을 받아오고 있습니다.', 'alcoholimg/alcohol7.png');
INSERT INTO alcohol_detail
(alcohol_detail_no, alcohol_type_no, name, `degree`, brand, origin, volume, characteristic, img)
VALUES(38, 1, '좋은데이', 16.5, '무학', '대한민국', 360, '당류를 과감하게 없애고 최고급 천연 감미료인 토마틴과 효소처리스테비아를 사용하여 설탕과 과당 사용 없이도 기분 좋은 깔끔한 맛을 구현, 버블형태의 활성산소가 주류탱크 안에 주입되어 72시간 동안 물과 알코올의 결합력을 놓이는 과정을 거쳐 술 맛을 더욱 부드럽게 구현하였습니다.', 'alcoholimg/alcohol8.png');
INSERT INTO alcohol_detail
(alcohol_detail_no, alcohol_type_no, name, `degree`, brand, origin, volume, characteristic, img)
VALUES(39, 2, '카스fresh', 4.5, '카스', '대한민국', 330, '올 뉴 카스 프레시는 카스만의 콜드브루 공법을 통해 맥주의 상쾌함과 깔끔한 맛을 한층 더 극대화하였습니다. 톡 쏘고 상쾌한 맛으로 대한민국에서 가장 사랑받는 카스 프레시는 여러분의 인생 곳곳의 즐거운 순간들과 함께했을 때 가장 맛있게 즐길 수 있는 맥주로 새롭게 돌아왔습니다.', 'alcoholimg/alcohol9.png');
INSERT INTO alcohol_detail
(alcohol_detail_no, alcohol_type_no, name, `degree`, brand, origin, volume, characteristic, img)
VALUES(40, 2, '테라', 4.6, '하이트진로', '대한민국', 330, '세계 공기질 부문 1위 호주에서 자란 청정맥아와 오직 발효공정에서 나오는 리얼탄산을 100% 사용하여 거품은 조밀하고 탄산은 오래 지속됩니다. 국내 레귤러 라거 최초 Green Bottle을 적용하였고, 토네이도 패턴을 통해 눈으로 보는 청량감을 구현하였습니다.', 'alcoholimg/alcohol10.png');
INSERT INTO alcohol_detail
(alcohol_detail_no, alcohol_type_no, name, `degree`, brand, origin, volume, characteristic, img)
VALUES(41, 2, '산미구엘', 5.0, '산미구엘', '필리핀', 320, '숙성된듯한 진한 맛이 느껴지는 깔끔한 맥주. 약간의 신맛과 달콤한 맛이 느껴진다.', 'alcoholimg/alcohol11.png');
INSERT INTO alcohol_detail
(alcohol_detail_no, alcohol_type_no, name, `degree`, brand, origin, volume, characteristic, img)
VALUES(42, 2, '하이네켄 오리지널', 5.0, '하이네켄', '네덜란드', 330, '소맥맛에 좀더 쓴 맛이다. 정제된 쌉쌀함의 목넘김과 묵직한 뒷맛이 그나마 대량 생산된 라거 맥주 중에서는 특별한 느낌이다. 하이네켄에서 자체적으로 선정하는 스타서브 프로그램의 순위권 매장에서 하이네켄 생맥주를 마셔보면 미묘하게 벌꿀향이 나는 것을 맡을 수 있다.', 'alcoholimg/alcohol12.png');
INSERT INTO alcohol_detail
(alcohol_detail_no, alcohol_type_no, name, `degree`, brand, origin, volume, characteristic, img)
VALUES(43, 2, '칭다오 맥주', 4.7, '칭다오', '중국', 640, ' 씁쓸한 맛이 적고 달싹하면서도 시원한 청량감을 주는 맛', 'alcoholimg/alcohol13.png');
INSERT INTO alcohol_detail
(alcohol_detail_no, alcohol_type_no, name, `degree`, brand, origin, volume, characteristic, img)
VALUES(44, 2, '아사히 수퍼드라이', 5.2, '아사히', '일본', 330, '일본에서 가장 많이 팔리는 아사히 수퍼드라이 맥주 ', 'alcoholimg/alcohol14.png');
INSERT INTO alcohol_detail
(alcohol_detail_no, alcohol_type_no, name, `degree`, brand, origin, volume, characteristic, img)
VALUES(45, 2, '버드와이저', 5.0, '앤하이저부시', '미국', 330, '미국을 대표하는 맥주로, 매년 미국에서 판매량 1위를 놓치지 않는 앤하이저부시의 대표적인 상품', 'alcoholimg/alcohol15.png');
INSERT INTO alcohol_detail
(alcohol_detail_no, alcohol_type_no, name, `degree`, brand, origin, volume, characteristic, img)
VALUES(46, 3, '와인1', 8.7, '브랜드16', '원산지16', 116, '특징소개16', 'alcoholimg/alcoho16.png');
INSERT INTO alcohol_detail
(alcohol_detail_no, alcohol_type_no, name, `degree`, brand, origin, volume, characteristic, img)
VALUES(47, 3, '와인2', 16.5, '브랜드17', '원산지17', 117, '특징소개17', 'alcoholimg/alcohol17.png');
INSERT INTO alcohol_detail
(alcohol_detail_no, alcohol_type_no, name, `degree`, brand, origin, volume, characteristic, img)
VALUES(48, 3, '와인3', 16.5, '브랜드18', '원산지18', 118, '특징소개18', 'alcoholimg/alcoho18.png');
INSERT INTO alcohol_detail
(alcohol_detail_no, alcohol_type_no, name, `degree`, brand, origin, volume, characteristic, img)
VALUES(49, 4, '막걸리1', 16.5, '브랜드19', '원산지19', 119, '특징소개19', 'alcoholimg/alcoho19.png');
INSERT INTO alcohol_detail
(alcohol_detail_no, alcohol_type_no, name, `degree`, brand, origin, volume, characteristic, img)
VALUES(50, 4, '막걸리2', 16.5, '브랜드20', '원산지20', 120, '특징소개20', 'alcoholimg/alcohol20.png');
INSERT INTO alcohol_detail
(alcohol_detail_no, alcohol_type_no, name, `degree`, brand, origin, volume, characteristic, img)
VALUES(51, 4, '막걸리3', 16.5, '브랜드21', '원산지21', 121, '특징소개21', 'alcoholimg/alcohol21.png');
INSERT INTO alcohol_detail
(alcohol_detail_no, alcohol_type_no, name, `degree`, brand, origin, volume, characteristic, img)
VALUES(52, 5, '처음처럼', 16.5, '브랜드22', '원산지22', 122, '특징소개22', 'alcoholimg/alcohol22.png');
INSERT INTO alcohol_detail
(alcohol_detail_no, alcohol_type_no, name, `degree`, brand, origin, volume, characteristic, img)
VALUES(53, 5, '양주2', 16.5, '브랜드23', '원산지23', 123, '특징소개23', 'alcoholimg/alcohol23.png');
INSERT INTO alcohol_detail
(alcohol_detail_no, alcohol_type_no, name, `degree`, brand, origin, volume, characteristic, img)
VALUES(54, 5, '양주3', 16.5, '브랜드24', '원산지24', 124, '특징소개24', 'alcoholimg/alcohol24.png');
INSERT INTO alcohol_detail
(alcohol_detail_no, alcohol_type_no, name, `degree`, brand, origin, volume, characteristic, img)
VALUES(55, 6, '사케1', 16.5, '브랜드25', '원산지25', 125, '특징소개25', 'alcoholimg/alcohol25.png');
INSERT INTO alcohol_detail
(alcohol_detail_no, alcohol_type_no, name, `degree`, brand, origin, volume, characteristic, img)
VALUES(56, 6, '사케2', 16.5, '브랜드26', '원산지26', 126, '특징소개26', 'alcoholimg/alcohol26.png');
INSERT INTO alcohol_detail
(alcohol_detail_no, alcohol_type_no, name, `degree`, brand, origin, volume, characteristic, img)
VALUES(57, 6, '사케3', 16.5, '브랜드27', '원산지27', 127, '특징소개27', 'alcoholimg/alcohol27.png');
INSERT INTO alcohol_detail
(alcohol_detail_no, alcohol_type_no, name, `degree`, brand, origin, volume, characteristic, img)
VALUES(58, 7, '전통주1', 16.5, '브랜드28', '원산지28', 128, '특징소개28', 'alcoholimg/alcohol28.png');
INSERT INTO alcohol_detail
(alcohol_detail_no, alcohol_type_no, name, `degree`, brand, origin, volume, characteristic, img)
VALUES(59, 7, '전통주2', 16.5, '브랜드29', '원산지29', 129, '특징소개29', 'alcoholimg/alcohol29.png');
INSERT INTO alcohol_detail
(alcohol_detail_no, alcohol_type_no, name, `degree`, brand, origin, volume, characteristic, img)
VALUES(60, 8, '기타술1', 16.5, '브랜드30', '원산지30', 130, '특징소개30', 'alcoholimg/alcohol30.png');


-- 주점판매술
INSERT INTO alcohol_sales (store_no,alcohol_detail_no,price) VALUES (1,1,1000);
INSERT INTO alcohol_sales (store_no,alcohol_detail_no,price) VALUES (1,2,2000);
INSERT INTO alcohol_sales (store_no,alcohol_detail_no,price) VALUES (1,3,3000);
INSERT INTO alcohol_sales (store_no,alcohol_detail_no,price) VALUES (1,4,4000);
INSERT INTO alcohol_sales (store_no,alcohol_detail_no,price) VALUES (2,1,5000);
INSERT INTO alcohol_sales (store_no,alcohol_detail_no,price) VALUES (2,3,6000);
INSERT INTO alcohol_sales (store_no,alcohol_detail_no,price) VALUES (2,5,7000);
INSERT INTO alcohol_sales (store_no,alcohol_detail_no,price) VALUES (2,7,8000);
INSERT INTO alcohol_sales (store_no,alcohol_detail_no,price) VALUES (3,2,9000);
INSERT INTO alcohol_sales (store_no,alcohol_detail_no,price) VALUES (3,4,12000);
INSERT INTO alcohol_sales (store_no,alcohol_detail_no,price) VALUES (3,5,11000);
INSERT INTO alcohol_sales (store_no,alcohol_detail_no,price) VALUES (3,8,10000);
INSERT INTO alcohol_sales (store_no,alcohol_detail_no,price) VALUES (4,5,13000);
INSERT INTO alcohol_sales (store_no,alcohol_detail_no,price) VALUES (4,6,14000);
INSERT INTO alcohol_sales (store_no,alcohol_detail_no,price) VALUES (4,7,15000);
INSERT INTO alcohol_sales (store_no,alcohol_detail_no,price) VALUES (4,9,16000);
INSERT INTO alcohol_sales (store_no,alcohol_detail_no,price) VALUES (5,1,17000);
INSERT INTO alcohol_sales (store_no,alcohol_detail_no,price) VALUES (5,2,18000);
INSERT INTO alcohol_sales (store_no,alcohol_detail_no,price) VALUES (5,4,20000);
INSERT INTO alcohol_sales (store_no,alcohol_detail_no,price) VALUES (5,26,19000);
INSERT INTO alcohol_sales (store_no,alcohol_detail_no,price) VALUES (6,5,21000);
INSERT INTO alcohol_sales (store_no,alcohol_detail_no,price) VALUES (6,6,22000);
INSERT INTO alcohol_sales (store_no,alcohol_detail_no,price) VALUES (6,7,23000);
INSERT INTO alcohol_sales (store_no,alcohol_detail_no,price) VALUES (6,8,24000);
INSERT INTO alcohol_sales (store_no,alcohol_detail_no,price) VALUES (7,1,26000);
INSERT INTO alcohol_sales (store_no,alcohol_detail_no,price) VALUES (7,2,27000);
INSERT INTO alcohol_sales (store_no,alcohol_detail_no,price) VALUES (7,3,28000);
INSERT INTO alcohol_sales (store_no,alcohol_detail_no,price) VALUES (7,9,25000);
INSERT INTO alcohol_sales (store_no,alcohol_detail_no,price) VALUES (8,4,29000);
INSERT INTO alcohol_sales (store_no,alcohol_detail_no,price) VALUES (8,5,30000);


-- 주점사진
INSERT INTO store_img
(store_img_no, store_no, img)
VALUES(1, 1, 'img/storelist1.jpg');
INSERT INTO store_img
(store_img_no, store_no, img)
VALUES(2, 2, 'img/storelist2.jpg');
INSERT INTO store_img
(store_img_no, store_no, img)
VALUES(3, 3, 'img/storelist3.jpg');
INSERT INTO store_img
(store_img_no, store_no, img)
VALUES(4, 4, 'img/storelist4.jpg');
INSERT INTO store_img
(store_img_no, store_no, img)
VALUES(5, 5, 'img/storelist5.jpg');
INSERT INTO store_img
(store_img_no, store_no, img)
VALUES(6, 6, 'img/storelist6.jpg');
INSERT INTO store_img
(store_img_no, store_no, img)
VALUES(7, 7, 'img/storelist7.jpg');
INSERT INTO store_img
(store_img_no, store_no, img)
VALUES(8, 8, 'img/storelist8.jpg');
INSERT INTO store_img
(store_img_no, store_no, img)
VALUES(9, 9, 'img/storelist9.jpg');
INSERT INTO store_img
(store_img_no, store_no, img)
VALUES(10, 10, 'img/storelist10.jpg');
INSERT INTO store_img
(store_img_no, store_no, img)
VALUES(11, 11, 'img/storelist11.jpg');
INSERT INTO store_img
(store_img_no, store_no, img)
VALUES(12, 12, 'img/storelist12.jpg');
INSERT INTO store_img
(store_img_no, store_no, img)
VALUES(13, 13, 'img/storelist13.jpg');
INSERT INTO store_img
(store_img_no, store_no, img)
VALUES(14, 14, 'img/storelist14.jpg');
INSERT INTO store_img
(store_img_no, store_no, img)
VALUES(15, 15, 'img/storelist15.jpg');
INSERT INTO store_img
(store_img_no, store_no, img)
VALUES(16, 16, 'img/storelist16.jpg');
INSERT INTO store_img
(store_img_no, store_no, img)
VALUES(17, 17, 'img/storelist17.jpg');
INSERT INTO store_img
(store_img_no, store_no, img)
VALUES(18, 18, 'img/storelist18.jpg');
INSERT INTO store_img
(store_img_no, store_no, img)
VALUES(19, 19, 'img/storelist19.jpg');
INSERT INTO store_img
(store_img_no, store_no, img)
VALUES(20, 20, 'img/storelist20.jpg');
INSERT INTO store_img
(store_img_no, store_no, img)
VALUES(21, 21, 'img/storelist21.jpg');
INSERT INTO store_img
(store_img_no, store_no, img)
VALUES(22, 22, 'img/storelist22.jpg');
INSERT INTO store_img
(store_img_no, store_no, img)
VALUES(23, 23, 'img/storelist23.jpg');
INSERT INTO store_img
(store_img_no, store_no, img)
VALUES(24, 24, 'img/storelist24.jpg');
INSERT INTO store_img
(store_img_no, store_no, img)
VALUES(25, 25, 'img/storelist25.jpg');
INSERT INTO store_img
(store_img_no, store_no, img)
VALUES(26, 26, 'img/storelist26.jpg');
INSERT INTO store_img
(store_img_no, store_no, img)
VALUES(27, 27, 'img/storelist27.jpg');
INSERT INTO store_img
(store_img_no, store_no, img)
VALUES(28, 28, 'img/storelist28.jpg');
INSERT INTO store_img
(store_img_no, store_no, img)
VALUES(29, 29, 'img/storelist29.jpg');
INSERT INTO store_img
(store_img_no, store_no, img)
VALUES(30, 30, 'img/storelist30.jpg');



-- sns
INSERT INTO sns (sns_no,sns_name) VALUES (1,'카카오');
INSERT INTO sns (sns_no,sns_name) VALUES (2,'네이버');
INSERT INTO sns (sns_no,sns_name) VALUES (3,'구글');
INSERT INTO sns (sns_no,sns_name) VALUES (4,'페이스북');
INSERT INTO sns (sns_no,sns_name) VALUES (5,'애플');

-- SNS계정
INSERT INTO sns_account (mno,sns_no,email) VALUES (1,1,'test1@test.com');
INSERT INTO sns_account (mno,sns_no,email) VALUES (2,2,'test2@test.com');
INSERT INTO sns_account (mno,sns_no,email) VALUES (3,3,'test3@test.com');
INSERT INTO sns_account (mno,sns_no,email) VALUES (4,4,'test4@test.com');
INSERT INTO sns_account (mno,sns_no,email) VALUES (5,5,'test5@test.com');
INSERT INTO sns_account (mno,sns_no,email) VALUES (6,1,'test6@test.com');
INSERT INTO sns_account (mno,sns_no,email) VALUES (7,2,'test7@test.com');
INSERT INTO sns_account (mno,sns_no,email) VALUES (8,3,'test8@test.com');
INSERT INTO sns_account (mno,sns_no,email) VALUES (9,4,'test9@test.com');
INSERT INTO sns_account (mno,sns_no,email) VALUES (10,5,'test10@test.com');
INSERT INTO sns_account (mno,sns_no,email) VALUES (11,1,'test11@test.com');
INSERT INTO sns_account (mno,sns_no,email) VALUES (12,2,'test12@test.com');
INSERT INTO sns_account (mno,sns_no,email) VALUES (13,3,'test13@test.com');
INSERT INTO sns_account (mno,sns_no,email) VALUES (14,4,'test14@test.com');
INSERT INTO sns_account (mno,sns_no,email) VALUES (15,5,'test15@test.com');
INSERT INTO sns_account (mno,sns_no,email) VALUES (16,1,'test16@test.com');
INSERT INTO sns_account (mno,sns_no,email) VALUES (17,2,'test17@test.com');
INSERT INTO sns_account (mno,sns_no,email) VALUES (18,3,'test18@test.com');
INSERT INTO sns_account (mno,sns_no,email) VALUES (19,4,'test19@test.com');
INSERT INTO sns_account (mno,sns_no,email) VALUES (20,5,'test20@test.com');
INSERT INTO sns_account (mno,sns_no,email) VALUES (21,1,'test21@test.com');
INSERT INTO sns_account (mno,sns_no,email) VALUES (22,2,'test22@test.com');
INSERT INTO sns_account (mno,sns_no,email) VALUES (23,3,'test23@test.com');
INSERT INTO sns_account (mno,sns_no,email) VALUES (24,4,'test24@test.com');
INSERT INTO sns_account (mno,sns_no,email) VALUES (25,5,'test25@test.com');
INSERT INTO sns_account (mno,sns_no,email) VALUES (26,1,'test26@test.com');
INSERT INTO sns_account (mno,sns_no,email) VALUES (27,2,'test27@test.com');
INSERT INTO sns_account (mno,sns_no,email) VALUES (28,3,'test28@test.com');
INSERT INTO sns_account (mno,sns_no,email) VALUES (29,4,'test29@test.com');
INSERT INTO sns_account (mno,sns_no,email) VALUES (30,5,'test30@test.com');

-- 커뮤니티
INSERT INTO community (community_no,title) VALUES (1,'우리지금만나');
INSERT INTO community (community_no,title) VALUES (2,'술집추천');
INSERT INTO community (community_no,title) VALUES (3,'분실실종센터');
INSERT INTO community (community_no,title) VALUES (4,'일상');
INSERT INTO community (community_no,title) VALUES (5,'사건사고');
INSERT INTO community (community_no,title) VALUES (6,'술게임');
INSERT INTO community (community_no,title) VALUES (7,'기타');

-- 게시판
INSERT INTO board (board_no,mno,community_no,title,contents,reg_date,update_date,view_count) VALUES (1,1,1,'제목1','내용1','2022-03-18 17:49:43.0','2022-03-18 21:19:25.0',451);
INSERT INTO board (board_no,mno,community_no,title,contents,reg_date,update_date,view_count) VALUES (2,2,2,'제목2','내용2','2022-03-18 17:49:43.0','2022-03-18 21:19:25.0',999);
INSERT INTO board (board_no,mno,community_no,title,contents,reg_date,update_date,view_count) VALUES (3,3,3,'제목3','내용3','2022-03-18 17:49:43.0','2022-03-18 21:19:25.0',111);
INSERT INTO board (board_no,mno,community_no,title,contents,reg_date,update_date,view_count) VALUES (4,4,4,'제목4','내용4','2022-03-18 17:49:44.0','2022-03-18 21:19:25.0',777);
INSERT INTO board (board_no,mno,community_no,title,contents,reg_date,update_date,view_count) VALUES (5,5,5,'제목5','내용5','2022-03-18 17:49:44.0','2022-03-18 21:19:25.0',8);
INSERT INTO board (board_no,mno,community_no,title,contents,reg_date,update_date,view_count) VALUES (6,6,6,'제목6','내용6','2022-03-18 17:49:44.0','2022-03-18 17:49:44.0',8);
INSERT INTO board (board_no,mno,community_no,title,contents,reg_date,update_date,view_count) VALUES (7,7,7,'제목7','내용7','2022-03-18 17:49:44.0','2022-03-18 17:49:44.0',8);
INSERT INTO board (board_no,mno,community_no,title,contents,reg_date,update_date,view_count) VALUES (8,8,1,'제목8','내용8','2022-03-18 17:49:44.0','2022-03-18 17:49:44.0',8);
INSERT INTO board (board_no,mno,community_no,title,contents,reg_date,update_date,view_count) VALUES (9,9,2,'제목9','내용9','2022-03-18 17:49:44.0','2022-03-18 17:49:44.0',8);
INSERT INTO board (board_no,mno,community_no,title,contents,reg_date,update_date,view_count) VALUES (10,10,3,'제목10','내용10','2022-03-18 17:49:44.0','2022-03-18 17:49:44.0',8);
INSERT INTO board (board_no,mno,community_no,title,contents,reg_date,update_date,view_count) VALUES (11,11,4,'제목11','내용11','2022-03-18 17:49:44.0','2022-03-18 17:49:44.0',8);
INSERT INTO board (board_no,mno,community_no,title,contents,reg_date,update_date,view_count) VALUES (12,12,5,'제목12','내용12','2022-03-18 17:49:44.0','2022-03-18 17:49:44.0',8);
INSERT INTO board (board_no,mno,community_no,title,contents,reg_date,update_date,view_count) VALUES (13,13,6,'제목13','내용13','2022-03-18 17:49:44.0','2022-03-18 17:49:44.0',8);
INSERT INTO board (board_no,mno,community_no,title,contents,reg_date,update_date,view_count) VALUES (14,14,7,'제목14','내용14','2022-03-18 17:49:44.0','2022-03-18 17:49:44.0',8);
INSERT INTO board (board_no,mno,community_no,title,contents,reg_date,update_date,view_count) VALUES (15,15,1,'제목15','내용15','2022-03-18 17:49:44.0','2022-03-18 17:49:44.0',8);
INSERT INTO board (board_no,mno,community_no,title,contents,reg_date,update_date,view_count) VALUES (16,16,2,'제목16','내용16','2022-03-18 17:49:44.0','2022-03-18 17:49:44.0',8);
INSERT INTO board (board_no,mno,community_no,title,contents,reg_date,update_date,view_count) VALUES (17,17,3,'제목17','내용17','2022-03-18 17:49:44.0','2022-03-18 17:49:44.0',8);
INSERT INTO board (board_no,mno,community_no,title,contents,reg_date,update_date,view_count) VALUES (18,18,4,'제목18','내용18','2022-03-18 17:49:44.0','2022-03-18 17:49:44.0',8);
INSERT INTO board (board_no,mno,community_no,title,contents,reg_date,update_date,view_count) VALUES (19,19,5,'제목19','내용19','2022-03-18 17:49:44.0','2022-03-18 17:49:44.0',8);
INSERT INTO board (board_no,mno,community_no,title,contents,reg_date,update_date,view_count) VALUES (20,20,6,'제목20','내용20','2022-03-18 17:49:44.0','2022-03-18 17:49:44.0',8);
INSERT INTO board (board_no,mno,community_no,title,contents,reg_date,update_date,view_count) VALUES (21,21,7,'제목21','내용21','2022-03-18 17:49:44.0','2022-03-18 17:49:44.0',8);
INSERT INTO board (board_no,mno,community_no,title,contents,reg_date,update_date,view_count) VALUES (22,22,1,'제목22','내용22','2022-03-18 17:49:44.0','2022-03-18 17:49:44.0',8);
INSERT INTO board (board_no,mno,community_no,title,contents,reg_date,update_date,view_count) VALUES (23,23,2,'제목23','내용23','2022-03-18 17:49:44.0','2022-03-18 17:49:44.0',8);
INSERT INTO board (board_no,mno,community_no,title,contents,reg_date,update_date,view_count) VALUES (24,24,3,'제목24','내용24','2022-03-18 17:49:44.0','2022-03-18 17:49:44.0',8);
INSERT INTO board (board_no,mno,community_no,title,contents,reg_date,update_date,view_count) VALUES (25,25,4,'제목25','내용25','2022-03-18 17:49:44.0','2022-03-18 17:49:44.0',8);
INSERT INTO board (board_no,mno,community_no,title,contents,reg_date,update_date,view_count) VALUES (26,26,5,'제목26','내용26','2022-03-18 17:49:44.0','2022-03-18 17:49:44.0',8);
INSERT INTO board (board_no,mno,community_no,title,contents,reg_date,update_date,view_count) VALUES (27,28,6,'제목27','내용27','2022-03-18 17:49:44.0','2022-03-18 17:49:44.0',8);
INSERT INTO board (board_no,mno,community_no,title,contents,reg_date,update_date,view_count) VALUES (28,28,7,'제목28','내용28','2022-03-18 17:49:44.0','2022-03-18 17:49:44.0',8);
INSERT INTO board (board_no,mno,community_no,title,contents,reg_date,update_date,view_count) VALUES (29,29,1,'제목29','내용29','2022-03-18 17:49:44.0','2022-03-18 17:49:44.0',8);
INSERT INTO board (board_no,mno,community_no,title,contents,reg_date,update_date,view_count) VALUES (30,30,2,'제목30','내용30','2022-03-18 17:49:44.0','2022-03-18 17:49:44.0',8);

-- 신고하기
INSERT INTO report
(repo_no, mno, target_no, `type`, `date`, contents, status)
VALUES(1, 1, 1, '회', '2022-03-18 17:49:44.000', '신고내용1', 1);
INSERT INTO report
(repo_no, mno, target_no, `type`, `date`, contents, status)
VALUES(2, 2, 2, '게', '2022-03-18 17:49:44.000', '신고내용2', 1);
INSERT INTO report
(repo_no, mno, target_no, `type`, `date`, contents, status)
VALUES(3, 3, 3, '주', '2022-03-18 17:49:44.000', '신고내용3', 0);
INSERT INTO report
(repo_no, mno, target_no, `type`, `date`, contents, status)
VALUES(4, 4, 4, '회', '2022-03-18 17:49:44.000', '신고내용4', 0);
INSERT INTO report
(repo_no, mno, target_no, `type`, `date`, contents, status)
VALUES(5, 5, 5, '회', '2022-03-18 17:49:44.000', '신고내용5', 1);
INSERT INTO report
(repo_no, mno, target_no, `type`, `date`, contents, status)
VALUES(6, 6, 6, '회', '2022-03-18 17:49:44.000', '신고내용6', 1);
INSERT INTO report
(repo_no, mno, target_no, `type`, `date`, contents, status)
VALUES(7, 7, 7, '회', '2022-03-18 17:49:44.000', '신고내용7', 1);
INSERT INTO report
(repo_no, mno, target_no, `type`, `date`, contents, status)
VALUES(8, 5, 8, '회', '2022-03-18 17:49:44.000', '신고내용8', 1);
INSERT INTO report
(repo_no, mno, target_no, `type`, `date`, contents, status)
VALUES(9, 9, 9, '회', '2022-03-18 17:49:44.000', '신고내용9', 1);
INSERT INTO report
(repo_no, mno, target_no, `type`, `date`, contents, status)
VALUES(10, 10, 1, '회', '2022-03-18 17:49:44.000', '신고내용10', 1);
INSERT INTO report
(repo_no, mno, target_no, `type`, `date`, contents, status)
VALUES(11, 11, 2, '회', '2022-03-18 17:49:44.000', '신고내용11', 1);
INSERT INTO report
(repo_no, mno, target_no, `type`, `date`, contents, status)
VALUES(12, 12, 3, '회', '2022-03-18 17:49:44.000', '신고내용12', 1);
INSERT INTO report
(repo_no, mno, target_no, `type`, `date`, contents, status)
VALUES(13, 13, 4, '회', '2022-03-18 17:49:44.000', '신고내용13', 1);
INSERT INTO report
(repo_no, mno, target_no, `type`, `date`, contents, status)
VALUES(14, 14, 5, '회', '2022-03-18 17:49:44.000', '신고내용14', 1);
INSERT INTO report
(repo_no, mno, target_no, `type`, `date`, contents, status)
VALUES(15, 15, 6, '회', '2022-03-18 17:49:44.000', '신고내용15', 1);
INSERT INTO report
(repo_no, mno, target_no, `type`, `date`, contents, status)
VALUES(16, 16, 7, '회', '2022-03-18 17:49:44.000', '신고내용16', 1);
INSERT INTO report
(repo_no, mno, target_no, `type`, `date`, contents, status)
VALUES(17, 17, 8, '회', '2022-03-18 17:49:44.000', '신고내용17', 1);
INSERT INTO report
(repo_no, mno, target_no, `type`, `date`, contents, status)
VALUES(18, 18, 9, '회', '2022-03-18 17:49:44.000', '신고내용18', 1);
INSERT INTO report
(repo_no, mno, target_no, `type`, `date`, contents, status)
VALUES(19, 19, 2, '회', '2022-03-18 17:49:44.000', '신고내용19', 1);
INSERT INTO report
(repo_no, mno, target_no, `type`, `date`, contents, status)
VALUES(20, 20, 3, '회', '2022-03-18 17:49:44.000', '신고내용20', 1);
INSERT INTO report
(repo_no, mno, target_no, `type`, `date`, contents, status)
VALUES(21, 21, 4, '회', '2022-03-18 17:49:44.000', '신고내용21', 1);
INSERT INTO report
(repo_no, mno, target_no, `type`, `date`, contents, status)
VALUES(22, 22, 5, '회', '2022-03-18 17:49:44.000', '신고내용22', 1);
INSERT INTO report
(repo_no, mno, target_no, `type`, `date`, contents, status)
VALUES(23, 23, 6, '회', '2022-03-18 17:49:44.000', '신고내용23', 1);
INSERT INTO report
(repo_no, mno, target_no, `type`, `date`, contents, status)
VALUES(24, 24, 7, '회', '2022-03-18 17:49:44.000', '신고내용24', 1);
INSERT INTO report
(repo_no, mno, target_no, `type`, `date`, contents, status)
VALUES(25, 25, 8, '회', '2022-03-18 17:49:44.000', '신고내용25', 1);
INSERT INTO report
(repo_no, mno, target_no, `type`, `date`, contents, status)
VALUES(26, 26, 9, '회', '2022-03-18 17:49:44.000', '신고내용26', 1);
INSERT INTO report
(repo_no, mno, target_no, `type`, `date`, contents, status)
VALUES(27, 27, 1, '회', '2022-03-18 17:49:44.000', '신고내용27', 1);
INSERT INTO report
(repo_no, mno, target_no, `type`, `date`, contents, status)
VALUES(28, 28, 2, '회', '2022-03-18 17:49:44.000', '신고내용28', 1);
INSERT INTO report
(repo_no, mno, target_no, `type`, `date`, contents, status)
VALUES(29, 29, 3, '회', '2022-03-18 17:49:44.000', '신고내용29', 1);
INSERT INTO report
(repo_no, mno, target_no, `type`, `date`, contents, status)
VALUES(30, 30, 4, '회', '2022-03-18 17:49:44.000', '신고내용30', 1);


-- 음주내역
INSERT INTO alcohol_management (drink_no,mno,`date`,amount,`type`,`level`) VALUES (1,1,NULL,'amount1','와인','low');
INSERT INTO alcohol_management (drink_no,mno,`date`,amount,`type`,`level`) VALUES (2,2,NULL,'amount2','소주','high');
INSERT INTO alcohol_management (drink_no,mno,`date`,amount,`type`,`level`) VALUES (3,3,NULL,'amount3','맥주','moderate');
INSERT INTO alcohol_management (drink_no,mno,`date`,amount,`type`,`level`) VALUES (4,4,NULL,'7bottles','사케','high');
INSERT INTO alcohol_management (drink_no,mno,`date`,amount,`type`,`level`) VALUES (5,5,NULL,'amount5','막걸리','high');
INSERT INTO alcohol_management (drink_no,mno,`date`,amount,`type`,`level`) VALUES (6,6,NULL,'amount6','소주','moderate');
INSERT INTO alcohol_management (drink_no,mno,`date`,amount,`type`,`level`) VALUES (7,7,NULL,'amount7','와인','low');
INSERT INTO alcohol_management (drink_no,mno,`date`,amount,`type`,`level`) VALUES (8,8,NULL,'amount8','소주','high');
INSERT INTO alcohol_management (drink_no,mno,`date`,amount,`type`,`level`) VALUES (9,9,NULL,'amount9','와인','low');
INSERT INTO alcohol_management (drink_no,mno,`date`,amount,`type`,`level`) VALUES (10,10,NULL,'amount10','막걸리','high');
INSERT INTO alcohol_management (drink_no,mno,`date`,amount,`type`,`level`) VALUES (11,11,NULL,'amount11','사케','moderate');
INSERT INTO alcohol_management (drink_no,mno,`date`,amount,`type`,`level`) VALUES (12,12,NULL,'amount12','와인','high');
INSERT INTO alcohol_management (drink_no,mno,`date`,amount,`type`,`level`) VALUES (13,13,NULL,'amount13','소주','low');
INSERT INTO alcohol_management (drink_no,mno,`date`,amount,`type`,`level`) VALUES (14,14,NULL,'amount14','막걸리','low');
INSERT INTO alcohol_management (drink_no,mno,`date`,amount,`type`,`level`) VALUES (15,15,NULL,'amount15','사케','high');
INSERT INTO alcohol_management (drink_no,mno,`date`,amount,`type`,`level`) VALUES (16,16,NULL,'amount16','막걸리','moderate');
INSERT INTO alcohol_management (drink_no,mno,`date`,amount,`type`,`level`) VALUES (17,17,NULL,'amount17','사케','high');
INSERT INTO alcohol_management (drink_no,mno,`date`,amount,`type`,`level`) VALUES (18,18,NULL,'amount18','와인','moderate');
INSERT INTO alcohol_management (drink_no,mno,`date`,amount,`type`,`level`) VALUES (19,19,NULL,'amount19','막걸리','high');
INSERT INTO alcohol_management (drink_no,mno,`date`,amount,`type`,`level`) VALUES (20,20,NULL,'amount20','사케','moderate');
INSERT INTO alcohol_management (drink_no,mno,`date`,amount,`type`,`level`) VALUES (21,21,NULL,'amount21','와인','high');
INSERT INTO alcohol_management (drink_no,mno,`date`,amount,`type`,`level`) VALUES (22,22,NULL,'amount22','막걸리','high');
INSERT INTO alcohol_management (drink_no,mno,`date`,amount,`type`,`level`) VALUES (23,23,NULL,'amount23','사케','low');
INSERT INTO alcohol_management (drink_no,mno,`date`,amount,`type`,`level`) VALUES (24,24,NULL,'amount24','소주','low');
INSERT INTO alcohol_management (drink_no,mno,`date`,amount,`type`,`level`) VALUES (25,25,NULL,'amount25','막걸리','moderate');
INSERT INTO alcohol_management (drink_no,mno,`date`,amount,`type`,`level`) VALUES (26,26,NULL,'amount26','와인','high');
INSERT INTO alcohol_management (drink_no,mno,`date`,amount,`type`,`level`) VALUES (27,27,NULL,'amount27','소주','high');
INSERT INTO alcohol_management (drink_no,mno,`date`,amount,`type`,`level`) VALUES (28,28,NULL,'amount28','막걸리','moderate');
INSERT INTO alcohol_management (drink_no,mno,`date`,amount,`type`,`level`) VALUES (29,29,NULL,'amount29','사케','high');
INSERT INTO alcohol_management (drink_no,mno,`date`,amount,`type`,`level`) VALUES (30,30,NULL,'amount30','막걸리','high');

-- 공지사항
INSERT INTO notice (notice_no,member_type,title,reg_date,update_date,contents,view_count) VALUES (1,'일','공지제목1','2022-03-18 17:49:44.0','2022-03-18 21:44:20.0','공지사항내용1',122);
INSERT INTO notice (notice_no,member_type,title,reg_date,update_date,contents,view_count) VALUES (2,'일','공지제목2','2022-03-18 17:49:44.0','2022-03-18 21:44:20.0','공지사항내용2',223);
INSERT INTO notice (notice_no,member_type,title,reg_date,update_date,contents,view_count) VALUES (3,'사','공지제목3','2022-03-18 17:49:44.0','2022-03-18 21:44:20.0','공지사항내용3',4342);
INSERT INTO notice (notice_no,member_type,title,reg_date,update_date,contents,view_count) VALUES (4,'일','공지제목4','2022-03-18 17:49:44.0','2022-03-18 21:44:20.0','공지사항내용4',2213);
INSERT INTO notice (notice_no,member_type,title,reg_date,update_date,contents,view_count) VALUES (5,'일','공지제목5','2022-03-18 17:49:44.0','2022-03-18 21:44:20.0','공지사항내용5',4454);
INSERT INTO notice (notice_no,member_type,title,reg_date,update_date,contents,view_count) VALUES (6,'일','공지제목6','2022-03-18 17:49:44.0','2022-03-18 21:44:20.0','공지사항내용6',4454);
INSERT INTO notice (notice_no,member_type,title,reg_date,update_date,contents,view_count) VALUES (7,'사','공지제목7','2022-03-18 17:49:44.0','2022-03-18 21:44:20.0','공지사항내용7',4454);
INSERT INTO notice (notice_no,member_type,title,reg_date,update_date,contents,view_count) VALUES (8,'일','공지제목8','2022-03-18 17:49:44.0','2022-03-18 21:44:20.0','공지사항내용8',4454);
INSERT INTO notice (notice_no,member_type,title,reg_date,update_date,contents,view_count) VALUES (9,'일','공지제목9','2022-03-18 17:49:44.0','2022-03-18 21:44:20.0','공지사항내용9',4454);
INSERT INTO notice (notice_no,member_type,title,reg_date,update_date,contents,view_count) VALUES (10,'사','공지제목10','2022-03-18 17:49:44.0','2022-03-18 21:44:20.0','공지사항내용10',4454);
INSERT INTO notice (notice_no,member_type,title,reg_date,update_date,contents,view_count) VALUES (11,'일','공지제목11','2022-03-18 17:49:44.0','2022-03-18 21:44:20.0','공지사항내용11',4454);
INSERT INTO notice (notice_no,member_type,title,reg_date,update_date,contents,view_count) VALUES (12,'일','공지제목12','2022-03-18 17:49:44.0','2022-03-18 21:44:20.0','공지사항내용12',4454);
INSERT INTO notice (notice_no,member_type,title,reg_date,update_date,contents,view_count) VALUES (13,'사','공지제목13','2022-03-18 17:49:44.0','2022-03-18 21:44:20.0','공지사항내용13',4454);
INSERT INTO notice (notice_no,member_type,title,reg_date,update_date,contents,view_count) VALUES (14,'일','공지제목14','2022-03-18 17:49:44.0','2022-03-18 21:44:20.0','공지사항내용14',4454);
INSERT INTO notice (notice_no,member_type,title,reg_date,update_date,contents,view_count) VALUES (15,'사','공지제목15','2022-03-18 17:49:44.0','2022-03-18 21:44:20.0','공지사항내용15',4454);
INSERT INTO notice (notice_no,member_type,title,reg_date,update_date,contents,view_count) VALUES (16,'일','공지제목16','2022-03-18 17:49:44.0','2022-03-18 21:44:20.0','공지사항내용16',4454);
INSERT INTO notice (notice_no,member_type,title,reg_date,update_date,contents,view_count) VALUES (17,'사','공지제목17','2022-03-18 17:49:44.0','2022-03-18 21:44:20.0','공지사항내용17',4454);
INSERT INTO notice (notice_no,member_type,title,reg_date,update_date,contents,view_count) VALUES (18,'사','공지제목18','2022-03-18 17:49:44.0','2022-03-18 21:44:20.0','공지사항내용18',4454);
INSERT INTO notice (notice_no,member_type,title,reg_date,update_date,contents,view_count) VALUES (19,'일','공지제목19','2022-03-18 17:49:44.0','2022-03-18 21:44:20.0','공지사항내용19',4454);
INSERT INTO notice (notice_no,member_type,title,reg_date,update_date,contents,view_count) VALUES (20,'사','공지제목20','2022-03-18 17:49:44.0','2022-03-18 21:44:20.0','공지사항내용20',4454);
INSERT INTO notice (notice_no,member_type,title,reg_date,update_date,contents,view_count) VALUES (21,'사','공지제목21','2022-03-18 17:49:44.0','2022-03-18 21:44:20.0','공지사항내용21',4454);
INSERT INTO notice (notice_no,member_type,title,reg_date,update_date,contents,view_count) VALUES (22,'일','공지제목22','2022-03-18 17:49:44.0','2022-03-18 21:44:20.0','공지사항내용22',4454);
INSERT INTO notice (notice_no,member_type,title,reg_date,update_date,contents,view_count) VALUES (23,'일','공지제목23','2022-03-18 17:49:44.0','2022-03-18 21:44:20.0','공지사항내용23',4454);
INSERT INTO notice (notice_no,member_type,title,reg_date,update_date,contents,view_count) VALUES (24,'사','공지제목24','2022-03-18 17:49:44.0','2022-03-18 21:44:20.0','공지사항내용24',4454);
INSERT INTO notice (notice_no,member_type,title,reg_date,update_date,contents,view_count) VALUES (25,'일','공지제목25','2022-03-18 17:49:44.0','2022-03-18 21:44:20.0','공지사항내용25',4454);
INSERT INTO notice (notice_no,member_type,title,reg_date,update_date,contents,view_count) VALUES (26,'사','공지제목26','2022-03-18 17:49:44.0','2022-03-18 21:44:20.0','공지사항내용26',4454);
INSERT INTO notice (notice_no,member_type,title,reg_date,update_date,contents,view_count) VALUES (27,'일','공지제목27','2022-03-18 17:49:44.0','2022-03-18 21:44:20.0','공지사항내용27',4454);
INSERT INTO notice (notice_no,member_type,title,reg_date,update_date,contents,view_count) VALUES (28,'사','공지제목28','2022-03-18 17:49:44.0','2022-03-18 21:44:20.0','공지사항내용28',4454);
INSERT INTO notice (notice_no,member_type,title,reg_date,update_date,contents,view_count) VALUES (29,'일','공지제목29','2022-03-18 17:49:44.0','2022-03-18 21:44:20.0','공지사항내용29',4454);
INSERT INTO notice (notice_no,member_type,title,reg_date,update_date,contents,view_count) VALUES (30,'일','공지제목30','2022-03-18 17:49:44.0','2022-03-18 21:44:20.0','공지사항내용30',4454);

-- 모임
INSERT INTO party (party_no,mno,store_no,title,contents,party_fee,meeting_date,max_member,alcohol_type,alcohol_limit,view_count,reg_date,update_date) VALUES (1,1,1,'모임제목1','모임내용1',20000,'2022-02-21 00:00:00.0',6,'소주',5,3,'2022-03-18 17:49:44.0','2022-03-18 22:06:11.0');
INSERT INTO party (party_no,mno,store_no,title,contents,party_fee,meeting_date,max_member,alcohol_type,alcohol_limit,view_count,reg_date,update_date) VALUES (2,2,2,'모임제목2','모임내용2',20000,'2022-03-22 00:00:00.0',6,'맥주',11,4,'2022-03-18 17:49:44.0','2022-03-18 22:06:11.0');
INSERT INTO party (party_no,mno,store_no,title,contents,party_fee,meeting_date,max_member,alcohol_type,alcohol_limit,view_count,reg_date,update_date) VALUES (3,3,3,'모임제목3','모임내용3',20000,'2022-03-22 00:00:00.0',6,'와인',11,68,'2022-03-18 17:49:44.0','2022-03-18 22:06:11.0');
INSERT INTO party (party_no,mno,store_no,title,contents,party_fee,meeting_date,max_member,alcohol_type,alcohol_limit,view_count,reg_date,update_date) VALUES (4,4,4,'모임제목4','모임내용4',30000,'2022-03-22 00:00:00.0',6,'막걸리',11,45,'2022-03-18 17:49:44.0','2022-03-18 22:06:11.0');
INSERT INTO party (party_no,mno,store_no,title,contents,party_fee,meeting_date,max_member,alcohol_type,alcohol_limit,view_count,reg_date,update_date) VALUES (5,5,5,'모임제목5','모임내용5',30000,'2022-03-23 00:00:00.0',6,'소주',11,34,'2022-03-18 17:49:44.0','2022-03-18 22:06:11.0');
INSERT INTO party (party_no,mno,store_no,title,contents,party_fee,meeting_date,max_member,alcohol_type,alcohol_limit,view_count,reg_date,update_date) VALUES (6,6,6,'모임제목6','모임내용6',30000,'2022-03-23 00:00:00.0',6,'소주',11,34,'2022-03-18 17:49:44.0','2022-03-18 17:49:44.0');
INSERT INTO party (party_no,mno,store_no,title,contents,party_fee,meeting_date,max_member,alcohol_type,alcohol_limit,view_count,reg_date,update_date) VALUES (7,7,7,'모임제목7','모임내용7',30000,'2022-03-23 00:00:00.0',6,'막걸리',11,34,'2022-03-18 17:49:44.0','2022-03-18 17:49:44.0');
INSERT INTO party (party_no,mno,store_no,title,contents,party_fee,meeting_date,max_member,alcohol_type,alcohol_limit,view_count,reg_date,update_date) VALUES (8,8,8,'모임제목8','모임내용8',30000,'2022-03-23 00:00:00.0',6,'소주',11,34,'2022-03-18 17:49:44.0','2022-03-18 17:49:44.0');
INSERT INTO party (party_no,mno,store_no,title,contents,party_fee,meeting_date,max_member,alcohol_type,alcohol_limit,view_count,reg_date,update_date) VALUES (9,9,9,'모임제목9','모임내용9',30000,'2022-03-23 00:00:00.0',6,'소주',11,34,'2022-03-18 17:49:44.0','2022-03-18 17:49:44.0');
INSERT INTO party (party_no,mno,store_no,title,contents,party_fee,meeting_date,max_member,alcohol_type,alcohol_limit,view_count,reg_date,update_date) VALUES (10,10,10,'모임제목10','모임내용10',30000,'2022-03-23 00:00:00.0',6,'맥주',11,34,'2022-03-18 17:49:44.0','2022-03-18 17:49:44.0');
INSERT INTO party (party_no,mno,store_no,title,contents,party_fee,meeting_date,max_member,alcohol_type,alcohol_limit,view_count,reg_date,update_date) VALUES (11,11,11,'모임제목11','모임내용11',30000,'2022-03-23 00:00:00.0',6,'소주',11,34,'2022-03-18 17:49:44.0','2022-03-18 17:49:44.0');
INSERT INTO party (party_no,mno,store_no,title,contents,party_fee,meeting_date,max_member,alcohol_type,alcohol_limit,view_count,reg_date,update_date) VALUES (12,12,12,'모임제목12','모임내용12',30000,'2022-03-23 00:00:00.0',6,'소주',11,34,'2022-03-18 17:49:44.0','2022-03-18 17:49:44.0');
INSERT INTO party (party_no,mno,store_no,title,contents,party_fee,meeting_date,max_member,alcohol_type,alcohol_limit,view_count,reg_date,update_date) VALUES (13,13,13,'모임제목13','모임내용13',30000,'2022-03-23 00:00:00.0',6,'막걸리',11,34,'2022-03-18 17:49:44.0','2022-03-18 17:49:44.0');
INSERT INTO party (party_no,mno,store_no,title,contents,party_fee,meeting_date,max_member,alcohol_type,alcohol_limit,view_count,reg_date,update_date) VALUES (14,14,14,'모임제목14','모임내용14',30000,'2022-03-23 00:00:00.0',6,'소주',11,34,'2022-03-18 17:49:44.0','2022-03-18 17:49:44.0');
INSERT INTO party (party_no,mno,store_no,title,contents,party_fee,meeting_date,max_member,alcohol_type,alcohol_limit,view_count,reg_date,update_date) VALUES (15,15,15,'모임제목15','모임내용15',30000,'2022-03-23 00:00:00.0',6,'맥주',11,34,'2022-03-18 17:49:44.0','2022-03-18 17:49:44.0');
INSERT INTO party (party_no,mno,store_no,title,contents,party_fee,meeting_date,max_member,alcohol_type,alcohol_limit,view_count,reg_date,update_date) VALUES (16,16,16,'모임제목16','모임내용16',30000,'2022-03-23 00:00:00.0',6,'막걸리',11,34,'2022-03-18 17:49:44.0','2022-03-18 17:49:44.0');
INSERT INTO party (party_no,mno,store_no,title,contents,party_fee,meeting_date,max_member,alcohol_type,alcohol_limit,view_count,reg_date,update_date) VALUES (17,17,17,'모임제목17','모임내용17',30000,'2022-03-23 00:00:00.0',6,'소주',11,34,'2022-03-18 17:49:44.0','2022-03-18 17:49:44.0');
INSERT INTO party (party_no,mno,store_no,title,contents,party_fee,meeting_date,max_member,alcohol_type,alcohol_limit,view_count,reg_date,update_date) VALUES (18,18,18,'모임제목18','모임내용18',30000,'2022-03-23 00:00:00.0',6,'막걸리',11,34,'2022-03-18 17:49:44.0','2022-03-18 17:49:44.0');
INSERT INTO party (party_no,mno,store_no,title,contents,party_fee,meeting_date,max_member,alcohol_type,alcohol_limit,view_count,reg_date,update_date) VALUES (19,19,19,'모임제목19','모임내용19',30000,'2022-03-23 00:00:00.0',6,'맥주',11,34,'2022-03-18 17:49:44.0','2022-03-18 17:49:44.0');
INSERT INTO party (party_no,mno,store_no,title,contents,party_fee,meeting_date,max_member,alcohol_type,alcohol_limit,view_count,reg_date,update_date) VALUES (20,20,20,'모임제목20','모임내용20',30000,'2022-03-23 00:00:00.0',6,'소주',11,34,'2022-03-18 17:49:44.0','2022-03-18 17:49:44.0');
INSERT INTO party (party_no,mno,store_no,title,contents,party_fee,meeting_date,max_member,alcohol_type,alcohol_limit,view_count,reg_date,update_date) VALUES (21,21,21,'모임제목21','모임내용21',30000,'2022-03-23 00:00:00.0',6,'막걸리',11,34,'2022-03-18 17:49:44.0','2022-03-18 17:49:44.0');
INSERT INTO party (party_no,mno,store_no,title,contents,party_fee,meeting_date,max_member,alcohol_type,alcohol_limit,view_count,reg_date,update_date) VALUES (22,22,22,'모임제목22','모임내용22',30000,'2022-03-23 00:00:00.0',6,'맥주',11,34,'2022-03-18 17:49:44.0','2022-03-18 17:49:44.0');
INSERT INTO party (party_no,mno,store_no,title,contents,party_fee,meeting_date,max_member,alcohol_type,alcohol_limit,view_count,reg_date,update_date) VALUES (23,23,23,'모임제목23','모임내용23',30000,'2022-03-23 00:00:00.0',6,'소주',11,34,'2022-03-18 17:49:44.0','2022-03-18 17:49:44.0');
INSERT INTO party (party_no,mno,store_no,title,contents,party_fee,meeting_date,max_member,alcohol_type,alcohol_limit,view_count,reg_date,update_date) VALUES (24,24,24,'모임제목24','모임내용24',30000,'2022-03-23 00:00:00.0',6,'막걸리',11,34,'2022-03-18 17:49:44.0','2022-03-18 17:49:44.0');
INSERT INTO party (party_no,mno,store_no,title,contents,party_fee,meeting_date,max_member,alcohol_type,alcohol_limit,view_count,reg_date,update_date) VALUES (25,25,25,'모임제목25','모임내용25',30000,'2022-03-23 00:00:00.0',6,'맥주',11,34,'2022-03-18 17:49:44.0','2022-03-18 17:49:44.0');
INSERT INTO party (party_no,mno,store_no,title,contents,party_fee,meeting_date,max_member,alcohol_type,alcohol_limit,view_count,reg_date,update_date) VALUES (26,26,26,'모임제목26','모임내용26',30000,'2022-03-23 00:00:00.0',6,'소주',11,34,'2022-03-18 17:49:44.0','2022-03-18 17:49:44.0');
INSERT INTO party (party_no,mno,store_no,title,contents,party_fee,meeting_date,max_member,alcohol_type,alcohol_limit,view_count,reg_date,update_date) VALUES (27,27,27,'모임제목27','모임내용27',30000,'2022-03-23 00:00:00.0',6,'맥주',11,34,'2022-03-18 17:49:44.0','2022-03-18 17:49:44.0');
INSERT INTO party (party_no,mno,store_no,title,contents,party_fee,meeting_date,max_member,alcohol_type,alcohol_limit,view_count,reg_date,update_date) VALUES (28,28,28,'모임제목28','모임내용28',30000,'2022-03-23 00:00:00.0',6,'소주',11,34,'2022-03-18 17:49:44.0','2022-03-18 17:49:44.0');
INSERT INTO party (party_no,mno,store_no,title,contents,party_fee,meeting_date,max_member,alcohol_type,alcohol_limit,view_count,reg_date,update_date) VALUES (29,29,29,'모임제목29','모임내용29',30000,'2022-03-23 00:00:00.0',6,'막걸리',11,34,'2022-03-18 17:49:44.0','2022-03-18 17:49:44.0');
INSERT INTO party (party_no,mno,store_no,title,contents,party_fee,meeting_date,max_member,alcohol_type,alcohol_limit,view_count,reg_date,update_date) VALUES (30,30,30,'모임제목30','모임내용30',30000,'2022-03-23 00:00:00.0',6,'소주',11,34,'2022-03-18 17:49:44.0','2022-03-18 17:49:44.0');

-- 모임댓글
INSERT INTO party_comment (party_comment_no,mno,party_no,party_comment_contents,comment_date,update_date) VALUES (1,1,1,'모임댓글내용1','2022-03-18 22:22:50.0','0000-00-00 00:00:00');
INSERT INTO party_comment (party_comment_no,mno,party_no,party_comment_contents,comment_date,update_date) VALUES (2,3,2,'모임댓글내용2','2022-03-18 22:22:50.0','0000-00-00 00:00:00');
INSERT INTO party_comment (party_comment_no,mno,party_no,party_comment_contents,comment_date,update_date) VALUES (3,3,3,'모임댓글내용3','2022-03-18 22:22:50.0','0000-00-00 00:00:00');
INSERT INTO party_comment (party_comment_no,mno,party_no,party_comment_contents,comment_date,update_date) VALUES (4,4,4,'모임댓글내용4','2022-03-18 22:22:50.0','0000-00-00 00:00:00');
INSERT INTO party_comment (party_comment_no,mno,party_no,party_comment_contents,comment_date,update_date) VALUES (5,5,5,'모임댓글내용5','2022-03-18 22:22:50.0','0000-00-00 00:00:00');
INSERT INTO party_comment (party_comment_no,mno,party_no,party_comment_contents,comment_date,update_date) VALUES (6,6,6,'모임댓글내용6','2022-03-18 17:49:44.0','0000-00-00 00:00:00');
INSERT INTO party_comment (party_comment_no,mno,party_no,party_comment_contents,comment_date,update_date) VALUES (7,7,7,'모임댓글내용7','2022-03-18 17:49:44.0','0000-00-00 00:00:00');
INSERT INTO party_comment (party_comment_no,mno,party_no,party_comment_contents,comment_date,update_date) VALUES (8,8,8,'모임댓글내용8','2022-03-18 17:49:44.0','0000-00-00 00:00:00');
INSERT INTO party_comment (party_comment_no,mno,party_no,party_comment_contents,comment_date,update_date) VALUES (9,9,9,'모임댓글내용9','2022-03-18 17:49:44.0','0000-00-00 00:00:00');
INSERT INTO party_comment (party_comment_no,mno,party_no,party_comment_contents,comment_date,update_date) VALUES (10,10,10,'모임댓글내용10','2022-03-18 17:49:44.0','0000-00-00 00:00:00');
INSERT INTO party_comment (party_comment_no,mno,party_no,party_comment_contents,comment_date,update_date) VALUES (11,11,11,'모임댓글내용11','2022-03-18 17:49:44.0','0000-00-00 00:00:00');
INSERT INTO party_comment (party_comment_no,mno,party_no,party_comment_contents,comment_date,update_date) VALUES (12,12,12,'모임댓글내용12','2022-03-18 17:49:44.0','0000-00-00 00:00:00');
INSERT INTO party_comment (party_comment_no,mno,party_no,party_comment_contents,comment_date,update_date) VALUES (13,13,13,'모임댓글내용13','2022-03-18 17:49:44.0','0000-00-00 00:00:00');
INSERT INTO party_comment (party_comment_no,mno,party_no,party_comment_contents,comment_date,update_date) VALUES (14,14,14,'모임댓글내용14','2022-03-18 17:49:44.0','0000-00-00 00:00:00');
INSERT INTO party_comment (party_comment_no,mno,party_no,party_comment_contents,comment_date,update_date) VALUES (15,15,15,'모임댓글내용15','2022-03-18 17:49:44.0','0000-00-00 00:00:00');
INSERT INTO party_comment (party_comment_no,mno,party_no,party_comment_contents,comment_date,update_date) VALUES (16,16,16,'모임댓글내용16','2022-03-18 17:49:44.0','0000-00-00 00:00:00');
INSERT INTO party_comment (party_comment_no,mno,party_no,party_comment_contents,comment_date,update_date) VALUES (17,17,17,'모임댓글내용17','2022-03-18 17:49:44.0','0000-00-00 00:00:00');
INSERT INTO party_comment (party_comment_no,mno,party_no,party_comment_contents,comment_date,update_date) VALUES (18,18,18,'모임댓글내용18','2022-03-18 17:49:44.0','0000-00-00 00:00:00');
INSERT INTO party_comment (party_comment_no,mno,party_no,party_comment_contents,comment_date,update_date) VALUES (19,19,19,'모임댓글내용19','2022-03-18 17:49:44.0','0000-00-00 00:00:00');
INSERT INTO party_comment (party_comment_no,mno,party_no,party_comment_contents,comment_date,update_date) VALUES (20,20,20,'모임댓글내용20','2022-03-18 17:49:44.0','0000-00-00 00:00:00');
INSERT INTO party_comment (party_comment_no,mno,party_no,party_comment_contents,comment_date,update_date) VALUES (21,21,21,'모임댓글내용21','2022-03-18 17:49:44.0','0000-00-00 00:00:00');
INSERT INTO party_comment (party_comment_no,mno,party_no,party_comment_contents,comment_date,update_date) VALUES (22,22,22,'모임댓글내용22','2022-03-18 17:49:44.0','0000-00-00 00:00:00');
INSERT INTO party_comment (party_comment_no,mno,party_no,party_comment_contents,comment_date,update_date) VALUES (23,23,23,'모임댓글내용23','2022-03-18 17:49:44.0','0000-00-00 00:00:00');
INSERT INTO party_comment (party_comment_no,mno,party_no,party_comment_contents,comment_date,update_date) VALUES (24,24,24,'모임댓글내용24','2022-03-18 17:49:44.0','0000-00-00 00:00:00');
INSERT INTO party_comment (party_comment_no,mno,party_no,party_comment_contents,comment_date,update_date) VALUES (25,25,25,'모임댓글내용25','2022-03-18 17:49:44.0','0000-00-00 00:00:00');
INSERT INTO party_comment (party_comment_no,mno,party_no,party_comment_contents,comment_date,update_date) VALUES (26,26,26,'모임댓글내용26','2022-03-18 17:49:44.0','0000-00-00 00:00:00');
INSERT INTO party_comment (party_comment_no,mno,party_no,party_comment_contents,comment_date,update_date) VALUES (27,27,27,'모임댓글내용27','2022-03-18 17:49:44.0','0000-00-00 00:00:00');
INSERT INTO party_comment (party_comment_no,mno,party_no,party_comment_contents,comment_date,update_date) VALUES (28,28,28,'모임댓글내용28','2022-03-18 17:49:44.0','0000-00-00 00:00:00');
INSERT INTO party_comment (party_comment_no,mno,party_no,party_comment_contents,comment_date,update_date) VALUES (29,29,29,'모임댓글내용29','2022-03-18 17:49:44.0','0000-00-00 00:00:00');
INSERT INTO party_comment (party_comment_no,mno,party_no,party_comment_contents,comment_date,update_date) VALUES (30,30,30,'모임댓글내용30','2022-03-18 17:49:44.0','0000-00-00 00:00:00');

-- 모임댓글좋아요
INSERT INTO party_comment_like (party_comment_no,mno) VALUES (1,1);
INSERT INTO party_comment_like (party_comment_no,mno) VALUES (2,2);
INSERT INTO party_comment_like (party_comment_no,mno) VALUES (3,3);
INSERT INTO party_comment_like (party_comment_no,mno) VALUES (4,4);
INSERT INTO party_comment_like (party_comment_no,mno) VALUES (5,5);
INSERT INTO party_comment_like (party_comment_no,mno) VALUES (6,6);
INSERT INTO party_comment_like (party_comment_no,mno) VALUES (7,7);
INSERT INTO party_comment_like (party_comment_no,mno) VALUES (8,8);
INSERT INTO party_comment_like (party_comment_no,mno) VALUES (9,9);
INSERT INTO party_comment_like (party_comment_no,mno) VALUES (10,10);
INSERT INTO party_comment_like (party_comment_no,mno) VALUES (11,11);
INSERT INTO party_comment_like (party_comment_no,mno) VALUES (12,12);
INSERT INTO party_comment_like (party_comment_no,mno) VALUES (13,13);
INSERT INTO party_comment_like (party_comment_no,mno) VALUES (14,14);
INSERT INTO party_comment_like (party_comment_no,mno) VALUES (15,15);
INSERT INTO party_comment_like (party_comment_no,mno) VALUES (16,16);
INSERT INTO party_comment_like (party_comment_no,mno) VALUES (17,17);
INSERT INTO party_comment_like (party_comment_no,mno) VALUES (18,18);
INSERT INTO party_comment_like (party_comment_no,mno) VALUES (19,19);
INSERT INTO party_comment_like (party_comment_no,mno) VALUES (20,20);
INSERT INTO party_comment_like (party_comment_no,mno) VALUES (21,21);
INSERT INTO party_comment_like (party_comment_no,mno) VALUES (22,22);
INSERT INTO party_comment_like (party_comment_no,mno) VALUES (23,23);
INSERT INTO party_comment_like (party_comment_no,mno) VALUES (24,24);
INSERT INTO party_comment_like (party_comment_no,mno) VALUES (25,25);
INSERT INTO party_comment_like (party_comment_no,mno) VALUES (26,26);
INSERT INTO party_comment_like (party_comment_no,mno) VALUES (27,27);
INSERT INTO party_comment_like (party_comment_no,mno) VALUES (28,28);
INSERT INTO party_comment_like (party_comment_no,mno) VALUES (29,29);
INSERT INTO party_comment_like (party_comment_no,mno) VALUES (30,30);

-- 얘약하기
INSERT INTO reservation (reservation_no,store_no,`date`,people,name,tel,request,pay_no,pay_company,pay_price,pay_date,status) VALUES (1,1,'1991-05-21 21:00:00.0',4,'예약자이름1','010-1111-2222','예약요청사항1',1293018201,'국민카드',20000,'2022-03-18 20:07:07.0','완');
INSERT INTO reservation (reservation_no,store_no,`date`,people,name,tel,request,pay_no,pay_company,pay_price,pay_date,status) VALUES (2,2,'1991-05-21 21:00:00.0',5,'예약자이름2','010-3333-4444','예약요청사항2',39657241,'신한카드',30000,'2022-03-18 20:08:07.0','완');
INSERT INTO reservation (reservation_no,store_no,`date`,people,name,tel,request,pay_no,pay_company,pay_price,pay_date,status) VALUES (3,3,'1991-05-21 21:00:00.0',6,'예약자이름3','010-1084-1028','예약요청사항3',693729219,'신한카드',20000,'2022-03-18 20:08:07.0','완');
INSERT INTO reservation (reservation_no,store_no,`date`,people,name,tel,request,pay_no,pay_company,pay_price,pay_date,status) VALUES (4,4,'1991-05-21 21:00:00.0',3,'예약자이름4','010-8907-3542','예약요청사항4',239804347,'국민카드',15000,'2022-03-18 20:08:07.0','완');
INSERT INTO reservation (reservation_no,store_no,`date`,people,name,tel,request,pay_no,pay_company,pay_price,pay_date,status) VALUES (5,5,'1991-05-21 21:00:00.0',4,'예약자이름5','010-3948-2243','예약요청사항5',129303491,'신한카드',5000,'2022-03-18 20:08:08.0','완');
INSERT INTO reservation (reservation_no,store_no,`date`,people,name,tel,request,pay_no,pay_company,pay_price,pay_date,status) VALUES (6,6,'1991-05-21 21:00:00.0',5,'예약자이름6','010-3948-2243','예약요청사항6',39657241,'국민카드',5000,'2022-03-18 20:08:08.0','완');
INSERT INTO reservation (reservation_no,store_no,`date`,people,name,tel,request,pay_no,pay_company,pay_price,pay_date,status) VALUES (7,7,'1991-05-21 21:00:00.0',5,'예약자이름7','010-3948-2243','예약요청사항7',129303491,'신한카드',5000,'2022-03-18 20:08:08.0','완');
INSERT INTO reservation (reservation_no,store_no,`date`,people,name,tel,request,pay_no,pay_company,pay_price,pay_date,status) VALUES (8,8,'1991-05-21 21:00:00.0',7,'예약자이름8','010-3948-2243','예약요청사항8',129303491,'국민카드',5000,'2022-03-18 20:08:08.0','완');
INSERT INTO reservation (reservation_no,store_no,`date`,people,name,tel,request,pay_no,pay_company,pay_price,pay_date,status) VALUES (9,9,'1991-05-21 21:00:00.0',6,'예약자이름9','010-3948-2243','예약요청사항9',39657241,'국민카드',5000,'2022-03-18 20:08:08.0','완');
INSERT INTO reservation (reservation_no,store_no,`date`,people,name,tel,request,pay_no,pay_company,pay_price,pay_date,status) VALUES (10,10,'1991-05-21 21:00:00.0',6,'예약자이름10','010-3948-2243','예약요청사항10',129303491,'신한카드',5000,'2022-03-18 20:08:08.0','완');
INSERT INTO reservation (reservation_no,store_no,`date`,people,name,tel,request,pay_no,pay_company,pay_price,pay_date,status) VALUES (11,11,'1991-05-21 21:00:00.0',1,'예약자이름11','010-3948-2243','예약요청사항11',693729219,'신한카드',5000,'2022-03-18 20:08:08.0','완');
INSERT INTO reservation (reservation_no,store_no,`date`,people,name,tel,request,pay_no,pay_company,pay_price,pay_date,status) VALUES (12,12,'1991-05-21 21:00:00.0',1,'예약자이름12','010-3948-2243','예약요청사항12',693729219,'국민카드',5000,'2022-03-18 20:08:08.0','완');
INSERT INTO reservation (reservation_no,store_no,`date`,people,name,tel,request,pay_no,pay_company,pay_price,pay_date,status) VALUES (13,13,'1991-05-21 21:00:00.0',8,'예약자이름13','010-3948-2243','예약요청사항13',129303491,'신한카드',5000,'2022-03-18 20:08:08.0','완');
INSERT INTO reservation (reservation_no,store_no,`date`,people,name,tel,request,pay_no,pay_company,pay_price,pay_date,status) VALUES (14,14,'1991-05-21 21:00:00.0',1,'예약자이름14','010-3948-2243','예약요청사항14',39657241,'신한카드',5000,'2022-03-18 20:08:08.0','완');
INSERT INTO reservation (reservation_no,store_no,`date`,people,name,tel,request,pay_no,pay_company,pay_price,pay_date,status) VALUES (15,15,'1991-05-21 21:00:00.0',6,'예약자이름15','010-3948-2243','예약요청사항15',129303491,'신한카드',5000,'2022-03-18 20:08:08.0','완');
INSERT INTO reservation (reservation_no,store_no,`date`,people,name,tel,request,pay_no,pay_company,pay_price,pay_date,status) VALUES (16,16,'1991-05-21 21:00:00.0',8,'예약자이름16','010-3948-2243','예약요청사항16',39657241,'신한카드',5000,'2022-03-18 20:08:08.0','완');
INSERT INTO reservation (reservation_no,store_no,`date`,people,name,tel,request,pay_no,pay_company,pay_price,pay_date,status) VALUES (17,17,'1991-05-21 21:00:00.0',9,'예약자이름17','010-3948-2243','예약요청사항17',129303491,'국민카드',5000,'2022-03-18 20:08:08.0','완');
INSERT INTO reservation (reservation_no,store_no,`date`,people,name,tel,request,pay_no,pay_company,pay_price,pay_date,status) VALUES (18,18,'1991-05-21 21:00:00.0',5,'예약자이름18','010-3948-2243','예약요청사항18',693729219,'신한카드',5000,'2022-03-18 20:08:08.0','완');
INSERT INTO reservation (reservation_no,store_no,`date`,people,name,tel,request,pay_no,pay_company,pay_price,pay_date,status) VALUES (19,19,'1991-05-21 21:00:00.0',6,'예약자이름19','010-3948-2243','예약요청사항19',129303491,'신한카드',5000,'2022-03-18 20:08:08.0','완');
INSERT INTO reservation (reservation_no,store_no,`date`,people,name,tel,request,pay_no,pay_company,pay_price,pay_date,status) VALUES (20,20,'1991-05-21 21:00:00.0',6,'예약자이름20','010-3948-2243','예약요청사항20',39657241,'국민카드',5000,'2022-03-18 20:08:08.0','완');
INSERT INTO reservation (reservation_no,store_no,`date`,people,name,tel,request,pay_no,pay_company,pay_price,pay_date,status) VALUES (21,21,'1991-05-21 21:00:00.0',1,'예약자이름21','010-3948-2243','예약요청사항21',129303491,'신한카드',5000,'2022-03-18 20:08:08.0','완');
INSERT INTO reservation (reservation_no,store_no,`date`,people,name,tel,request,pay_no,pay_company,pay_price,pay_date,status) VALUES (22,22,'1991-05-21 21:00:00.0',6,'예약자이름22','010-3948-2243','예약요청사항22',693729219,'신한카드',5000,'2022-03-18 20:08:08.0','완');
INSERT INTO reservation (reservation_no,store_no,`date`,people,name,tel,request,pay_no,pay_company,pay_price,pay_date,status) VALUES (23,23,'1991-05-21 21:00:00.0',1,'예약자이름23','010-3948-2243','예약요청사항23',129303491,'신한카드',5000,'2022-03-18 20:08:08.0','완');
INSERT INTO reservation (reservation_no,store_no,`date`,people,name,tel,request,pay_no,pay_company,pay_price,pay_date,status) VALUES (24,24,'1991-05-21 21:00:00.0',1,'예약자이름24','010-3948-2243','예약요청사항24',39657241,'국민카드',5000,'2022-03-18 20:08:08.0','완');
INSERT INTO reservation (reservation_no,store_no,`date`,people,name,tel,request,pay_no,pay_company,pay_price,pay_date,status) VALUES (25,25,'1991-05-21 21:00:00.0',4,'예약자이름25','010-3948-2243','예약요청사항25',129303491,'신한카드',5000,'2022-03-18 20:08:08.0','완');
INSERT INTO reservation (reservation_no,store_no,`date`,people,name,tel,request,pay_no,pay_company,pay_price,pay_date,status) VALUES (26,26,'1991-05-21 21:00:00.0',5,'예약자이름26','010-3948-2243','예약요청사항26',693729219,'신한카드',5000,'2022-03-18 20:08:08.0','완');
INSERT INTO reservation (reservation_no,store_no,`date`,people,name,tel,request,pay_no,pay_company,pay_price,pay_date,status) VALUES (27,27,'1991-05-21 21:00:00.0',1,'예약자이름27','010-3948-2243','예약요청사항27',129303491,'신한카드',5000,'2022-03-18 20:08:08.0','완');
INSERT INTO reservation (reservation_no,store_no,`date`,people,name,tel,request,pay_no,pay_company,pay_price,pay_date,status) VALUES (28,28,'1991-05-21 21:00:00.0',1,'예약자이름28','010-3948-2243','예약요청사항28',693729219,'국민카드',5000,'2022-03-18 20:08:08.0','완');
INSERT INTO reservation (reservation_no,store_no,`date`,people,name,tel,request,pay_no,pay_company,pay_price,pay_date,status) VALUES (29,29,'1991-05-21 21:00:00.0',3,'예약자이름29','010-3948-2243','예약요청사항29',129303491,'신한카드',5000,'2022-03-18 20:08:08.0','완');
INSERT INTO reservation (reservation_no,store_no,`date`,people,name,tel,request,pay_no,pay_company,pay_price,pay_date,status) VALUES (30,30,'1991-05-21 21:00:00.0',1,'예약자이름30','010-3948-2243','예약요청사항30',693729219,'신한카드',5000,'2022-03-18 20:08:08.0','완');

-- 리뷰
INSERT INTO review (reservation_no,store_no,contents,reg_date,score,comment_contents,comment_reg_date) VALUES (1,1,'주점리뷰내용1','2022-03-18 20:08:49.0',0.5,'주점리뷰사장님답변1','2022-03-14 00:00:00.0');
INSERT INTO review (reservation_no,store_no,contents,reg_date,score,comment_contents,comment_reg_date) VALUES (2,2,'주점리뷰내용2','2022-03-18 20:08:49.0',2.0,'주점리뷰사장님답변2',NULL);
INSERT INTO review (reservation_no,store_no,contents,reg_date,score,comment_contents,comment_reg_date) VALUES (3,3,'주점리뷰내용3','2022-03-18 20:08:49.0',4.0,'주점리뷰사장님답변3',NULL);
INSERT INTO review (reservation_no,store_no,contents,reg_date,score,comment_contents,comment_reg_date) VALUES (4,4,'주점리뷰내용4','2022-03-18 20:08:49.0',5.0,'주점리뷰사장님답변4','2022-03-16 00:00:00.0');
INSERT INTO review (reservation_no,store_no,contents,reg_date,score,comment_contents,comment_reg_date) VALUES (5,5,'주점리뷰내용5','2022-03-18 20:08:50.0',4.5,'주점리뷰사장님답변5','2022-03-15 00:00:00.0');
INSERT INTO review (reservation_no,store_no,contents,reg_date,score,comment_contents,comment_reg_date) VALUES (6,6,'주점리뷰내용6','2022-03-18 20:08:50.0',4.5,'주점리뷰사장님답변6','2022-03-15 00:00:00.0');
INSERT INTO review (reservation_no,store_no,contents,reg_date,score,comment_contents,comment_reg_date) VALUES (7,7,'주점리뷰내용7','2022-03-18 20:08:50.0',4.5,'주점리뷰사장님답변7','2022-03-15 00:00:00.0');
INSERT INTO review (reservation_no,store_no,contents,reg_date,score,comment_contents,comment_reg_date) VALUES (8,8,'주점리뷰내용8','2022-03-18 20:08:50.0',4.5,'주점리뷰사장님답변8','2022-03-15 00:00:00.0');
INSERT INTO review (reservation_no,store_no,contents,reg_date,score,comment_contents,comment_reg_date) VALUES (9,9,'주점리뷰내용9','2022-03-18 20:08:50.0',4.5,'주점리뷰사장님답변9','2022-03-15 00:00:00.0');
INSERT INTO review (reservation_no,store_no,contents,reg_date,score,comment_contents,comment_reg_date) VALUES (10,10,'주점리뷰내용10','2022-03-18 20:08:50.0',4.5,'주점리뷰사장님답변10','2022-03-15 00:00:00.0');
INSERT INTO review (reservation_no,store_no,contents,reg_date,score,comment_contents,comment_reg_date) VALUES (11,11,'주점리뷰내용11','2022-03-18 20:08:50.0',4.5,'주점리뷰사장님답변11','2022-03-15 00:00:00.0');
INSERT INTO review (reservation_no,store_no,contents,reg_date,score,comment_contents,comment_reg_date) VALUES (12,12,'주점리뷰내용12','2022-03-18 20:08:50.0',4.5,'주점리뷰사장님답변12','2022-03-15 00:00:00.0');
INSERT INTO review (reservation_no,store_no,contents,reg_date,score,comment_contents,comment_reg_date) VALUES (13,13,'주점리뷰내용13','2022-03-18 20:08:50.0',4.5,'주점리뷰사장님답변13','2022-03-15 00:00:00.0');
INSERT INTO review (reservation_no,store_no,contents,reg_date,score,comment_contents,comment_reg_date) VALUES (14,14,'주점리뷰내용14','2022-03-18 20:08:50.0',4.5,'주점리뷰사장님답변14','2022-03-15 00:00:00.0');
INSERT INTO review (reservation_no,store_no,contents,reg_date,score,comment_contents,comment_reg_date) VALUES (15,15,'주점리뷰내용15','2022-03-18 20:08:50.0',4.5,'주점리뷰사장님답변15','2022-03-15 00:00:00.0');
INSERT INTO review (reservation_no,store_no,contents,reg_date,score,comment_contents,comment_reg_date) VALUES (16,16,'주점리뷰내용16','2022-03-18 20:08:50.0',4.5,'주점리뷰사장님답변16','2022-03-15 00:00:00.0');
INSERT INTO review (reservation_no,store_no,contents,reg_date,score,comment_contents,comment_reg_date) VALUES (17,17,'주점리뷰내용17','2022-03-18 20:08:50.0',4.5,'주점리뷰사장님답변17','2022-03-15 00:00:00.0');
INSERT INTO review (reservation_no,store_no,contents,reg_date,score,comment_contents,comment_reg_date) VALUES (18,18,'주점리뷰내용18','2022-03-18 20:08:50.0',4.5,'주점리뷰사장님답변18','2022-03-15 00:00:00.0');
INSERT INTO review (reservation_no,store_no,contents,reg_date,score,comment_contents,comment_reg_date) VALUES (19,19,'주점리뷰내용19','2022-03-18 20:08:50.0',4.5,'주점리뷰사장님답변19','2022-03-15 00:00:00.0');
INSERT INTO review (reservation_no,store_no,contents,reg_date,score,comment_contents,comment_reg_date) VALUES (20,20,'주점리뷰내용20','2022-03-18 20:08:50.0',4.5,'주점리뷰사장님답변20','2022-03-15 00:00:00.0');
INSERT INTO review (reservation_no,store_no,contents,reg_date,score,comment_contents,comment_reg_date) VALUES (21,21,'주점리뷰내용21','2022-03-18 20:08:50.0',4.5,'주점리뷰사장님답변21','2022-03-15 00:00:00.0');
INSERT INTO review (reservation_no,store_no,contents,reg_date,score,comment_contents,comment_reg_date) VALUES (22,22,'주점리뷰내용22','2022-03-18 20:08:50.0',4.5,'주점리뷰사장님답변22','2022-03-15 00:00:00.0');
INSERT INTO review (reservation_no,store_no,contents,reg_date,score,comment_contents,comment_reg_date) VALUES (23,23,'주점리뷰내용23','2022-03-18 20:08:50.0',4.5,'주점리뷰사장님답변23','2022-03-15 00:00:00.0');
INSERT INTO review (reservation_no,store_no,contents,reg_date,score,comment_contents,comment_reg_date) VALUES (24,24,'주점리뷰내용24','2022-03-18 20:08:50.0',4.5,'주점리뷰사장님답변24','2022-03-15 00:00:00.0');
INSERT INTO review (reservation_no,store_no,contents,reg_date,score,comment_contents,comment_reg_date) VALUES (25,25,'주점리뷰내용25','2022-03-18 20:08:50.0',4.5,'주점리뷰사장님답변25','2022-03-15 00:00:00.0');
INSERT INTO review (reservation_no,store_no,contents,reg_date,score,comment_contents,comment_reg_date) VALUES (26,26,'주점리뷰내용26','2022-03-18 20:08:50.0',4.5,'주점리뷰사장님답변26','2022-03-15 00:00:00.0');
INSERT INTO review (reservation_no,store_no,contents,reg_date,score,comment_contents,comment_reg_date) VALUES (27,27,'주점리뷰내용27','2022-03-18 20:08:50.0',4.5,'주점리뷰사장님답변27','2022-03-15 00:00:00.0');
INSERT INTO review (reservation_no,store_no,contents,reg_date,score,comment_contents,comment_reg_date) VALUES (28,28,'주점리뷰내용28','2022-03-18 20:08:50.0',4.5,'주점리뷰사장님답변28','2022-03-15 00:00:00.0');
INSERT INTO review (reservation_no,store_no,contents,reg_date,score,comment_contents,comment_reg_date) VALUES (29,29,'주점리뷰내용29','2022-03-18 20:08:50.0',4.5,'주점리뷰사장님답변29','2022-03-15 00:00:00.0');
INSERT INTO review (reservation_no,store_no,contents,reg_date,score,comment_contents,comment_reg_date) VALUES (30,30,'주점리뷰내용30','2022-03-18 20:08:50.0',4.5,'주점리뷰사장님답변30','2022-03-15 00:00:00.0');

-- 리뷰사진
INSERT INTO review_img (review_img_no,reservation_no,img) VALUES (1,1,'주점리뷰사진1');
INSERT INTO review_img (review_img_no,reservation_no,img) VALUES (2,2,'주점리뷰사진2');
INSERT INTO review_img (review_img_no,reservation_no,img) VALUES (3,3,'주점리뷰사진3');
INSERT INTO review_img (review_img_no,reservation_no,img) VALUES (4,4,'주점리뷰사진4');
INSERT INTO review_img (review_img_no,reservation_no,img) VALUES (5,5,'주점리뷰사진5');
INSERT INTO review_img (review_img_no,reservation_no,img) VALUES (6,6,'주점리뷰사진6');
INSERT INTO review_img (review_img_no,reservation_no,img) VALUES (7,7,'주점리뷰사진7');
INSERT INTO review_img (review_img_no,reservation_no,img) VALUES (8,8,'주점리뷰사진8');
INSERT INTO review_img (review_img_no,reservation_no,img) VALUES (9,9,'주점리뷰사진9');
INSERT INTO review_img (review_img_no,reservation_no,img) VALUES (10,10,'주점리뷰사진10');
INSERT INTO review_img (review_img_no,reservation_no,img) VALUES (11,11,'주점리뷰사진11');
INSERT INTO review_img (review_img_no,reservation_no,img) VALUES (12,12,'주점리뷰사진12');
INSERT INTO review_img (review_img_no,reservation_no,img) VALUES (13,13,'주점리뷰사진13');
INSERT INTO review_img (review_img_no,reservation_no,img) VALUES (14,14,'주점리뷰사진14');
INSERT INTO review_img (review_img_no,reservation_no,img) VALUES (15,15,'주점리뷰사진15');
INSERT INTO review_img (review_img_no,reservation_no,img) VALUES (16,16,'주점리뷰사진16');
INSERT INTO review_img (review_img_no,reservation_no,img) VALUES (17,17,'주점리뷰사진17');
INSERT INTO review_img (review_img_no,reservation_no,img) VALUES (18,18,'주점리뷰사진18');
INSERT INTO review_img (review_img_no,reservation_no,img) VALUES (19,19,'주점리뷰사진19');
INSERT INTO review_img (review_img_no,reservation_no,img) VALUES (20,20,'주점리뷰사진20');
INSERT INTO review_img (review_img_no,reservation_no,img) VALUES (21,21,'주점리뷰사진21');
INSERT INTO review_img (review_img_no,reservation_no,img) VALUES (22,22,'주점리뷰사진22');
INSERT INTO review_img (review_img_no,reservation_no,img) VALUES (23,23,'주점리뷰사진23');
INSERT INTO review_img (review_img_no,reservation_no,img) VALUES (24,24,'주점리뷰사진24');
INSERT INTO review_img (review_img_no,reservation_no,img) VALUES (25,25,'주점리뷰사진25');
INSERT INTO review_img (review_img_no,reservation_no,img) VALUES (26,26,'주점리뷰사진26');
INSERT INTO review_img (review_img_no,reservation_no,img) VALUES (27,27,'주점리뷰사진27');
INSERT INTO review_img (review_img_no,reservation_no,img) VALUES (28,28,'주점리뷰사진28');
INSERT INTO review_img (review_img_no,reservation_no,img) VALUES (29,29,'주점리뷰사진29');
INSERT INTO review_img (review_img_no,reservation_no,img) VALUES (30,30,'주점리뷰사진30');

-- 메뉴
INSERT INTO store_menu (store_menu_no,store_no,name,price,main_accept) VALUES (1,1,'메뉴이름1',7000,1);
INSERT INTO store_menu (store_menu_no,store_no,name,price,main_accept) VALUES (2,1,'메뉴이름2',20000,1);
INSERT INTO store_menu (store_menu_no,store_no,name,price,main_accept) VALUES (3,1,'메뉴이름3',12000,0);
INSERT INTO store_menu (store_menu_no,store_no,name,price,main_accept) VALUES (4,1,'메뉴이름4',45000,1);
INSERT INTO store_menu (store_menu_no,store_no,name,price,main_accept) VALUES (5,1,'메뉴이름5',20000,1);
INSERT INTO store_menu (store_menu_no,store_no,name,price,main_accept) VALUES (6,5,'메뉴이름6',20000,1);
INSERT INTO store_menu (store_menu_no,store_no,name,price,main_accept) VALUES (7,5,'메뉴이름7',20000,1);
INSERT INTO store_menu (store_menu_no,store_no,name,price,main_accept) VALUES (8,5,'메뉴이름8',20000,1);
INSERT INTO store_menu (store_menu_no,store_no,name,price,main_accept) VALUES (9,5,'메뉴이름9',20000,1);
INSERT INTO store_menu (store_menu_no,store_no,name,price,main_accept) VALUES (10,6,'메뉴이름10',20000,1);
INSERT INTO store_menu (store_menu_no,store_no,name,price,main_accept) VALUES (11,6,'메뉴이름11',20000,1);
INSERT INTO store_menu (store_menu_no,store_no,name,price,main_accept) VALUES (12,6,'메뉴이름12',20000,1);
INSERT INTO store_menu (store_menu_no,store_no,name,price,main_accept) VALUES (13,6,'메뉴이름13',20000,1);
INSERT INTO store_menu (store_menu_no,store_no,name,price,main_accept) VALUES (14,6,'메뉴이름14',20000,1);
INSERT INTO store_menu (store_menu_no,store_no,name,price,main_accept) VALUES (15,7,'메뉴이름15',20000,1);
INSERT INTO store_menu (store_menu_no,store_no,name,price,main_accept) VALUES (16,7,'메뉴이름16',20000,1);
INSERT INTO store_menu (store_menu_no,store_no,name,price,main_accept) VALUES (17,7,'메뉴이름17',20000,1);
INSERT INTO store_menu (store_menu_no,store_no,name,price,main_accept) VALUES (18,7,'메뉴이름18',20000,1);
INSERT INTO store_menu (store_menu_no,store_no,name,price,main_accept) VALUES (19,7,'메뉴이름19',20000,1);
INSERT INTO store_menu (store_menu_no,store_no,name,price,main_accept) VALUES (20,8,'메뉴이름20',20000,1);
INSERT INTO store_menu (store_menu_no,store_no,name,price,main_accept) VALUES (21,8,'메뉴이름21',20000,1);
INSERT INTO store_menu (store_menu_no,store_no,name,price,main_accept) VALUES (22,8,'메뉴이름22',20000,1);
INSERT INTO store_menu (store_menu_no,store_no,name,price,main_accept) VALUES (23,8,'메뉴이름23',20000,1);
INSERT INTO store_menu (store_menu_no,store_no,name,price,main_accept) VALUES (24,8,'메뉴이름24',20000,1);
INSERT INTO store_menu (store_menu_no,store_no,name,price,main_accept) VALUES (25,9,'메뉴이름25',20000,1);
INSERT INTO store_menu (store_menu_no,store_no,name,price,main_accept) VALUES (26,9,'메뉴이름26',20000,1);
INSERT INTO store_menu (store_menu_no,store_no,name,price,main_accept) VALUES (27,9,'메뉴이름27',20000,1);
INSERT INTO store_menu (store_menu_no,store_no,name,price,main_accept) VALUES (28,9,'메뉴이름28',20000,1);
INSERT INTO store_menu (store_menu_no,store_no,name,price,main_accept) VALUES (29,9,'메뉴이름29',20000,1);
INSERT INTO store_menu (store_menu_no,store_no,name,price,main_accept) VALUES (30,10,'메뉴이름30',20000,1);
INSERT INTO store_menu (store_menu_no,store_no,name,price,main_accept) VALUES (31,10,'메뉴이름31',20000,1);
INSERT INTO store_menu (store_menu_no,store_no,name,price,main_accept) VALUES (32,10,'메뉴이름32',20000,1);
INSERT INTO store_menu (store_menu_no,store_no,name,price,main_accept) VALUES (33,10,'메뉴이름33',20000,1);
INSERT INTO store_menu (store_menu_no,store_no,name,price,main_accept) VALUES (34,10,'메뉴이름34',20000,1);
INSERT INTO store_menu (store_menu_no,store_no,name,price,main_accept) VALUES (35,11,'메뉴이름35',20000,1);
INSERT INTO store_menu (store_menu_no,store_no,name,price,main_accept) VALUES (36,11,'메뉴이름36',20000,1);
INSERT INTO store_menu (store_menu_no,store_no,name,price,main_accept) VALUES (37,11,'메뉴이름37',20000,1);
INSERT INTO store_menu (store_menu_no,store_no,name,price,main_accept) VALUES (38,11,'메뉴이름38',20000,1);
INSERT INTO store_menu (store_menu_no,store_no,name,price,main_accept) VALUES (39,11,'메뉴이름39',20000,1);
INSERT INTO store_menu (store_menu_no,store_no,name,price,main_accept) VALUES (40,12,'메뉴이름40',20000,1);
INSERT INTO store_menu (store_menu_no,store_no,name,price,main_accept) VALUES (41,12,'메뉴이름41',20000,1);
INSERT INTO store_menu (store_menu_no,store_no,name,price,main_accept) VALUES (42,12,'메뉴이름42',20000,1);
INSERT INTO store_menu (store_menu_no,store_no,name,price,main_accept) VALUES (43,12,'메뉴이름43',20000,1);
INSERT INTO store_menu (store_menu_no,store_no,name,price,main_accept) VALUES (44,12,'메뉴이름44',20000,1);
INSERT INTO store_menu (store_menu_no,store_no,name,price,main_accept) VALUES (45,13,'메뉴이름45',20000,1);
INSERT INTO store_menu (store_menu_no,store_no,name,price,main_accept) VALUES (46,13,'메뉴이름46',20000,1);
INSERT INTO store_menu (store_menu_no,store_no,name,price,main_accept) VALUES (47,13,'메뉴이름47',20000,1);
INSERT INTO store_menu (store_menu_no,store_no,name,price,main_accept) VALUES (48,13,'메뉴이름48',20000,1);
INSERT INTO store_menu (store_menu_no,store_no,name,price,main_accept) VALUES (49,13,'메뉴이름49',20000,1);
INSERT INTO store_menu (store_menu_no,store_no,name,price,main_accept) VALUES (50,14,'메뉴이름50',20000,1);
INSERT INTO store_menu (store_menu_no,store_no,name,price,main_accept) VALUES (51,14,'메뉴이름51',20000,1);
INSERT INTO store_menu (store_menu_no,store_no,name,price,main_accept) VALUES (52,14,'메뉴이름52',20000,1);
INSERT INTO store_menu (store_menu_no,store_no,name,price,main_accept) VALUES (53,14,'메뉴이름53',20000,1);
INSERT INTO store_menu (store_menu_no,store_no,name,price,main_accept) VALUES (54,14,'메뉴이름54',20000,1);
INSERT INTO store_menu (store_menu_no,store_no,name,price,main_accept) VALUES (55,15,'메뉴이름55',20000,1);
INSERT INTO store_menu (store_menu_no,store_no,name,price,main_accept) VALUES (56,15,'메뉴이름56',20000,1);
INSERT INTO store_menu (store_menu_no,store_no,name,price,main_accept) VALUES (57,15,'메뉴이름57',20000,1);
INSERT INTO store_menu (store_menu_no,store_no,name,price,main_accept) VALUES (58,15,'메뉴이름58',20000,1);
INSERT INTO store_menu (store_menu_no,store_no,name,price,main_accept) VALUES (59,15,'메뉴이름59',20000,1);
INSERT INTO store_menu (store_menu_no,store_no,name,price,main_accept) VALUES (60,16,'메뉴이름60',20000,1);
INSERT INTO store_menu (store_menu_no,store_no,name,price,main_accept) VALUES (61,16,'메뉴이름61',20000,1);
INSERT INTO store_menu (store_menu_no,store_no,name,price,main_accept) VALUES (62,16,'메뉴이름62',20000,1);
INSERT INTO store_menu (store_menu_no,store_no,name,price,main_accept) VALUES (63,16,'메뉴이름63',20000,1);
INSERT INTO store_menu (store_menu_no,store_no,name,price,main_accept) VALUES (64,16,'메뉴이름64',20000,1);
INSERT INTO store_menu (store_menu_no,store_no,name,price,main_accept) VALUES (65,17,'메뉴이름65',20000,1);
INSERT INTO store_menu (store_menu_no,store_no,name,price,main_accept) VALUES (66,17,'메뉴이름66',20000,1);
INSERT INTO store_menu (store_menu_no,store_no,name,price,main_accept) VALUES (67,17,'메뉴이름67',20000,1);
INSERT INTO store_menu (store_menu_no,store_no,name,price,main_accept) VALUES (68,17,'메뉴이름68',20000,1);
INSERT INTO store_menu (store_menu_no,store_no,name,price,main_accept) VALUES (69,17,'메뉴이름69',20000,1);
INSERT INTO store_menu (store_menu_no,store_no,name,price,main_accept) VALUES (70,18,'메뉴이름70',20000,1);
INSERT INTO store_menu (store_menu_no,store_no,name,price,main_accept) VALUES (71,18,'메뉴이름71',20000,1);
INSERT INTO store_menu (store_menu_no,store_no,name,price,main_accept) VALUES (72,18,'메뉴이름72',20000,1);
INSERT INTO store_menu (store_menu_no,store_no,name,price,main_accept) VALUES (73,18,'메뉴이름73',20000,1);
INSERT INTO store_menu (store_menu_no,store_no,name,price,main_accept) VALUES (74,18,'메뉴이름74',20000,1);
INSERT INTO store_menu (store_menu_no,store_no,name,price,main_accept) VALUES (75,19,'메뉴이름75',20000,1);
INSERT INTO store_menu (store_menu_no,store_no,name,price,main_accept) VALUES (76,19,'메뉴이름76',20000,1);
INSERT INTO store_menu (store_menu_no,store_no,name,price,main_accept) VALUES (77,19,'메뉴이름77',20000,1);
INSERT INTO store_menu (store_menu_no,store_no,name,price,main_accept) VALUES (78,19,'메뉴이름78',20000,1);
INSERT INTO store_menu (store_menu_no,store_no,name,price,main_accept) VALUES (79,19,'메뉴이름79',20000,1);
INSERT INTO store_menu (store_menu_no,store_no,name,price,main_accept) VALUES (80,20,'메뉴이름80',20000,1);
INSERT INTO store_menu (store_menu_no,store_no,name,price,main_accept) VALUES (81,20,'메뉴이름81',20000,1);
INSERT INTO store_menu (store_menu_no,store_no,name,price,main_accept) VALUES (82,20,'메뉴이름82',20000,1);
INSERT INTO store_menu (store_menu_no,store_no,name,price,main_accept) VALUES (83,20,'메뉴이름83',20000,1);
INSERT INTO store_menu (store_menu_no,store_no,name,price,main_accept) VALUES (84,20,'메뉴이름84',20000,1);
INSERT INTO store_menu (store_menu_no,store_no,name,price,main_accept) VALUES (85,21,'메뉴이름85',20000,1);
INSERT INTO store_menu (store_menu_no,store_no,name,price,main_accept) VALUES (86,21,'메뉴이름86',20000,1);
INSERT INTO store_menu (store_menu_no,store_no,name,price,main_accept) VALUES (87,21,'메뉴이름87',20000,1);
INSERT INTO store_menu (store_menu_no,store_no,name,price,main_accept) VALUES (88,21,'메뉴이름88',20000,1);
INSERT INTO store_menu (store_menu_no,store_no,name,price,main_accept) VALUES (89,21,'메뉴이름89',20000,1);
INSERT INTO store_menu (store_menu_no,store_no,name,price,main_accept) VALUES (90,22,'메뉴이름90',20000,1);
INSERT INTO store_menu (store_menu_no,store_no,name,price,main_accept) VALUES (91,22,'메뉴이름91',20000,1);
INSERT INTO store_menu (store_menu_no,store_no,name,price,main_accept) VALUES (92,22,'메뉴이름92',20000,1);
INSERT INTO store_menu (store_menu_no,store_no,name,price,main_accept) VALUES (93,22,'메뉴이름93',20000,1);
INSERT INTO store_menu (store_menu_no,store_no,name,price,main_accept) VALUES (94,22,'메뉴이름94',20000,1);
INSERT INTO store_menu (store_menu_no,store_no,name,price,main_accept) VALUES (95,23,'메뉴이름95',20000,1);
INSERT INTO store_menu (store_menu_no,store_no,name,price,main_accept) VALUES (96,23,'메뉴이름96',20000,1);
INSERT INTO store_menu (store_menu_no,store_no,name,price,main_accept) VALUES (97,23,'메뉴이름97',20000,1);
INSERT INTO store_menu (store_menu_no,store_no,name,price,main_accept) VALUES (98,23,'메뉴이름98',20000,1);
INSERT INTO store_menu (store_menu_no,store_no,name,price,main_accept) VALUES (99,23,'메뉴이름99',20000,1);
INSERT INTO store_menu (store_menu_no,store_no,name,price,main_accept) VALUES (100,24,'메뉴이름100',20000,1);
INSERT INTO store_menu (store_menu_no,store_no,name,price,main_accept) VALUES (101,24,'메뉴이름101',20000,1);
INSERT INTO store_menu (store_menu_no,store_no,name,price,main_accept) VALUES (102,24,'메뉴이름102',20000,1);
INSERT INTO store_menu (store_menu_no,store_no,name,price,main_accept) VALUES (103,24,'메뉴이름103',20000,1);
INSERT INTO store_menu (store_menu_no,store_no,name,price,main_accept) VALUES (104,24,'메뉴이름104',20000,1);
INSERT INTO store_menu (store_menu_no,store_no,name,price,main_accept) VALUES (105,25,'메뉴이름105',20000,1);
INSERT INTO store_menu (store_menu_no,store_no,name,price,main_accept) VALUES (106,25,'메뉴이름106',20000,1);
INSERT INTO store_menu (store_menu_no,store_no,name,price,main_accept) VALUES (107,25,'메뉴이름107',20000,1);
INSERT INTO store_menu (store_menu_no,store_no,name,price,main_accept) VALUES (108,25,'메뉴이름108',20000,1);
INSERT INTO store_menu (store_menu_no,store_no,name,price,main_accept) VALUES (109,25,'메뉴이름109',20000,1);
INSERT INTO store_menu (store_menu_no,store_no,name,price,main_accept) VALUES (110,26,'메뉴이름110',20000,1);
INSERT INTO store_menu (store_menu_no,store_no,name,price,main_accept) VALUES (111,26,'메뉴이름111',20000,1);
INSERT INTO store_menu (store_menu_no,store_no,name,price,main_accept) VALUES (112,26,'메뉴이름112',20000,1);
INSERT INTO store_menu (store_menu_no,store_no,name,price,main_accept) VALUES (113,26,'메뉴이름113',20000,1);
INSERT INTO store_menu (store_menu_no,store_no,name,price,main_accept) VALUES (114,26,'메뉴이름114',20000,1);
INSERT INTO store_menu (store_menu_no,store_no,name,price,main_accept) VALUES (115,27,'메뉴이름115',20000,1);
INSERT INTO store_menu (store_menu_no,store_no,name,price,main_accept) VALUES (116,27,'메뉴이름116',20000,1);
INSERT INTO store_menu (store_menu_no,store_no,name,price,main_accept) VALUES (117,27,'메뉴이름117',20000,1);
INSERT INTO store_menu (store_menu_no,store_no,name,price,main_accept) VALUES (118,27,'메뉴이름118',20000,1);
INSERT INTO store_menu (store_menu_no,store_no,name,price,main_accept) VALUES (119,27,'메뉴이름119',20000,1);
INSERT INTO store_menu (store_menu_no,store_no,name,price,main_accept) VALUES (120,28,'메뉴이름120',20000,1);
INSERT INTO store_menu (store_menu_no,store_no,name,price,main_accept) VALUES (121,28,'메뉴이름121',20000,1);
INSERT INTO store_menu (store_menu_no,store_no,name,price,main_accept) VALUES (122,28,'메뉴이름122',20000,1);
INSERT INTO store_menu (store_menu_no,store_no,name,price,main_accept) VALUES (123,28,'메뉴이름123',20000,1);
INSERT INTO store_menu (store_menu_no,store_no,name,price,main_accept) VALUES (124,28,'메뉴이름124',20000,1);
INSERT INTO store_menu (store_menu_no,store_no,name,price,main_accept) VALUES (125,29,'메뉴이름125',20000,1);
INSERT INTO store_menu (store_menu_no,store_no,name,price,main_accept) VALUES (126,29,'메뉴이름126',20000,1);
INSERT INTO store_menu (store_menu_no,store_no,name,price,main_accept) VALUES (127,29,'메뉴이름127',20000,1);
INSERT INTO store_menu (store_menu_no,store_no,name,price,main_accept) VALUES (128,29,'메뉴이름128',20000,1);
INSERT INTO store_menu (store_menu_no,store_no,name,price,main_accept) VALUES (129,29,'메뉴이름129',20000,1);
INSERT INTO store_menu (store_menu_no,store_no,name,price,main_accept) VALUES (130,30,'메뉴이름130',20000,1);
INSERT INTO store_menu (store_menu_no,store_no,name,price,main_accept) VALUES (131,30,'메뉴이름131',20000,1);
INSERT INTO store_menu (store_menu_no,store_no,name,price,main_accept) VALUES (132,30,'메뉴이름132',20000,1);
INSERT INTO store_menu (store_menu_no,store_no,name,price,main_accept) VALUES (133,30,'메뉴이름133',20000,1);
INSERT INTO store_menu (store_menu_no,store_no,name,price,main_accept) VALUES (134,30,'메뉴이름134',20000,1);

-- 메뉴사진
INSERT INTO menu_img (menu_img_no,store_menu_no,img) VALUES (1,1,'메뉴사진1');
INSERT INTO menu_img (menu_img_no,store_menu_no,img) VALUES (2,2,'메뉴사진2');
INSERT INTO menu_img (menu_img_no,store_menu_no,img) VALUES (3,3,'메뉴사진3');
INSERT INTO menu_img (menu_img_no,store_menu_no,img) VALUES (4,4,'메뉴사진4');
INSERT INTO menu_img (menu_img_no,store_menu_no,img) VALUES (5,5,'메뉴사진5');
INSERT INTO menu_img (menu_img_no,store_menu_no,img) VALUES (6,1,'메뉴사진6');
INSERT INTO menu_img (menu_img_no,store_menu_no,img) VALUES (7,2,'메뉴사진7');
INSERT INTO menu_img (menu_img_no,store_menu_no,img) VALUES (8,3,'메뉴사진8');
INSERT INTO menu_img (menu_img_no,store_menu_no,img) VALUES (9,4,'메뉴사진9');
INSERT INTO menu_img (menu_img_no,store_menu_no,img) VALUES (10,5,'메뉴사진10');
INSERT INTO menu_img (menu_img_no,store_menu_no,img) VALUES (11,1,'메뉴사진11');
INSERT INTO menu_img (menu_img_no,store_menu_no,img) VALUES (12,2,'메뉴사진12');
INSERT INTO menu_img (menu_img_no,store_menu_no,img) VALUES (13,3,'메뉴사진13');
INSERT INTO menu_img (menu_img_no,store_menu_no,img) VALUES (14,4,'메뉴사진14');
INSERT INTO menu_img (menu_img_no,store_menu_no,img) VALUES (15,5,'메뉴사진15');
INSERT INTO menu_img (menu_img_no,store_menu_no,img) VALUES (16,1,'메뉴사진16');
INSERT INTO menu_img (menu_img_no,store_menu_no,img) VALUES (17,2,'메뉴사진17');
INSERT INTO menu_img (menu_img_no,store_menu_no,img) VALUES (18,3,'메뉴사진18');
INSERT INTO menu_img (menu_img_no,store_menu_no,img) VALUES (19,4,'메뉴사진19');
INSERT INTO menu_img (menu_img_no,store_menu_no,img) VALUES (20,5,'메뉴사진20');
INSERT INTO menu_img (menu_img_no,store_menu_no,img) VALUES (21,1,'메뉴사진21');
INSERT INTO menu_img (menu_img_no,store_menu_no,img) VALUES (22,2,'메뉴사진22');
INSERT INTO menu_img (menu_img_no,store_menu_no,img) VALUES (23,3,'메뉴사진23');
INSERT INTO menu_img (menu_img_no,store_menu_no,img) VALUES (24,4,'메뉴사진24');
INSERT INTO menu_img (menu_img_no,store_menu_no,img) VALUES (25,5,'메뉴사진25');
INSERT INTO menu_img (menu_img_no,store_menu_no,img) VALUES (26,1,'메뉴사진26');
INSERT INTO menu_img (menu_img_no,store_menu_no,img) VALUES (27,2,'메뉴사진27');
INSERT INTO menu_img (menu_img_no,store_menu_no,img) VALUES (28,5,'메뉴사진28');
INSERT INTO menu_img (menu_img_no,store_menu_no,img) VALUES (29,4,'메뉴사진29');
INSERT INTO menu_img (menu_img_no,store_menu_no,img) VALUES (30,5,'메뉴사진30');

-- 게시글댓글
INSERT INTO board_comment (board_comment_no,mno,board_no,comment_contents,comment_date,update_date) VALUES (1,1,1,'게시글댓글1','2022-03-18 17:49:44.0','2022-03-18 21:23:46.0');
INSERT INTO board_comment (board_comment_no,mno,board_no,comment_contents,comment_date,update_date) VALUES (2,2,2,'게시글댓글2','2022-03-18 17:49:44.0','2022-03-18 21:23:46.0');
INSERT INTO board_comment (board_comment_no,mno,board_no,comment_contents,comment_date,update_date) VALUES (3,3,3,'게시글댓글3','2022-03-18 17:49:44.0','2022-03-18 21:23:46.0');
INSERT INTO board_comment (board_comment_no,mno,board_no,comment_contents,comment_date,update_date) VALUES (4,4,4,'게시글댓글4','2022-03-18 17:49:44.0','2022-03-18 21:23:46.0');
INSERT INTO board_comment (board_comment_no,mno,board_no,comment_contents,comment_date,update_date) VALUES (5,5,5,'게시글댓글5','2022-03-18 17:49:44.0','2022-03-18 21:23:46.0');
INSERT INTO board_comment (board_comment_no,mno,board_no,comment_contents,comment_date,update_date) VALUES (6,6,6,'게시글댓글6','2022-03-18 17:49:44.0','2022-03-18 17:49:44.0');
INSERT INTO board_comment (board_comment_no,mno,board_no,comment_contents,comment_date,update_date) VALUES (7,7,7,'게시글댓글7','2022-03-18 17:49:44.0','2022-03-18 17:49:44.0');
INSERT INTO board_comment (board_comment_no,mno,board_no,comment_contents,comment_date,update_date) VALUES (8,8,3,'게시글댓글8','2022-03-18 17:49:44.0','2022-03-18 17:49:44.0');
INSERT INTO board_comment (board_comment_no,mno,board_no,comment_contents,comment_date,update_date) VALUES (9,9,9,'게시글댓글9','2022-03-18 17:49:44.0','2022-03-18 17:49:44.0');
INSERT INTO board_comment (board_comment_no,mno,board_no,comment_contents,comment_date,update_date) VALUES (10,10,10,'게시글댓글10','2022-03-18 17:49:44.0','2022-03-18 17:49:44.0');
INSERT INTO board_comment (board_comment_no,mno,board_no,comment_contents,comment_date,update_date) VALUES (11,11,11,'게시글댓글11','2022-03-18 17:49:44.0','2022-03-18 17:49:44.0');
INSERT INTO board_comment (board_comment_no,mno,board_no,comment_contents,comment_date,update_date) VALUES (12,12,12,'게시글댓글12','2022-03-18 17:49:44.0','2022-03-18 17:49:44.0');
INSERT INTO board_comment (board_comment_no,mno,board_no,comment_contents,comment_date,update_date) VALUES (13,13,13,'게시글댓글13','2022-03-18 17:49:44.0','2022-03-18 17:49:44.0');
INSERT INTO board_comment (board_comment_no,mno,board_no,comment_contents,comment_date,update_date) VALUES (14,14,14,'게시글댓글14','2022-03-18 17:49:44.0','2022-03-18 17:49:44.0');
INSERT INTO board_comment (board_comment_no,mno,board_no,comment_contents,comment_date,update_date) VALUES (15,15,15,'게시글댓글15','2022-03-18 17:49:44.0','2022-03-18 17:49:44.0');
INSERT INTO board_comment (board_comment_no,mno,board_no,comment_contents,comment_date,update_date) VALUES (16,16,16,'게시글댓글16','2022-03-18 17:49:44.0','2022-03-18 17:49:44.0');
INSERT INTO board_comment (board_comment_no,mno,board_no,comment_contents,comment_date,update_date) VALUES (17,17,17,'게시글댓글17','2022-03-18 17:49:44.0','2022-03-18 17:49:44.0');
INSERT INTO board_comment (board_comment_no,mno,board_no,comment_contents,comment_date,update_date) VALUES (18,18,18,'게시글댓글18','2022-03-18 17:49:44.0','2022-03-18 17:49:44.0');
INSERT INTO board_comment (board_comment_no,mno,board_no,comment_contents,comment_date,update_date) VALUES (19,19,19,'게시글댓글19','2022-03-18 17:49:44.0','2022-03-18 17:49:44.0');
INSERT INTO board_comment (board_comment_no,mno,board_no,comment_contents,comment_date,update_date) VALUES (20,20,20,'게시글댓글20','2022-03-18 17:49:44.0','2022-03-18 17:49:44.0');
INSERT INTO board_comment (board_comment_no,mno,board_no,comment_contents,comment_date,update_date) VALUES (21,21,21,'게시글댓글21','2022-03-18 17:49:44.0','2022-03-18 17:49:44.0');
INSERT INTO board_comment (board_comment_no,mno,board_no,comment_contents,comment_date,update_date) VALUES (22,22,22,'게시글댓글22','2022-03-18 17:49:44.0','2022-03-18 17:49:44.0');
INSERT INTO board_comment (board_comment_no,mno,board_no,comment_contents,comment_date,update_date) VALUES (23,23,23,'게시글댓글23','2022-03-18 17:49:44.0','2022-03-18 17:49:44.0');
INSERT INTO board_comment (board_comment_no,mno,board_no,comment_contents,comment_date,update_date) VALUES (24,24,24,'게시글댓글24','2022-03-18 17:49:44.0','2022-03-18 17:49:44.0');
INSERT INTO board_comment (board_comment_no,mno,board_no,comment_contents,comment_date,update_date) VALUES (25,25,25,'게시글댓글25','2022-03-18 17:49:44.0','2022-03-18 17:49:44.0');
INSERT INTO board_comment (board_comment_no,mno,board_no,comment_contents,comment_date,update_date) VALUES (26,26,26,'게시글댓글26','2022-03-18 17:49:44.0','2022-03-18 17:49:44.0');
INSERT INTO board_comment (board_comment_no,mno,board_no,comment_contents,comment_date,update_date) VALUES (27,27,27,'게시글댓글27','2022-03-18 17:49:44.0','2022-03-18 17:49:44.0');
INSERT INTO board_comment (board_comment_no,mno,board_no,comment_contents,comment_date,update_date) VALUES (28,28,28,'게시글댓글28','2022-03-18 17:49:44.0','2022-03-18 17:49:44.0');
INSERT INTO board_comment (board_comment_no,mno,board_no,comment_contents,comment_date,update_date) VALUES (29,29,29,'게시글댓글29','2022-03-18 17:49:44.0','2022-03-18 17:49:44.0');
INSERT INTO board_comment (board_comment_no,mno,board_no,comment_contents,comment_date,update_date) VALUES (30,30,30,'게시글댓글30','2022-03-18 17:49:44.0','2022-03-18 17:49:44.0');

-- 게시글찜
INSERT INTO board_select (mno,board_no) VALUES (1,1);
INSERT INTO board_select (mno,board_no) VALUES (2,2);
INSERT INTO board_select (mno,board_no) VALUES (3,3);
INSERT INTO board_select (mno,board_no) VALUES (4,4);
INSERT INTO board_select (mno,board_no) VALUES (5,5);
INSERT INTO board_select (mno,board_no) VALUES (6,6);
INSERT INTO board_select (mno,board_no) VALUES (7,7);
INSERT INTO board_select (mno,board_no) VALUES (8,8);
INSERT INTO board_select (mno,board_no) VALUES (9,9);
INSERT INTO board_select (mno,board_no) VALUES (10,10);
INSERT INTO board_select (mno,board_no) VALUES (11,11);
INSERT INTO board_select (mno,board_no) VALUES (12,12);
INSERT INTO board_select (mno,board_no) VALUES (13,13);
INSERT INTO board_select (mno,board_no) VALUES (14,14);
INSERT INTO board_select (mno,board_no) VALUES (15,15);
INSERT INTO board_select (mno,board_no) VALUES (16,16);
INSERT INTO board_select (mno,board_no) VALUES (17,17);
INSERT INTO board_select (mno,board_no) VALUES (18,18);
INSERT INTO board_select (mno,board_no) VALUES (19,19);
INSERT INTO board_select (mno,board_no) VALUES (20,20);
INSERT INTO board_select (mno,board_no) VALUES (21,21);
INSERT INTO board_select (mno,board_no) VALUES (22,22);
INSERT INTO board_select (mno,board_no) VALUES (23,23);
INSERT INTO board_select (mno,board_no) VALUES (24,24);
INSERT INTO board_select (mno,board_no) VALUES (25,25);
INSERT INTO board_select (mno,board_no) VALUES (26,26);
INSERT INTO board_select (mno,board_no) VALUES (27,27);
INSERT INTO board_select (mno,board_no) VALUES (28,28);
INSERT INTO board_select (mno,board_no) VALUES (29,29);
INSERT INTO board_select (mno,board_no) VALUES (30,30);

-- 참석자
INSERT INTO party_participant (party_no,mno,participant_status) VALUES (1,1,'참');
INSERT INTO party_participant (party_no,mno,participant_status) VALUES (1,2,'참');
INSERT INTO party_participant (party_no,mno,participant_status) VALUES (1,3,'참');
INSERT INTO party_participant (party_no,mno,participant_status) VALUES (1,4,'참');
INSERT INTO party_participant (party_no,mno,participant_status) VALUES (1,5,'참');
INSERT INTO party_participant (party_no,mno,participant_status) VALUES (2,1,'참');
INSERT INTO party_participant (party_no,mno,participant_status) VALUES (2,2,'참');
INSERT INTO party_participant (party_no,mno,participant_status) VALUES (2,3,'참');
INSERT INTO party_participant (party_no,mno,participant_status) VALUES (2,4,'참');
INSERT INTO party_participant (party_no,mno,participant_status) VALUES (2,5,'참');
INSERT INTO party_participant (party_no,mno,participant_status) VALUES (3,1,'참');
INSERT INTO party_participant (party_no,mno,participant_status) VALUES (3,2,'참');
INSERT INTO party_participant (party_no,mno,participant_status) VALUES (3,3,'참');
INSERT INTO party_participant (party_no,mno,participant_status) VALUES (3,4,'참');
INSERT INTO party_participant (party_no,mno,participant_status) VALUES (3,5,'참');
INSERT INTO party_participant (party_no,mno,participant_status) VALUES (4,1,'참');
INSERT INTO party_participant (party_no,mno,participant_status) VALUES (4,2,'참');
INSERT INTO party_participant (party_no,mno,participant_status) VALUES (4,3,'참');
INSERT INTO party_participant (party_no,mno,participant_status) VALUES (4,4,'참');
INSERT INTO party_participant (party_no,mno,participant_status) VALUES (4,5,'참');
INSERT INTO party_participant (party_no,mno,participant_status) VALUES (5,1,'참');
INSERT INTO party_participant (party_no,mno,participant_status) VALUES (5,2,'참');
INSERT INTO party_participant (party_no,mno,participant_status) VALUES (5,3,'참');
INSERT INTO party_participant (party_no,mno,participant_status) VALUES (5,4,'참');
INSERT INTO party_participant (party_no,mno,participant_status) VALUES (5,5,'참');

-- 모임게시판
INSERT INTO party_board (party_board_no,party_no,mno,board_reg_date,message,message_time,message_status) VALUES (1,1,1,'2022-03-18 17:49:45.0','모임게시판내용1',NULL,1);
INSERT INTO party_board (party_board_no,party_no,mno,board_reg_date,message,message_time,message_status) VALUES (2,1,2,'2022-03-18 17:49:45.0','모임게시판내용2',NULL,1);
INSERT INTO party_board (party_board_no,party_no,mno,board_reg_date,message,message_time,message_status) VALUES (3,1,3,'2022-03-18 17:49:45.0','모임게시판내용3',NULL,1);
INSERT INTO party_board (party_board_no,party_no,mno,board_reg_date,message,message_time,message_status) VALUES (4,1,4,'2022-03-18 17:49:45.0','모임게시판내용4',NULL,1);
INSERT INTO party_board (party_board_no,party_no,mno,board_reg_date,message,message_time,message_status) VALUES (5,1,5,'2022-03-18 17:49:45.0','모임게시판내용5',NULL,1);
INSERT INTO party_board (party_board_no,party_no,mno,board_reg_date,message,message_time,message_status) VALUES (6,1,1,'2022-03-18 17:49:45.0','모임게시판내용6',NULL,1);
INSERT INTO party_board (party_board_no,party_no,mno,board_reg_date,message,message_time,message_status) VALUES (7,2,1,'2022-03-18 17:49:45.0','모임게시판내용7',NULL,1);
INSERT INTO party_board (party_board_no,party_no,mno,board_reg_date,message,message_time,message_status) VALUES (8,2,2,'2022-03-18 17:49:45.0','모임게시판내용8',NULL,1);
INSERT INTO party_board (party_board_no,party_no,mno,board_reg_date,message,message_time,message_status) VALUES (9,2,3,'2022-03-18 17:49:45.0','모임게시판내용9',NULL,1);
INSERT INTO party_board (party_board_no,party_no,mno,board_reg_date,message,message_time,message_status) VALUES (10,2,4,'2022-03-18 17:49:45.0','모임게시판내용10',NULL,1);
INSERT INTO party_board (party_board_no,party_no,mno,board_reg_date,message,message_time,message_status) VALUES (11,2,5,'2022-03-18 17:49:45.0','모임게시판내용11',NULL,1);
INSERT INTO party_board (party_board_no,party_no,mno,board_reg_date,message,message_time,message_status) VALUES (12,2,5,'2022-03-18 17:49:45.0','모임게시판내용12',NULL,1);
INSERT INTO party_board (party_board_no,party_no,mno,board_reg_date,message,message_time,message_status) VALUES (13,3,1,'2022-03-18 17:49:45.0','모임게시판내용13',NULL,1);
INSERT INTO party_board (party_board_no,party_no,mno,board_reg_date,message,message_time,message_status) VALUES (14,3,2,'2022-03-18 17:49:45.0','모임게시판내용14',NULL,1);
INSERT INTO party_board (party_board_no,party_no,mno,board_reg_date,message,message_time,message_status) VALUES (15,3,3,'2022-03-18 17:49:45.0','모임게시판내용15',NULL,1);
INSERT INTO party_board (party_board_no,party_no,mno,board_reg_date,message,message_time,message_status) VALUES (16,3,4,'2022-03-18 17:49:45.0','모임게시판내용16',NULL,1);
INSERT INTO party_board (party_board_no,party_no,mno,board_reg_date,message,message_time,message_status) VALUES (17,3,5,'2022-03-18 17:49:45.0','모임게시판내용17',NULL,1);
INSERT INTO party_board (party_board_no,party_no,mno,board_reg_date,message,message_time,message_status) VALUES (18,3,5,'2022-03-18 17:49:45.0','모임게시판내용18',NULL,1);
INSERT INTO party_board (party_board_no,party_no,mno,board_reg_date,message,message_time,message_status) VALUES (19,4,1,'2022-03-18 17:49:45.0','모임게시판내용19',NULL,1);
INSERT INTO party_board (party_board_no,party_no,mno,board_reg_date,message,message_time,message_status) VALUES (20,4,2,'2022-03-18 17:49:45.0','모임게시판내용20',NULL,1);
INSERT INTO party_board (party_board_no,party_no,mno,board_reg_date,message,message_time,message_status) VALUES (21,4,3,'2022-03-18 17:49:45.0','모임게시판내용21',NULL,1);
INSERT INTO party_board (party_board_no,party_no,mno,board_reg_date,message,message_time,message_status) VALUES (22,4,4,'2022-03-18 17:49:45.0','모임게시판내용22',NULL,1);
INSERT INTO party_board (party_board_no,party_no,mno,board_reg_date,message,message_time,message_status) VALUES (23,4,5,'2022-03-18 17:49:45.0','모임게시판내용23',NULL,1);
INSERT INTO party_board (party_board_no,party_no,mno,board_reg_date,message,message_time,message_status) VALUES (24,4,5,'2022-03-18 17:49:45.0','모임게시판내용24',NULL,1);
INSERT INTO party_board (party_board_no,party_no,mno,board_reg_date,message,message_time,message_status) VALUES (25,5,1,'2022-03-18 17:49:45.0','모임게시판내용25',NULL,1);
INSERT INTO party_board (party_board_no,party_no,mno,board_reg_date,message,message_time,message_status) VALUES (26,5,2,'2022-03-18 17:49:45.0','모임게시판내용26',NULL,1);
INSERT INTO party_board (party_board_no,party_no,mno,board_reg_date,message,message_time,message_status) VALUES (27,5,3,'2022-03-18 17:49:45.0','모임게시판내용27',NULL,1);
INSERT INTO party_board (party_board_no,party_no,mno,board_reg_date,message,message_time,message_status) VALUES (28,5,4,'2022-03-18 17:49:45.0','모임게시판내용28',NULL,1);
INSERT INTO party_board (party_board_no,party_no,mno,board_reg_date,message,message_time,message_status) VALUES (29,5,5,'2022-03-18 17:49:45.0','모임게시판내용29',NULL,1);
INSERT INTO party_board (party_board_no,party_no,mno,board_reg_date,message,message_time,message_status) VALUES (30,5,5,'2022-03-18 17:49:45.0','모임게시판내용30',NULL,1);

--모임찜
INSERT INTO party_board_select (mno,party_board_no) VALUES (1,1);
INSERT INTO party_board_select (mno,party_board_no) VALUES (2,2);
INSERT INTO party_board_select (mno,party_board_no) VALUES (3,3);
INSERT INTO party_board_select (mno,party_board_no) VALUES (4,4);
INSERT INTO party_board_select (mno,party_board_no) VALUES (5,5);
INSERT INTO party_board_select (mno,party_board_no) VALUES (6,6);
INSERT INTO party_board_select (mno,party_board_no) VALUES (7,7);
INSERT INTO party_board_select (mno,party_board_no) VALUES (8,8);
INSERT INTO party_board_select (mno,party_board_no) VALUES (9,9);
INSERT INTO party_board_select (mno,party_board_no) VALUES (10,10);
INSERT INTO party_board_select (mno,party_board_no) VALUES (11,11);
INSERT INTO party_board_select (mno,party_board_no) VALUES (12,12);
INSERT INTO party_board_select (mno,party_board_no) VALUES (13,13);
INSERT INTO party_board_select (mno,party_board_no) VALUES (14,14);
INSERT INTO party_board_select (mno,party_board_no) VALUES (15,15);
INSERT INTO party_board_select (mno,party_board_no) VALUES (16,16);
INSERT INTO party_board_select (mno,party_board_no) VALUES (17,17);
INSERT INTO party_board_select (mno,party_board_no) VALUES (18,18);
INSERT INTO party_board_select (mno,party_board_no) VALUES (19,19);
INSERT INTO party_board_select (mno,party_board_no) VALUES (20,20);
INSERT INTO party_board_select (mno,party_board_no) VALUES (21,21);
INSERT INTO party_board_select (mno,party_board_no) VALUES (22,22);
INSERT INTO party_board_select (mno,party_board_no) VALUES (23,23);
INSERT INTO party_board_select (mno,party_board_no) VALUES (24,24);
INSERT INTO party_board_select (mno,party_board_no) VALUES (25,25);
INSERT INTO party_board_select (mno,party_board_no) VALUES (26,26);
INSERT INTO party_board_select (mno,party_board_no) VALUES (27,27);
INSERT INTO party_board_select (mno,party_board_no) VALUES (28,28);
INSERT INTO party_board_select (mno,party_board_no) VALUES (29,29);
INSERT INTO party_board_select (mno,party_board_no) VALUES (30,30);

-- 주점찜
INSERT INTO store_select (store_no,mno) VALUES (1,1);
INSERT INTO store_select (store_no,mno) VALUES (2,2);
INSERT INTO store_select (store_no,mno) VALUES (3,3);
INSERT INTO store_select (store_no,mno) VALUES (4,4);
INSERT INTO store_select (store_no,mno) VALUES (5,5);
INSERT INTO store_select (store_no,mno) VALUES (6,6);
INSERT INTO store_select (store_no,mno) VALUES (7,7);
INSERT INTO store_select (store_no,mno) VALUES (8,8);
INSERT INTO store_select (store_no,mno) VALUES (9,9);
INSERT INTO store_select (store_no,mno) VALUES (10,10);
INSERT INTO store_select (store_no,mno) VALUES (11,11);
INSERT INTO store_select (store_no,mno) VALUES (11,12);
INSERT INTO store_select (store_no,mno) VALUES (13,13);
INSERT INTO store_select (store_no,mno) VALUES (14,14);
INSERT INTO store_select (store_no,mno) VALUES (15,15);
INSERT INTO store_select (store_no,mno) VALUES (16,16);
INSERT INTO store_select (store_no,mno) VALUES (17,17);
INSERT INTO store_select (store_no,mno) VALUES (18,18);
INSERT INTO store_select (store_no,mno) VALUES (19,19);
INSERT INTO store_select (store_no,mno) VALUES (20,20);
INSERT INTO store_select (store_no,mno) VALUES (21,21);
INSERT INTO store_select (store_no,mno) VALUES (22,22);
INSERT INTO store_select (store_no,mno) VALUES (23,23);
INSERT INTO store_select (store_no,mno) VALUES (24,24);
INSERT INTO store_select (store_no,mno) VALUES (25,25);
INSERT INTO store_select (store_no,mno) VALUES (26,26);
INSERT INTO store_select (store_no,mno) VALUES (27,27);
INSERT INTO store_select (store_no,mno) VALUES (28,28);
INSERT INTO store_select (store_no,mno) VALUES (29,29);
INSERT INTO store_select (store_no,mno) VALUES (30,30);

-- 모임주점평가
INSERT INTO party_store_evaluation (party_no,mno,score) VALUES (1,1,1.5);
INSERT INTO party_store_evaluation (party_no,mno,score) VALUES (1,2,2.5);
INSERT INTO party_store_evaluation (party_no,mno,score) VALUES (1,3,2.5);
INSERT INTO party_store_evaluation (party_no,mno,score) VALUES (1,4,2.5);
INSERT INTO party_store_evaluation (party_no,mno,score) VALUES (1,5,5.0);
INSERT INTO party_store_evaluation (party_no,mno,score) VALUES (2,1,5.0);
INSERT INTO party_store_evaluation (party_no,mno,score) VALUES (2,2,5.0);
INSERT INTO party_store_evaluation (party_no,mno,score) VALUES (2,3,5.0);
INSERT INTO party_store_evaluation (party_no,mno,score) VALUES (2,4,5.0);
INSERT INTO party_store_evaluation (party_no,mno,score) VALUES (2,5,5.0);
INSERT INTO party_store_evaluation (party_no,mno,score) VALUES (3,1,5.0);
INSERT INTO party_store_evaluation (party_no,mno,score) VALUES (3,2,5.0);
INSERT INTO party_store_evaluation (party_no,mno,score) VALUES (3,3,5.0);
INSERT INTO party_store_evaluation (party_no,mno,score) VALUES (3,4,5.0);
INSERT INTO party_store_evaluation (party_no,mno,score) VALUES (3,5,5.0);
INSERT INTO party_store_evaluation (party_no,mno,score) VALUES (4,1,5.0);
INSERT INTO party_store_evaluation (party_no,mno,score) VALUES (4,2,5.0);
INSERT INTO party_store_evaluation (party_no,mno,score) VALUES (4,3,5.0);
INSERT INTO party_store_evaluation (party_no,mno,score) VALUES (4,4,5.0);
INSERT INTO party_store_evaluation (party_no,mno,score) VALUES (4,5,5.0);
INSERT INTO party_store_evaluation (party_no,mno,score) VALUES (5,1,5.0);
INSERT INTO party_store_evaluation (party_no,mno,score) VALUES (5,2,5.0);
INSERT INTO party_store_evaluation (party_no,mno,score) VALUES (5,3,5.0);
INSERT INTO party_store_evaluation (party_no,mno,score) VALUES (5,4,5.0);
INSERT INTO party_store_evaluation (party_no,mno,score) VALUES (5,5,5.0);

-- 모임회원평가
INSERT INTO party_member_evaluation (party_no,mno,mno2,score) VALUES (1,1,2,1.5);
INSERT INTO party_member_evaluation (party_no,mno,mno2,score) VALUES (1,1,4,3.0);
INSERT INTO party_member_evaluation (party_no,mno,mno2,score) VALUES (1,1,5,4.0);
INSERT INTO party_member_evaluation (party_no,mno,mno2,score) VALUES (1,2,1,4.0);
INSERT INTO party_member_evaluation (party_no,mno,mno2,score) VALUES (1,2,3,5.0);
INSERT INTO party_member_evaluation (party_no,mno,mno2,score) VALUES (1,2,4,5.0);
INSERT INTO party_member_evaluation (party_no,mno,mno2,score) VALUES (1,2,5,5.0);
INSERT INTO party_member_evaluation (party_no,mno,mno2,score) VALUES (1,3,1,5.0);
INSERT INTO party_member_evaluation (party_no,mno,mno2,score) VALUES (1,3,2,5.0);
INSERT INTO party_member_evaluation (party_no,mno,mno2,score) VALUES (1,3,4,5.0);
INSERT INTO party_member_evaluation (party_no,mno,mno2,score) VALUES (1,3,5,5.0);
INSERT INTO party_member_evaluation (party_no,mno,mno2,score) VALUES (1,4,1,5.0);
INSERT INTO party_member_evaluation (party_no,mno,mno2,score) VALUES (1,4,2,5.0);
INSERT INTO party_member_evaluation (party_no,mno,mno2,score) VALUES (1,4,3,5.0);
INSERT INTO party_member_evaluation (party_no,mno,mno2,score) VALUES (1,4,5,5.0);
INSERT INTO party_member_evaluation (party_no,mno,mno2,score) VALUES (1,5,1,5.0);
INSERT INTO party_member_evaluation (party_no,mno,mno2,score) VALUES (1,5,2,5.0);
INSERT INTO party_member_evaluation (party_no,mno,mno2,score) VALUES (1,5,3,5.0);
INSERT INTO party_member_evaluation (party_no,mno,mno2,score) VALUES (1,5,4,5.0);
INSERT INTO party_member_evaluation (party_no,mno,mno2,score) VALUES (2,1,2,5.0);
INSERT INTO party_member_evaluation (party_no,mno,mno2,score) VALUES (2,1,3,5.0);
INSERT INTO party_member_evaluation (party_no,mno,mno2,score) VALUES (2,1,4,5.0);
INSERT INTO party_member_evaluation (party_no,mno,mno2,score) VALUES (2,1,5,5.0);
INSERT INTO party_member_evaluation (party_no,mno,mno2,score) VALUES (2,2,1,5.0);
INSERT INTO party_member_evaluation (party_no,mno,mno2,score) VALUES (2,2,3,5.0);
INSERT INTO party_member_evaluation (party_no,mno,mno2,score) VALUES (2,2,4,5.0);
INSERT INTO party_member_evaluation (party_no,mno,mno2,score) VALUES (2,2,5,5.0);
INSERT INTO party_member_evaluation (party_no,mno,mno2,score) VALUES (2,3,4,5.0);
INSERT INTO party_member_evaluation (party_no,mno,mno2,score) VALUES (2,3,5,5.0);
INSERT INTO party_member_evaluation (party_no,mno,mno2,score) VALUES (2,4,1,5.0);
INSERT INTO party_member_evaluation (party_no,mno,mno2,score) VALUES (2,4,2,5.0);
INSERT INTO party_member_evaluation (party_no,mno,mno2,score) VALUES (2,4,3,5.0);
INSERT INTO party_member_evaluation (party_no,mno,mno2,score) VALUES (2,4,5,5.0);
INSERT INTO party_member_evaluation (party_no,mno,mno2,score) VALUES (2,5,1,5.0);
INSERT INTO party_member_evaluation (party_no,mno,mno2,score) VALUES (2,5,3,5.0);
INSERT INTO party_member_evaluation (party_no,mno,mno2,score) VALUES (2,5,4,5.0);
INSERT INTO party_member_evaluation (party_no,mno,mno2,score) VALUES (2,5,5,5.0);
INSERT INTO party_member_evaluation (party_no,mno,mno2,score) VALUES (3,1,2,5.0);
INSERT INTO party_member_evaluation (party_no,mno,mno2,score) VALUES (3,1,3,5.0);
INSERT INTO party_member_evaluation (party_no,mno,mno2,score) VALUES (3,1,4,5.0);
INSERT INTO party_member_evaluation (party_no,mno,mno2,score) VALUES (3,1,5,5.0);
INSERT INTO party_member_evaluation (party_no,mno,mno2,score) VALUES (3,2,1,5.0);
INSERT INTO party_member_evaluation (party_no,mno,mno2,score) VALUES (3,2,3,5.0);
INSERT INTO party_member_evaluation (party_no,mno,mno2,score) VALUES (3,2,4,5.0);
INSERT INTO party_member_evaluation (party_no,mno,mno2,score) VALUES (3,2,5,5.0);
INSERT INTO party_member_evaluation (party_no,mno,mno2,score) VALUES (3,3,1,5.0);
INSERT INTO party_member_evaluation (party_no,mno,mno2,score) VALUES (3,3,2,5.0);
INSERT INTO party_member_evaluation (party_no,mno,mno2,score) VALUES (3,3,5,5.0);
INSERT INTO party_member_evaluation (party_no,mno,mno2,score) VALUES (3,4,2,5.0);
INSERT INTO party_member_evaluation (party_no,mno,mno2,score) VALUES (3,4,3,5.0);
INSERT INTO party_member_evaluation (party_no,mno,mno2,score) VALUES (3,4,5,5.0);
INSERT INTO party_member_evaluation (party_no,mno,mno2,score) VALUES (3,5,1,5.0);
INSERT INTO party_member_evaluation (party_no,mno,mno2,score) VALUES (3,5,2,5.0);
INSERT INTO party_member_evaluation (party_no,mno,mno2,score) VALUES (3,5,3,5.0);
INSERT INTO party_member_evaluation (party_no,mno,mno2,score) VALUES (3,5,4,5.0);
INSERT INTO party_member_evaluation (party_no,mno,mno2,score) VALUES (4,1,2,5.0);
INSERT INTO party_member_evaluation (party_no,mno,mno2,score) VALUES (4,1,3,5.0);
INSERT INTO party_member_evaluation (party_no,mno,mno2,score) VALUES (4,1,4,5.0);
INSERT INTO party_member_evaluation (party_no,mno,mno2,score) VALUES (4,1,5,5.0);
INSERT INTO party_member_evaluation (party_no,mno,mno2,score) VALUES (4,2,1,5.0);
INSERT INTO party_member_evaluation (party_no,mno,mno2,score) VALUES (4,2,3,5.0);
INSERT INTO party_member_evaluation (party_no,mno,mno2,score) VALUES (4,2,4,5.0);
INSERT INTO party_member_evaluation (party_no,mno,mno2,score) VALUES (4,2,5,5.0);
INSERT INTO party_member_evaluation (party_no,mno,mno2,score) VALUES (4,3,1,5.0);
INSERT INTO party_member_evaluation (party_no,mno,mno2,score) VALUES (4,3,2,5.0);
INSERT INTO party_member_evaluation (party_no,mno,mno2,score) VALUES (4,3,4,5.0);
INSERT INTO party_member_evaluation (party_no,mno,mno2,score) VALUES (4,3,5,5.0);
INSERT INTO party_member_evaluation (party_no,mno,mno2,score) VALUES (4,4,1,5.0);
INSERT INTO party_member_evaluation (party_no,mno,mno2,score) VALUES (4,4,2,5.0);
INSERT INTO party_member_evaluation (party_no,mno,mno2,score) VALUES (4,4,5,5.0);
INSERT INTO party_member_evaluation (party_no,mno,mno2,score) VALUES (4,5,1,5.0);
INSERT INTO party_member_evaluation (party_no,mno,mno2,score) VALUES (4,5,2,5.0);
INSERT INTO party_member_evaluation (party_no,mno,mno2,score) VALUES (4,5,3,5.0);
INSERT INTO party_member_evaluation (party_no,mno,mno2,score) VALUES (4,5,4,5.0);
INSERT INTO party_member_evaluation (party_no,mno,mno2,score) VALUES (5,1,2,5.0);
INSERT INTO party_member_evaluation (party_no,mno,mno2,score) VALUES (5,1,3,5.0);
INSERT INTO party_member_evaluation (party_no,mno,mno2,score) VALUES (5,1,4,5.0);
INSERT INTO party_member_evaluation (party_no,mno,mno2,score) VALUES (5,2,3,5.0);
INSERT INTO party_member_evaluation (party_no,mno,mno2,score) VALUES (5,2,4,5.0);
INSERT INTO party_member_evaluation (party_no,mno,mno2,score) VALUES (5,2,5,5.0);
INSERT INTO party_member_evaluation (party_no,mno,mno2,score) VALUES (5,3,1,5.0);
INSERT INTO party_member_evaluation (party_no,mno,mno2,score) VALUES (5,3,2,5.0);
INSERT INTO party_member_evaluation (party_no,mno,mno2,score) VALUES (5,3,4,5.0);
INSERT INTO party_member_evaluation (party_no,mno,mno2,score) VALUES (5,3,5,5.0);
INSERT INTO party_member_evaluation (party_no,mno,mno2,score) VALUES (5,4,1,5.0);
INSERT INTO party_member_evaluation (party_no,mno,mno2,score) VALUES (5,4,2,5.0);
INSERT INTO party_member_evaluation (party_no,mno,mno2,score) VALUES (5,4,3,5.0);
INSERT INTO party_member_evaluation (party_no,mno,mno2,score) VALUES (5,4,5,5.0);
INSERT INTO party_member_evaluation (party_no,mno,mno2,score) VALUES (5,5,1,5.0);
INSERT INTO party_member_evaluation (party_no,mno,mno2,score) VALUES (5,5,2,5.0);
INSERT INTO party_member_evaluation (party_no,mno,mno2,score) VALUES (5,5,4,5.0);

-- 주점소속유형
INSERT INTO store_section_type (store_type_no,store_no) VALUES (1,1);
INSERT INTO store_section_type (store_type_no,store_no) VALUES (1,10);
INSERT INTO store_section_type (store_type_no,store_no) VALUES (1,19);
INSERT INTO store_section_type (store_type_no,store_no) VALUES (2,2);
INSERT INTO store_section_type (store_type_no,store_no) VALUES (2,11);
INSERT INTO store_section_type (store_type_no,store_no) VALUES (2,20);
INSERT INTO store_section_type (store_type_no,store_no) VALUES (2,29);
INSERT INTO store_section_type (store_type_no,store_no) VALUES (3,3);
INSERT INTO store_section_type (store_type_no,store_no) VALUES (3,12);
INSERT INTO store_section_type (store_type_no,store_no) VALUES (3,21);
INSERT INTO store_section_type (store_type_no,store_no) VALUES (3,30);
INSERT INTO store_section_type (store_type_no,store_no) VALUES (4,4);
INSERT INTO store_section_type (store_type_no,store_no) VALUES (4,13);
INSERT INTO store_section_type (store_type_no,store_no) VALUES (4,22);
INSERT INTO store_section_type (store_type_no,store_no) VALUES (5,5);
INSERT INTO store_section_type (store_type_no,store_no) VALUES (5,14);
INSERT INTO store_section_type (store_type_no,store_no) VALUES (5,23);
INSERT INTO store_section_type (store_type_no,store_no) VALUES (5,28);
INSERT INTO store_section_type (store_type_no,store_no) VALUES (6,6);
INSERT INTO store_section_type (store_type_no,store_no) VALUES (6,15);
INSERT INTO store_section_type (store_type_no,store_no) VALUES (6,24);
INSERT INTO store_section_type (store_type_no,store_no) VALUES (7,7);
INSERT INTO store_section_type (store_type_no,store_no) VALUES (7,16);
INSERT INTO store_section_type (store_type_no,store_no) VALUES (7,25);
INSERT INTO store_section_type (store_type_no,store_no) VALUES (8,8);
INSERT INTO store_section_type (store_type_no,store_no) VALUES (8,17);
INSERT INTO store_section_type (store_type_no,store_no) VALUES (8,26);
INSERT INTO store_section_type (store_type_no,store_no) VALUES (9,9);
INSERT INTO store_section_type (store_type_no,store_no) VALUES (9,18);
INSERT INTO store_section_type (store_type_no,store_no) VALUES (9,27);

-- 태그
INSERT INTO tag (tag_no,name) VALUES (1,'#주점태그1');
INSERT INTO tag (tag_no,name) VALUES (2,'#주점태그2');
INSERT INTO tag (tag_no,name) VALUES (3,'#주점태그3');
INSERT INTO tag (tag_no,name) VALUES (4,'#주점태그4');
INSERT INTO tag (tag_no,name) VALUES (5,'#주점태그5');
INSERT INTO tag (tag_no,name) VALUES (6,'#주점태그6');
INSERT INTO tag (tag_no,name) VALUES (7,'#주점태그7');
INSERT INTO tag (tag_no,name) VALUES (8,'#주점태그8');
INSERT INTO tag (tag_no,name) VALUES (9,'#주점태그9');
INSERT INTO tag (tag_no,name) VALUES (10,'#주점태그10');
INSERT INTO tag (tag_no,name) VALUES (11,'#주점태그11');
INSERT INTO tag (tag_no,name) VALUES (12,'#주점태그12');
INSERT INTO tag (tag_no,name) VALUES (13,'#주점태그13');
INSERT INTO tag (tag_no,name) VALUES (14,'#주점태그14');
INSERT INTO tag (tag_no,name) VALUES (15,'#주점태그15');
INSERT INTO tag (tag_no,name) VALUES (16,'#주점태그16');
INSERT INTO tag (tag_no,name) VALUES (17,'#주점태그17');
INSERT INTO tag (tag_no,name) VALUES (18,'#주점태그18');
INSERT INTO tag (tag_no,name) VALUES (19,'#주점태그19');
INSERT INTO tag (tag_no,name) VALUES (20,'#주점태그20');
INSERT INTO tag (tag_no,name) VALUES (21,'#주점태그21');
INSERT INTO tag (tag_no,name) VALUES (22,'#주점태그22');
INSERT INTO tag (tag_no,name) VALUES (23,'#주점태그23');
INSERT INTO tag (tag_no,name) VALUES (24,'#주점태그24');
INSERT INTO tag (tag_no,name) VALUES (25,'#주점태그25');
INSERT INTO tag (tag_no,name) VALUES (26,'#주점태그26');
INSERT INTO tag (tag_no,name) VALUES (27,'#주점태그27');
INSERT INTO tag (tag_no,name) VALUES (28,'#주점태그28');
INSERT INTO tag (tag_no,name) VALUES (29,'#주점태그29');
INSERT INTO tag (tag_no,name) VALUES (30,'#주점태그30');

-- 주점태그
INSERT INTO store_tag (tag_no,store_no) VALUES (1,1);
INSERT INTO store_tag (tag_no,store_no) VALUES (1,16);
INSERT INTO store_tag (tag_no,store_no) VALUES (2,1);
INSERT INTO store_tag (tag_no,store_no) VALUES (2,16);
INSERT INTO store_tag (tag_no,store_no) VALUES (3,2);
INSERT INTO store_tag (tag_no,store_no) VALUES (3,17);
INSERT INTO store_tag (tag_no,store_no) VALUES (4,2);
INSERT INTO store_tag (tag_no,store_no) VALUES (4,17);
INSERT INTO store_tag (tag_no,store_no) VALUES (5,3);
INSERT INTO store_tag (tag_no,store_no) VALUES (5,11);
INSERT INTO store_tag (tag_no,store_no) VALUES (5,18);
INSERT INTO store_tag (tag_no,store_no) VALUES (6,3);
INSERT INTO store_tag (tag_no,store_no) VALUES (6,18);
INSERT INTO store_tag (tag_no,store_no) VALUES (7,4);
INSERT INTO store_tag (tag_no,store_no) VALUES (7,19);
INSERT INTO store_tag (tag_no,store_no) VALUES (8,4);
INSERT INTO store_tag (tag_no,store_no) VALUES (8,19);
INSERT INTO store_tag (tag_no,store_no) VALUES (9,5);
INSERT INTO store_tag (tag_no,store_no) VALUES (9,20);
INSERT INTO store_tag (tag_no,store_no) VALUES (10,5);
INSERT INTO store_tag (tag_no,store_no) VALUES (10,20);
INSERT INTO store_tag (tag_no,store_no) VALUES (11,6);
INSERT INTO store_tag (tag_no,store_no) VALUES (11,21);
INSERT INTO store_tag (tag_no,store_no) VALUES (12,6);
INSERT INTO store_tag (tag_no,store_no) VALUES (12,21);
INSERT INTO store_tag (tag_no,store_no) VALUES (13,7);
INSERT INTO store_tag (tag_no,store_no) VALUES (13,22);
INSERT INTO store_tag (tag_no,store_no) VALUES (14,7);
INSERT INTO store_tag (tag_no,store_no) VALUES (14,22);
INSERT INTO store_tag (tag_no,store_no) VALUES (15,8);
INSERT INTO store_tag (tag_no,store_no) VALUES (15,23);
INSERT INTO store_tag (tag_no,store_no) VALUES (16,8);
INSERT INTO store_tag (tag_no,store_no) VALUES (16,23);
INSERT INTO store_tag (tag_no,store_no) VALUES (17,9);
INSERT INTO store_tag (tag_no,store_no) VALUES (17,24);
INSERT INTO store_tag (tag_no,store_no) VALUES (18,9);
INSERT INTO store_tag (tag_no,store_no) VALUES (18,24);
INSERT INTO store_tag (tag_no,store_no) VALUES (19,10);
INSERT INTO store_tag (tag_no,store_no) VALUES (19,25);
INSERT INTO store_tag (tag_no,store_no) VALUES (20,10);
INSERT INTO store_tag (tag_no,store_no) VALUES (20,25);
INSERT INTO store_tag (tag_no,store_no) VALUES (21,11);
INSERT INTO store_tag (tag_no,store_no) VALUES (21,26);
INSERT INTO store_tag (tag_no,store_no) VALUES (22,26);
INSERT INTO store_tag (tag_no,store_no) VALUES (23,12);
INSERT INTO store_tag (tag_no,store_no) VALUES (23,27);
INSERT INTO store_tag (tag_no,store_no) VALUES (24,12);
INSERT INTO store_tag (tag_no,store_no) VALUES (24,27);
INSERT INTO store_tag (tag_no,store_no) VALUES (25,13);
INSERT INTO store_tag (tag_no,store_no) VALUES (25,28);
INSERT INTO store_tag (tag_no,store_no) VALUES (26,13);
INSERT INTO store_tag (tag_no,store_no) VALUES (26,28);
INSERT INTO store_tag (tag_no,store_no) VALUES (27,14);
INSERT INTO store_tag (tag_no,store_no) VALUES (27,29);
INSERT INTO store_tag (tag_no,store_no) VALUES (28,14);
INSERT INTO store_tag (tag_no,store_no) VALUES (28,29);
INSERT INTO store_tag (tag_no,store_no) VALUES (29,15);
INSERT INTO store_tag (tag_no,store_no) VALUES (29,30);
INSERT INTO store_tag (tag_no,store_no) VALUES (30,15);
INSERT INTO store_tag (tag_no,store_no) VALUES (30,30);

-- 댓글좋아요
INSERT INTO comment_like (mno,board_comment_no) VALUES (1,1);
INSERT INTO comment_like (mno,board_comment_no) VALUES (3,2);
INSERT INTO comment_like (mno,board_comment_no) VALUES (4,3);
INSERT INTO comment_like (mno,board_comment_no) VALUES (5,4);
INSERT INTO comment_like (mno,board_comment_no) VALUES (5,5);
INSERT INTO comment_like (mno,board_comment_no) VALUES (6,6);
INSERT INTO comment_like (mno,board_comment_no) VALUES (7,7);
INSERT INTO comment_like (mno,board_comment_no) VALUES (8,8);
INSERT INTO comment_like (mno,board_comment_no) VALUES (9,9);
INSERT INTO comment_like (mno,board_comment_no) VALUES (10,10);
INSERT INTO comment_like (mno,board_comment_no) VALUES (11,11);
INSERT INTO comment_like (mno,board_comment_no) VALUES (12,12);
INSERT INTO comment_like (mno,board_comment_no) VALUES (13,13);
INSERT INTO comment_like (mno,board_comment_no) VALUES (14,14);
INSERT INTO comment_like (mno,board_comment_no) VALUES (15,15);
INSERT INTO comment_like (mno,board_comment_no) VALUES (16,16);
INSERT INTO comment_like (mno,board_comment_no) VALUES (17,17);
INSERT INTO comment_like (mno,board_comment_no) VALUES (18,18);
INSERT INTO comment_like (mno,board_comment_no) VALUES (19,19);
INSERT INTO comment_like (mno,board_comment_no) VALUES (20,20);
INSERT INTO comment_like (mno,board_comment_no) VALUES (21,21);
INSERT INTO comment_like (mno,board_comment_no) VALUES (22,22);
INSERT INTO comment_like (mno,board_comment_no) VALUES (23,23);
INSERT INTO comment_like (mno,board_comment_no) VALUES (24,24);
INSERT INTO comment_like (mno,board_comment_no) VALUES (25,25);
INSERT INTO comment_like (mno,board_comment_no) VALUES (26,26);
INSERT INTO comment_like (mno,board_comment_no) VALUES (27,27);
INSERT INTO comment_like (mno,board_comment_no) VALUES (28,28);
INSERT INTO comment_like (mno,board_comment_no) VALUES (29,29);
INSERT INTO comment_like (mno,board_comment_no) VALUES (30,30);
