-- 회원
INSERT INTO `member` (mno, email, password, name, tel, join_date, social_accept, gender, birth, self_introduction, m_img, nickname, score, block_date, block_accept, member_status, store_count) VALUES(56, 'tissue2978@naver.com', '*89C6B530AA78695E257E55D63C00A6EC9AD3E977', '김규범', '01088312979', '2022-04-28 07:06:19.000', 0, 0, 19940909, '', 'default_general_member.png', 'Tissue', 0.0, '2022-04-28 08:04:07.000', 0, 0, 0);
INSERT INTO `member` (mno, email, password, name, tel, join_date, social_accept, gender, birth, self_introduction, m_img, nickname, score, block_date, block_accept, member_status, store_count) VALUES(57, 'didtjddms09@naver.com', '*89C6B530AA78695E257E55D63C00A6EC9AD3E977', '홍길동 ', '01012345678 ', '2022-04-28 07:06:52.000', 0, 1, 19910120, '안녕하세요', 'kimbum.jpg', '김흥국 ', 0.0, '2022-04-28 09:41:25.000', 0, 0, 0);
INSERT INTO `member` (mno, email, password, name, tel, join_date, social_accept, gender, birth, self_introduction, m_img, nickname, score, block_date, block_accept, member_status, store_count) VALUES(58, 'sb1200@naver.com', '*89C6B530AA78695E257E55D63C00A6EC9AD3E977', '김승지', '01095123586', '2022-04-28 07:09:13.000', 0, 0, 19910121, NULL, 'default_general_member.png', '호홀', 0.0, '2022-04-28 08:05:27.000', 0, 0, 0);
INSERT INTO `member` (mno, email, password, name, tel, join_date, social_accept, gender, birth, self_introduction, m_img, nickname, score, block_date, block_accept, member_status, store_count) VALUES(59, 'tissue1@naver.com', '*89C6B530AA78695E257E55D63C00A6EC9AD3E977', '김규', '01088312971', '2022-04-28 07:09:48.000', 0, 0, 19940909, NULL, 'default_general_member.png', '청바지', 0.0, '2022-04-28 08:05:27.000', 0, 0, 0);
INSERT INTO `member` (mno, email, password, name, tel, join_date, social_accept, gender, birth, self_introduction, m_img, nickname, score, block_date, block_accept, member_status, store_count) VALUES(60, 'dk10@naver.com', '*89C6B530AA78695E257E55D63C00A6EC9AD3E977', '김승범', '01026578425', '2022-04-28 07:10:23.000', 0, 0, 19910120, NULL, 'pika.png', '피카츄', 0.0, '2022-04-28 08:16:26.000', 0, 0, 0);
INSERT INTO `member` (mno, email, password, name, tel, join_date, social_accept, gender, birth, self_introduction, m_img, nickname, score, block_date, block_accept, member_status, store_count) VALUES(61, 'tissue2@naver.com', '*89C6B530AA78695E257E55D63C00A6EC9AD3E977', '김구', '01088312972', '2022-04-28 07:10:23.000', 0, 0, 19940909, NULL, 'default_general_member.png', '너보단내가술잘마심', 0.0, '2022-04-28 08:05:27.000', 0, 0, 0);
INSERT INTO `member` (mno, email, password, name, tel, join_date, social_accept, gender, birth, self_introduction, m_img, nickname, score, block_date, block_accept, member_status, store_count) VALUES(62, 'tissue3@naver.com', '*89C6B530AA78695E257E55D63C00A6EC9AD3E977', '김범', '01088312973', '2022-04-28 07:11:02.000', 0, 0, 19940909, NULL, 'default_general_member.png', '맥주500원샷가능', 0.0, '2022-04-28 08:05:27.000', 0, 0, 0);
INSERT INTO `member` (mno, email, password, name, tel, join_date, social_accept, gender, birth, self_introduction, m_img, nickname, score, block_date, block_accept, member_status, store_count) VALUES(63, 'tissue4@naver.com', '*89C6B530AA78695E257E55D63C00A6EC9AD3E977', '김봉', '01088312974', '2022-04-28 07:11:28.000', 0, 0, 19940909, NULL, 'default_general_member.png', '밑짱빼기냐', 0.0, '2022-04-28 08:05:27.000', 0, 0, 0);
INSERT INTO `member` (mno, email, password, name, tel, join_date, social_accept, gender, birth, self_introduction, m_img, nickname, score, block_date, block_accept, member_status, store_count) VALUES(64, 'jjang11@naver.com', '*89C6B530AA78695E257E55D63C00A6EC9AD3E977', '박미나', '01023456789', '2022-04-28 07:11:32.000', 0, 0, 19960214, NULL, 'default_general_member.png', '야술먹자회원이라고 ', 0.0, '2022-04-28 08:05:27.000', 0, 0, 0);
INSERT INTO `member` (mno, email, password, name, tel, join_date, social_accept, gender, birth, self_introduction, m_img, nickname, score, block_date, block_accept, member_status, store_count) VALUES(65, 'tissue5@naver.com', '*89C6B530AA78695E257E55D63C00A6EC9AD3E977', '김봉달', '01088312975', '2022-04-28 07:11:54.000', 0, 0, 19940909, NULL, 'default_general_member.png', '카우보이', 0.0, '2022-04-28 08:05:27.000', 0, 0, 0);
INSERT INTO `member` (mno, email, password, name, tel, join_date, social_accept, gender, birth, self_introduction, m_img, nickname, score, block_date, block_accept, member_status, store_count) VALUES(66, 'eieiee@naver.com', '*89C6B530AA78695E257E55D63C00A6EC9AD3E977', '은지원', '01085742587', '2022-04-28 07:11:57.000', 0, 0, 19910128, NULL, 'kkkkk.png', '은즤원', 0.0, '2022-04-28 09:31:51.000', 0, 0, 0);
INSERT INTO `member` (mno, email, password, name, tel, join_date, social_accept, gender, birth, self_introduction, m_img, nickname, score, block_date, block_accept, member_status, store_count) VALUES(67, 'shinich13@naver.com', '*89C6B530AA78695E257E55D63C00A6EC9AD3E977', 'jihyun kim', '01095933893', '2022-04-28 07:12:17.000', 0, 0, 19920103, NULL, 'default_general_member.png', '킨나라', 0.0, '2022-04-28 08:05:27.000', 0, 0, 0);
INSERT INTO `member` (mno, email, password, name, tel, join_date, social_accept, gender, birth, self_introduction, m_img, nickname, score, block_date, block_accept, member_status, store_count) VALUES(68, 'tissue6@naver.com', '*89C6B530AA78695E257E55D63C00A6EC9AD3E977', '김달', '01088312976', '2022-04-28 07:12:36.000', 0, 0, 19940909, NULL, 'default_general_member.png', '참이슬살인마', 0.0, '2022-04-28 08:05:27.000', 0, 0, 0);
INSERT INTO `member` (mno, email, password, name, tel, join_date, social_accept, gender, birth, self_introduction, m_img, nickname, score, block_date, block_accept, member_status, store_count) VALUES(69, 'enenee@naver.com', '*89C6B530AA78695E257E55D63C00A6EC9AD3E977', '하승진', '010258759', '2022-04-28 07:12:38.000', 0, 0, 19960126, NULL, 'default_general_member.png', '농구왕', 0.0, '2022-04-28 08:05:27.000', 0, 0, 0);
INSERT INTO `member` (mno, email, password, name, tel, join_date, social_accept, gender, birth, self_introduction, m_img, nickname, score, block_date, block_accept, member_status, store_count) VALUES(70, 'tissue7@naver.com', '*89C6B530AA78695E257E55D63C00A6EC9AD3E977', '김달이', '01088312977', '2022-04-28 07:13:19.000', 0, 0, 19940909, NULL, 'default_general_member.png', '오늘만마시는사람', 0.0, '2022-04-28 08:05:27.000', 0, 0, 0);
INSERT INTO `member` (mno, email, password, name, tel, join_date, social_accept, gender, birth, self_introduction, m_img, nickname, score, block_date, block_accept, member_status, store_count) VALUES(71, 'tt0016@naver.com', '*89C6B530AA78695E257E55D63C00A6EC9AD3E977', '강호동', '01058756953', '2022-04-28 07:13:26.000', 0, 0, 19960122, NULL, 'kun.jpg', '씨름왕', 0.0, '2022-04-28 08:34:05.000', 0, 0, 0);
INSERT INTO `member` (mno, email, password, name, tel, join_date, social_accept, gender, birth, self_introduction, m_img, nickname, score, block_date, block_accept, member_status, store_count) VALUES(72, 'kimsuzi0924@gmail.com', '*89C6B530AA78695E257E55D63C00A6EC9AD3E977', '김수지', '01075894561', '2022-04-28 07:13:34.000', 0, 0, 19940924, NULL, 'default_general_member.png', '닉넴뭘로할지모르겟음 ', 0.0, '2022-04-28 08:05:27.000', 0, 0, 0);
INSERT INTO `member` (mno, email, password, name, tel, join_date, social_accept, gender, birth, self_introduction, m_img, nickname, score, block_date, block_accept, member_status, store_count) VALUES(73, 'mingky0103@hanmail.net', '*89C6B530AA78695E257E55D63C00A6EC9AD3E977', 'jihyun kim', '01027591833', '2022-04-28 07:13:36.000', 0, 0, 19920103, NULL, 'default_general_member.png', '킨나라공쥬가최강이야', 0.0, '2022-04-28 08:05:27.000', 0, 0, 0);
INSERT INTO `member` (mno, email, password, name, tel, join_date, social_accept, gender, birth, self_introduction, m_img, nickname, score, block_date, block_accept, member_status, store_count) VALUES(74, 'tissue8@naver.com', '*89C6B530AA78695E257E55D63C00A6EC9AD3E977', '김범일', '01088312978', '2022-04-28 07:14:02.000', 0, 0, 19940909, NULL, 'default_general_member.png', '안주고기아니면술안마심', 0.0, '2022-04-28 08:05:27.000', 0, 0, 0);
INSERT INTO `member` (mno, email, password, name, tel, join_date, social_accept, gender, birth, self_introduction, m_img, nickname, score, block_date, block_accept, member_status, store_count) VALUES(75, 'tissue9@naver.com', '*89C6B530AA78695E257E55D63C00A6EC9AD3E977', '김범이', '01088312970', '2022-04-28 07:14:30.000', 0, 0, 19940909, NULL, 'default_general_member.png', '회랑소주랑', 0.0, '2022-04-28 08:05:27.000', 0, 0, 0);
INSERT INTO `member` (mno, email, password, name, tel, join_date, social_accept, gender, birth, self_introduction, m_img, nickname, score, block_date, block_accept, member_status, store_count) VALUES(76, 'ditnfajrwk@naver.com', '*89C6B530AA78695E257E55D63C00A6EC9AD3E977', '강지원', '01022226578', '2022-04-28 07:14:38.000', 0, 0, 19950611, NULL, 'karen.jpg', '술좋아', 0.0, '2022-04-28 08:45:53.000', 0, 0, 0);
INSERT INTO `member` (mno, email, password, name, tel, join_date, social_accept, gender, birth, self_introduction, m_img, nickname, score, block_date, block_accept, member_status, store_count) VALUES(77, 'tissue10@naver.com', '*89C6B530AA78695E257E55D63C00A6EC9AD3E977', '김범삼', '01088312900', '2022-04-28 07:15:20.000', 0, 0, 19940909, NULL, 'gag.jpg', '참이슬난동꾼', 0.0, '2022-04-28 08:33:28.000', 0, 0, 0);
INSERT INTO `member` (mno, email, password, name, tel, join_date, social_accept, gender, birth, self_introduction, m_img, nickname, score, block_date, block_accept, member_status, store_count) VALUES(78, 'thduddl@naver.com', '*89C6B530AA78695E257E55D63C00A6EC9AD3E977', '양소영', '01078945896', '2022-04-28 07:15:35.000', 0, 0, 1994017, NULL, 'yumi.jpg', '쏘영', 0.0, '2022-04-28 08:18:03.000', 0, 0, 0);
INSERT INTO `member` (mno, email, password, name, tel, join_date, social_accept, gender, birth, self_introduction, m_img, nickname, score, block_date, block_accept, member_status, store_count) VALUES(79, 'kinnatzzang@gmail.com', '*89C6B530AA78695E257E55D63C00A6EC9AD3E977', 'jihyun kim', '01092323893', '2022-04-28 07:15:38.000', 0, 0, 19920103, NULL, 'wolf.jpg', '울프울프', 0.0, '2022-04-28 08:18:33.000', 0, 0, 0);
INSERT INTO `member` (mno, email, password, name, tel, join_date, social_accept, gender, birth, self_introduction, m_img, nickname, score, block_date, block_accept, member_status, store_count) VALUES(80, 'tissue11@naver.com', '*89C6B530AA78695E257E55D63C00A6EC9AD3E977', '김범사', '01088312901', '2022-04-28 07:15:41.000', 0, 0, 19940909, NULL, 'default_general_member.png', '두번다시취하지않겠습니다', 0.0, '2022-04-28 08:05:27.000', 0, 0, 0);
INSERT INTO `member` (mno, email, password, name, tel, join_date, social_accept, gender, birth, self_introduction, m_img, nickname, score, block_date, block_accept, member_status, store_count) VALUES(81, 'milkp0110@naver.com', '*89C6B530AA78695E257E55D63C00A6EC9AD3E977', '이상민', '01033547685', '2022-04-28 07:16:07.000', 0, 0, 19770521, NULL, 'make.jpg', '오호라', 0.0, '2022-04-28 08:35:50.000', 0, 0, 0);
INSERT INTO `member` (mno, email, password, name, tel, join_date, social_accept, gender, birth, self_introduction, m_img, nickname, score, block_date, block_accept, member_status, store_count) VALUES(82, 'tissue12@naver.com', '*89C6B530AA78695E257E55D63C00A6EC9AD3E977', '김범오', '01088312902', '2022-04-28 07:16:23.000', 0, 0, 19940909, NULL, 'default_general_member.png', '살면서안취한사람', 0.0, '2022-04-28 08:05:27.000', 0, 0, 0);
INSERT INTO `member` (mno, email, password, name, tel, join_date, social_accept, gender, birth, self_introduction, m_img, nickname, score, block_date, block_accept, member_status, store_count) VALUES(83, '88www@naver.com', '*89C6B530AA78695E257E55D63C00A6EC9AD3E977', '김태연', '01085857862', '2022-04-28 07:16:29.000', 0, 0, 19890426, NULL, 'tae.jpg', '소녀시대', 0.0, '2022-04-28 08:19:21.000', 0, 0, 0);
INSERT INTO `member` (mno, email, password, name, tel, join_date, social_accept, gender, birth, self_introduction, m_img, nickname, score, block_date, block_accept, member_status, store_count) VALUES(84, 'tissue13@naver.com', '*89C6B530AA78695E257E55D63C00A6EC9AD3E977', '김범육', '01088312903', '2022-04-28 07:16:44.000', 0, 0, 19940909, NULL, 'bin.png', '안주는물', 0.0, '2022-04-28 08:34:41.000', 0, 0, 0);
INSERT INTO `member` (mno, email, password, name, tel, join_date, social_accept, gender, birth, self_introduction, m_img, nickname, score, block_date, block_accept, member_status, store_count) VALUES(85, 'spk1195@naver.com', '*89C6B530AA78695E257E55D63C00A6EC9AD3E977', 'Jaeha Lee', '01041303893', '2022-04-28 07:17:02.000', 0, 0, 19880111, NULL, 'default_general_member.png', '울프머니', 0.0, '2022-04-28 08:05:27.000', 0, 0, 0);
INSERT INTO `member` (mno, email, password, name, tel, join_date, social_accept, gender, birth, self_introduction, m_img, nickname, score, block_date, block_accept, member_status, store_count) VALUES(86, 'riri@naver.com', '*89C6B530AA78695E257E55D63C00A6EC9AD3E977', '영승범', '01085872654', '2022-04-28 07:17:56.000', 0, 0, 19910503, NULL, 'jpy.jpg', '구구구', 0.0, '2022-04-28 08:36:36.000', 0, 0, 0);
INSERT INTO `member` (mno, email, password, name, tel, join_date, social_accept, gender, birth, self_introduction, m_img, nickname, score, block_date, block_accept, member_status, store_count) VALUES(87, 'tissue14@naver.com', '*89C6B530AA78695E257E55D63C00A6EC9AD3E977', '김범칠', '01088312904', '2022-04-28 07:18:03.000', 0, 0, 19940909, NULL, 'default_general_member.png', '술과국밥의진실', 0.0, '2022-04-28 08:05:27.000', 0, 0, 0);
INSERT INTO `member` (mno, email, password, name, tel, join_date, social_accept, gender, birth, self_introduction, m_img, nickname, score, block_date, block_accept, member_status, store_count) VALUES(88, 'tissue15@naver.com', '*89C6B530AA78695E257E55D63C00A6EC9AD3E977', '김범팔', '01088312905', '2022-04-28 07:18:36.000', 0, 0, 19940909, NULL, 'default_general_member.png', '두병이하랑얼굴도안쳐다봄', 0.0, '2022-04-28 08:05:27.000', 0, 0, 0);
INSERT INTO `member` (mno, email, password, name, tel, join_date, social_accept, gender, birth, self_introduction, m_img, nickname, score, block_date, block_accept, member_status, store_count) VALUES(89, 'why@naver.com', '*89C6B530AA78695E257E55D63C00A6EC9AD3E977', '음바페', '01068452566', '2022-04-28 07:19:05.000', 0, 0, 19900231, NULL, 'v.jpg', '오른발잡이', 0.0, '2022-04-28 08:20:29.000', 0, 0, 0);
INSERT INTO `member` (mno, email, password, name, tel, join_date, social_accept, gender, birth, self_introduction, m_img, nickname, score, block_date, block_accept, member_status, store_count) VALUES(90, 'gacomonkey123@gmail.com', '*89C6B530AA78695E257E55D63C00A6EC9AD3E977', '한상은', '01065187861', '2022-04-28 07:19:08.000', 0, 0, 19961202, NULL, 'suzy-photo.jpg', '개코원숭', 0.0, '2022-04-28 08:22:23.000', 0, 0, 0);
INSERT INTO `member` (mno, email, password, name, tel, join_date, social_accept, gender, birth, self_introduction, m_img, nickname, score, block_date, block_accept, member_status, store_count) VALUES(91, 'tissue16@naver.com', '*89C6B530AA78695E257E55D63C00A6EC9AD3E977', '김범구', '01088312906', '2022-04-28 07:19:27.000', 0, 0, 19940909, NULL, 'default_general_member.png', '한명죽을때까지마심', 0.0, '2022-04-28 08:05:27.000', 0, 0, 0);
INSERT INTO `member` (mno, email, password, name, tel, join_date, social_accept, gender, birth, self_introduction, m_img, nickname, score, block_date, block_accept, member_status, store_count) VALUES(92, 'spk1195@gmail.com', '*89C6B530AA78695E257E55D63C00A6EC9AD3E977', '이재하', '01011458726', '2022-04-28 07:19:53.000', 0, 0, 19880111, NULL, 'default_general_member.png', '두둥둥 울프울프 울프머니~ ', 0.0, '2022-04-28 08:05:27.000', 0, 0, 0);
INSERT INTO `member` (mno, email, password, name, tel, join_date, social_accept, gender, birth, self_introduction, m_img, nickname, score, block_date, block_accept, member_status, store_count) VALUES(95, 'tissue17@naver.com', '*89C6B530AA78695E257E55D63C00A6EC9AD3E977', '김범십', '01088312907', '2022-04-28 07:20:45.000', 0, 0, 19940909, NULL, 'default_general_member.png', '할머니될때까지하루에세병', 0.0, '2022-04-28 08:05:27.000', 0, 0, 0);
INSERT INTO `member` (mno, email, password, name, tel, join_date, social_accept, gender, birth, self_introduction, m_img, nickname, score, block_date, block_accept, member_status, store_count) VALUES(96, 'qwerty77@naver.com', '*89C6B530AA78695E257E55D63C00A6EC9AD3E977', '한정혁 ', '01009762376', '2022-04-28 07:20:58.000', 0, 0, 19950302, NULL, 'default_general_member.png', '로이', 0.0, '2022-04-28 08:05:27.000', 0, 0, 0);
INSERT INTO `member` (mno, email, password, name, tel, join_date, social_accept, gender, birth, self_introduction, m_img, nickname, score, block_date, block_accept, member_status, store_count) VALUES(97, 'nn0103@naver.com', '*89C6B530AA78695E257E55D63C00A6EC9AD3E977', '연승연', '01025874215', '2022-04-28 07:21:24.000', 0, 0, 19870311, NULL, 'default_general_member.png', '연승욘', 0.0, '2022-04-28 08:05:27.000', 0, 0, 0);
INSERT INTO `member` (mno, email, password, name, tel, join_date, social_accept, gender, birth, self_introduction, m_img, nickname, score, block_date, block_accept, member_status, store_count) VALUES(98, 'tissue18@naver.com', '*89C6B530AA78695E257E55D63C00A6EC9AD3E977', '김규일', '01088312908', '2022-04-28 07:21:33.000', 0, 0, 19940909, NULL, 'default_general_member.png', '내술잔버리기장인', 0.0, '2022-04-28 08:05:27.000', 0, 0, 0);
INSERT INTO `member` (mno, email, password, name, tel, join_date, social_accept, gender, birth, self_introduction, m_img, nickname, score, block_date, block_accept, member_status, store_count) VALUES(99, 'gacomonkey@naver.com', '*89C6B530AA78695E257E55D63C00A6EC9AD3E977', '한상이', '01051786426', '2022-04-28 07:21:37.000', 0, 0, 19960101, NULL, 'default_general_member.png', '개코원숭이', 0.0, '2022-04-28 08:05:27.000', 0, 0, 0);
INSERT INTO `member` (mno, email, password, name, tel, join_date, social_accept, gender, birth, self_introduction, m_img, nickname, score, block_date, block_accept, member_status, store_count) VALUES(100, 'zorro0@naver.com', '*89C6B530AA78695E257E55D63C00A6EC9AD3E977', '김주은', '01029331294', '2022-04-28 07:21:37.000', 0, 0, 19910521, NULL, 'pretty.jpg', '궁실궁실', 0.0, '2022-04-28 08:39:26.000', 0, 0, 0);
INSERT INTO `member` (mno, email, password, name, tel, join_date, social_accept, gender, birth, self_introduction, m_img, nickname, score, block_date, block_accept, member_status, store_count) VALUES(101, 'tissue19@naver.com', '*89C6B530AA78695E257E55D63C00A6EC9AD3E977', '김규이', '01088312909', '2022-04-28 07:22:10.000', 0, 0, 19940909, NULL, 'default_general_member.png', '가든에호가든', 0.0, '2022-04-28 08:05:27.000', 0, 0, 0);
INSERT INTO `member` (mno, email, password, name, tel, join_date, social_accept, gender, birth, self_introduction, m_img, nickname, score, block_date, block_accept, member_status, store_count) VALUES(102, 'mitukizzang@yahoo.co.kr', '*89C6B530AA78695E257E55D63C00A6EC9AD3E977', '야마모토 토모코', '01055553333', '2022-04-28 07:22:14.000', 0, 0, 19880111, NULL, 'default_general_member.png', '울프울프 믿으니까 음~ 걱정마세요 ', 0.0, '2022-04-28 08:05:27.000', 0, 0, 0);
INSERT INTO `member` (mno, email, password, name, tel, join_date, social_accept, gender, birth, self_introduction, m_img, nickname, score, block_date, block_accept, member_status, store_count) VALUES(103, 'tissue20@naver.com', '*89C6B530AA78695E257E55D63C00A6EC9AD3E977', '김규이', '01088312910', '2022-04-28 07:22:42.000', 0, 0, 19940909, NULL, 'default_general_member.png', '로랑블랑르블랑', 0.0, '2022-04-28 08:05:27.000', 0, 0, 0);
INSERT INTO `member` (mno, email, password, name, tel, join_date, social_accept, gender, birth, self_introduction, m_img, nickname, score, block_date, block_accept, member_status, store_count) VALUES(104, 'dhwoq@gmai.com', '*89C6B530AA78695E257E55D63C00A6EC9AD3E977', '김기리', '01039371829', '2022-04-28 07:22:49.000', 0, 0, 19840323, NULL, 'benb.jpg', '기리기리', 0.0, '2022-04-28 08:31:13.000', 0, 0, 0);
INSERT INTO `member` (mno, email, password, name, tel, join_date, social_accept, gender, birth, self_introduction, m_img, nickname, score, block_date, block_accept, member_status, store_count) VALUES(105, 'rlawlgks09@naver.com', '*89C6B530AA78695E257E55D63C00A6EC9AD3E977', '김지한', '01023564798', '2022-04-28 07:23:08.000', 0, 0, 19980920, NULL, 'default_general_member.png', '우르릉코아왕 ', 0.0, '2022-04-28 08:05:27.000', 0, 0, 0);
INSERT INTO `member` (mno, email, password, name, tel, join_date, social_accept, gender, birth, self_introduction, m_img, nickname, score, block_date, block_accept, member_status, store_count) VALUES(106, 'wwwe@daum.net', '*89C6B530AA78695E257E55D63C00A6EC9AD3E977', '추성훈', '01055577548', '2022-04-28 07:23:09.000', 0, 0, 19770214, NULL, 'default_general_member.png', '가라데찹', 0.0, '2022-04-28 08:05:27.000', 0, 0, 0);
INSERT INTO `member` (mno, email, password, name, tel, join_date, social_accept, gender, birth, self_introduction, m_img, nickname, score, block_date, block_accept, member_status, store_count) VALUES(107, 'qazzz12@naver.com', '*89C6B530AA78695E257E55D63C00A6EC9AD3E977', '정정만', '010583927749', '2022-04-28 07:23:14.000', 0, 0, 19990203, NULL, 'default_general_member.png', '만만이', 0.0, '2022-04-28 08:05:27.000', 0, 0, 0);
INSERT INTO `member` (mno, email, password, name, tel, join_date, social_accept, gender, birth, self_introduction, m_img, nickname, score, block_date, block_accept, member_status, store_count) VALUES(108, 'tissue21@naver.com', '*89C6B530AA78695E257E55D63C00A6EC9AD3E977', '김규삼', '01088312911', '2022-04-28 07:23:16.000', 0, 0, 19940909, NULL, 'default_general_member.png', '목이긴기린이치방시바리', 0.0, '2022-04-28 08:05:27.000', 0, 0, 0);
INSERT INTO `member` (mno, email, password, name, tel, join_date, social_accept, gender, birth, self_introduction, m_img, nickname, score, block_date, block_accept, member_status, store_count) VALUES(109, 'youngmin@gmail.com', '*89C6B530AA78695E257E55D63C00A6EC9AD3E977', '전연무', '01088561145', '2022-04-28 07:23:19.000', 0, 0, 19940723, NULL, 'default_general_member.png', '망치살인마', 0.0, '2022-04-28 08:05:27.000', 0, 0, 0);
INSERT INTO `member` (mno, email, password, name, tel, join_date, social_accept, gender, birth, self_introduction, m_img, nickname, score, block_date, block_accept, member_status, store_count) VALUES(110, 'tissue22@naver.com', '*89C6B530AA78695E257E55D63C00A6EC9AD3E977', '김규삼', '01088312912', '2022-04-28 07:24:03.000', 0, 0, 19940909, NULL, 'default_general_member.png', '호빵앤칭따오', 0.0, '2022-04-28 08:05:27.000', 0, 0, 0);
INSERT INTO `member` (mno, email, password, name, tel, join_date, social_accept, gender, birth, self_introduction, m_img, nickname, score, block_date, block_accept, member_status, store_count) VALUES(111, 'hohohaha123@gmail.com', '*89C6B530AA78695E257E55D63C00A6EC9AD3E977', '김호연', '01028598237', '2022-04-28 07:24:34.000', 0, 0, 19940321, NULL, 'default_general_member.png', '호연지기', 0.0, '2022-04-28 08:05:27.000', 0, 0, 0);
INSERT INTO `member` (mno, email, password, name, tel, join_date, social_accept, gender, birth, self_introduction, m_img, nickname, score, block_date, block_accept, member_status, store_count) VALUES(112, 'tissue23@naver.com', '*89C6B530AA78695E257E55D63C00A6EC9AD3E977', '김규삼', '01088312913', '2022-04-28 07:24:40.000', 0, 0, 19940909, NULL, 'sh.jpg', '선비와막걸리', 0.0, '2022-04-28 08:30:03.000', 0, 0, 0);
INSERT INTO `member` (mno, email, password, name, tel, join_date, social_accept, gender, birth, self_introduction, m_img, nickname, score, block_date, block_accept, member_status, store_count) VALUES(113, 'yasul@naver.com', '*89C6B530AA78695E257E55D63C00A6EC9AD3E977', '김꽃두레', '01049572938', '2022-04-28 07:25:27.000', 0, 0, 19990504, NULL, 'hys.jpg', '꽃두', 0.0, '2022-04-28 08:40:50.000', 0, 0, 0);
INSERT INTO `member` (mno, email, password, name, tel, join_date, social_accept, gender, birth, self_introduction, m_img, nickname, score, block_date, block_accept, member_status, store_count) VALUES(114, 'tissue24@naver.com', '*89C6B530AA78695E257E55D63C00A6EC9AD3E977', '김규사', '01088312914', '2022-04-28 07:25:33.000', 0, 0, 19940909, NULL, 'default_general_member.png', '막걸리목걸이', 0.0, '2022-04-28 08:05:27.000', 0, 0, 0);
INSERT INTO `member` (mno, email, password, name, tel, join_date, social_accept, gender, birth, self_introduction, m_img, nickname, score, block_date, block_accept, member_status, store_count) VALUES(115, 'huey0125@gmail.com', '*89C6B530AA78695E257E55D63C00A6EC9AD3E977', '이하랑', '01033337777', '2022-04-28 07:25:46.000', 0, 0, 20180125, NULL, 'default_general_member.png', '울 마마가 최고의 관종!', 0.0, '2022-04-28 08:05:27.000', 0, 0, 0);
INSERT INTO `member` (mno, email, password, name, tel, join_date, social_accept, gender, birth, self_introduction, m_img, nickname, score, block_date, block_accept, member_status, store_count) VALUES(116, 'dlguswl12@gmail.com', '*89C6B530AA78695E257E55D63C00A6EC9AD3E977', '이현지', '01012568354', '2022-04-28 07:25:50.000', 0, 0, 19970623, NULL, 'default_general_member.png', '도라에몽키', 0.0, '2022-04-28 08:05:27.000', 0, 0, 0);
INSERT INTO `member` (mno, email, password, name, tel, join_date, social_accept, gender, birth, self_introduction, m_img, nickname, score, block_date, block_accept, member_status, store_count) VALUES(117, 'jjjojjjo@naver.com', '*89C6B530AA78695E257E55D63C00A6EC9AD3E977', '조민호', '01038485937', '2022-04-28 07:26:07.000', 0, 0, 19910305, NULL, 'ive.jpg', '쪼쪼', 0.0, '2022-04-28 08:44:01.000', 0, 0, 0);
INSERT INTO `member` (mno, email, password, name, tel, join_date, social_accept, gender, birth, self_introduction, m_img, nickname, score, block_date, block_accept, member_status, store_count) VALUES(118, 'kimu@naver.com', '*89C6B530AA78695E257E55D63C00A6EC9AD3E977', '김춘추', '01058752222', '2022-04-28 07:26:15.000', 0, 0, 19680124, NULL, 'default_general_member.png', '건곤뎃나잇', 0.0, '2022-04-28 08:05:27.000', 0, 0, 0);
INSERT INTO `member` (mno, email, password, name, tel, join_date, social_accept, gender, birth, self_introduction, m_img, nickname, score, block_date, block_accept, member_status, store_count) VALUES(119, 'tissue25@naver.com', '*89C6B530AA78695E257E55D63C00A6EC9AD3E977', '김규오', '01088312915', '2022-04-28 07:26:16.000', 0, 0, 19940909, NULL, 'default_general_member.png', '날라로라루랴', 0.0, '2022-04-28 08:05:27.000', 0, 0, 0);
INSERT INTO `member` (mno, email, password, name, tel, join_date, social_accept, gender, birth, self_introduction, m_img, nickname, score, block_date, block_accept, member_status, store_count) VALUES(120, 'cddkde@naver.com', '*89C6B530AA78695E257E55D63C00A6EC9AD3E977', '김지호', '01049471938', '2022-04-28 07:26:29.000', 0, 0, 19920212, NULL, 'default_general_member.png', '떨담지쭈', 0.0, '2022-04-28 08:05:27.000', 0, 0, 0);
INSERT INTO `member` (mno, email, password, name, tel, join_date, social_accept, gender, birth, self_introduction, m_img, nickname, score, block_date, block_accept, member_status, store_count) VALUES(121, 'tissue26@naver.com', '*89C6B530AA78695E257E55D63C00A6EC9AD3E977', '김규육', '01088312916', '2022-04-28 07:26:32.000', 0, 0, 19940909, NULL, 'default_general_member.png', '청산별곡', 0.0, '2022-04-28 08:05:27.000', 0, 0, 0);
INSERT INTO `member` (mno, email, password, name, tel, join_date, social_accept, gender, birth, self_introduction, m_img, nickname, score, block_date, block_accept, member_status, store_count) VALUES(122, 'bitcamper@naver.com', '*89C6B530AA78695E257E55D63C00A6EC9AD3E977', '이비트', '01066698599', '2022-04-28 07:26:48.000', 0, 0, 19750317, NULL, 'soojin.jpg', '비트를쪼개', 0.0, '2022-04-28 08:45:15.000', 0, 0, 0);
INSERT INTO `member` (mno, email, password, name, tel, join_date, social_accept, gender, birth, self_introduction, m_img, nickname, score, block_date, block_accept, member_status, store_count) VALUES(123, 'tissue27@naver.com', '*89C6B530AA78695E257E55D63C00A6EC9AD3E977', '김규칠', '01088312917', '2022-04-28 07:26:53.000', 0, 0, 19940909, NULL, 'vvv.jpg', '수수께끼', 0.0, '2022-04-28 08:48:26.000', 0, 0, 0);
INSERT INTO `member` (mno, email, password, name, tel, join_date, social_accept, gender, birth, self_introduction, m_img, nickname, score, block_date, block_accept, member_status, store_count) VALUES(124, 'mana12@naver.com', '*89C6B530AA78695E257E55D63C00A6EC9AD3E977', '송형만', '01058573927', '2022-04-28 07:26:59.000', 0, 0, 19910821, NULL, 'dh.jpg', '쏭만이', 0.0, '2022-04-28 08:29:43.000', 0, 0, 0);
INSERT INTO `member` (mno, email, password, name, tel, join_date, social_accept, gender, birth, self_introduction, m_img, nickname, score, block_date, block_accept, member_status, store_count) VALUES(125, 'tissue28@naver.com', '*89C6B530AA78695E257E55D63C00A6EC9AD3E977', '김규팔', '01088312918', '2022-04-28 07:27:15.000', 0, 0, 19940909, NULL, 'default_general_member.png', '공자다', 0.0, '2022-04-28 08:05:27.000', 0, 0, 0);
INSERT INTO `member` (mno, email, password, name, tel, join_date, social_accept, gender, birth, self_introduction, m_img, nickname, score, block_date, block_accept, member_status, store_count) VALUES(126, 'kimmuel@naver.com', '*89C6B530AA78695E257E55D63C00A6EC9AD3E977', '김무열', '01022225875', '2022-04-28 07:27:15.000', 0, 0, 19770127, NULL, 'default_general_member.png', '배우', 0.0, '2022-04-28 08:05:27.000', 0, 0, 0);
INSERT INTO `member` (mno, email, password, name, tel, join_date, social_accept, gender, birth, self_introduction, m_img, nickname, score, block_date, block_accept, member_status, store_count) VALUES(127, 'tissue29@naver.com', '*89C6B530AA78695E257E55D63C00A6EC9AD3E977', '김규구', '01088312919', '2022-04-28 07:27:43.000', 0, 0, 19940909, NULL, 'default_general_member.png', '맹자다', 0.0, '2022-04-28 08:05:27.000', 0, 0, 0);
INSERT INTO `member` (mno, email, password, name, tel, join_date, social_accept, gender, birth, self_introduction, m_img, nickname, score, block_date, block_accept, member_status, store_count) VALUES(128, 'hyeseonpark07@naver.com', '*89C6B530AA78695E257E55D63C00A6EC9AD3E977', '박혜선', '01023785694', '2022-04-28 07:27:51.000', 0, 0, 19960213, NULL, 'redv.jpg', '혜서니', 0.0, '2022-04-28 08:43:10.000', 0, 0, 0);
INSERT INTO `member` (mno, email, password, name, tel, join_date, social_accept, gender, birth, self_introduction, m_img, nickname, score, block_date, block_accept, member_status, store_count) VALUES(129, 'huey0125@naver.com', '*89C6B530AA78695E257E55D63C00A6EC9AD3E977', '이휴이', '01088880000', '2022-04-28 07:27:57.000', 0, 0, 20180222, NULL, 'default_general_member.png', '엄마 나 푸팟퐁커리 먹고싶어요', 0.0, '2022-04-28 08:05:27.000', 0, 0, 0);
INSERT INTO `member` (mno, email, password, name, tel, join_date, social_accept, gender, birth, self_introduction, m_img, nickname, score, block_date, block_accept, member_status, store_count) VALUES(130, 'dodo19@naver.com', '*89C6B530AA78695E257E55D63C00A6EC9AD3E977', '김도연', '01048473827', '2022-04-28 07:28:13.000', 0, 0, 19230203, NULL, 'bea.jpg', '도도', 0.0, '2022-04-28 08:42:10.000', 0, 0, 0);
INSERT INTO `member` (mno, email, password, name, tel, join_date, social_accept, gender, birth, self_introduction, m_img, nickname, score, block_date, block_accept, member_status, store_count) VALUES(131, 'tissue30@naver.com', '*89C6B530AA78695E257E55D63C00A6EC9AD3E977', '김규십', '01088312920', '2022-04-28 07:28:14.000', 0, 0, 19940909, NULL, 'default_general_member.png', '스카너한테털린킨드레드', 0.0, '2022-04-28 08:05:27.000', 0, 0, 0);
INSERT INTO `member` (mno, email, password, name, tel, join_date, social_accept, gender, birth, self_introduction, m_img, nickname, score, block_date, block_accept, member_status, store_count) VALUES(132, 'uuluu@naver.com', '*89C6B530AA78695E257E55D63C00A6EC9AD3E977', '구혜선', '01066633248', '2022-04-28 07:28:42.000', 0, 0, 19880522, NULL, 'jp.jpg', '오오페러다이', 0.0, '2022-04-28 08:29:06.000', 0, 0, 0);
INSERT INTO `member` (mno, email, password, name, tel, join_date, social_accept, gender, birth, self_introduction, m_img, nickname, score, block_date, block_accept, member_status, store_count) VALUES(133, 'tissue31@naver.com', '*89C6B530AA78695E257E55D63C00A6EC9AD3E977', '김일', '01088312921', '2022-04-28 07:28:48.000', 0, 0, 19940909, NULL, 'default_general_member.png', '두잔먹으면쉬즈곤부름', 0.0, '2022-04-28 08:05:27.000', 0, 0, 0);
INSERT INTO `member` (mno, email, password, name, tel, join_date, social_accept, gender, birth, self_introduction, m_img, nickname, score, block_date, block_accept, member_status, store_count) VALUES(134, 'tissue32@naver.com', '*89C6B530AA78695E257E55D63C00A6EC9AD3E977', '김이', '01088312922', '2022-04-28 07:29:19.000', 0, 0, 19940909, NULL, 'default_general_member.png', '나술쟁이아니다', 0.0, '2022-04-28 08:05:27.000', 0, 0, 0);
INSERT INTO `member` (mno, email, password, name, tel, join_date, social_accept, gender, birth, self_introduction, m_img, nickname, score, block_date, block_accept, member_status, store_count) VALUES(135, 'ddororo@gmail.com', '*89C6B530AA78695E257E55D63C00A6EC9AD3E977', '정준하', '010394761028', '2022-04-28 07:29:37.000', 0, 0, 19780323, NULL, 'default_general_member.png', '정수리똥냄새', 0.0, '2022-04-28 08:05:27.000', 0, 0, 0);
INSERT INTO `member` (mno, email, password, name, tel, join_date, social_accept, gender, birth, self_introduction, m_img, nickname, score, block_date, block_accept, member_status, store_count) VALUES(136, 'strong@gmail.com', '*89C6B530AA78695E257E55D63C00A6EC9AD3E977', '홍학두', '01025851647', '2022-04-28 07:29:40.000', 0, 0, 19900407, NULL, 'default_general_member.png', '우웩', 0.0, '2022-04-28 08:05:27.000', 0, 0, 0);
INSERT INTO `member` (mno, email, password, name, tel, join_date, social_accept, gender, birth, self_introduction, m_img, nickname, score, block_date, block_accept, member_status, store_count) VALUES(137, 'tissue33@naver.com', '*89C6B530AA78695E257E55D63C00A6EC9AD3E977', '김삼', '01088312923', '2022-04-28 07:29:46.000', 0, 0, 19940909, NULL, 'default_general_member.png', '기네스북보면서마시는기네스', 0.0, '2022-04-28 08:05:27.000', 0, 0, 0);
INSERT INTO `member` (mno, email, password, name, tel, join_date, social_accept, gender, birth, self_introduction, m_img, nickname, score, block_date, block_accept, member_status, store_count) VALUES(138, 'gjwjddbs20@naver.com', '*89C6B530AA78695E257E55D63C00A6EC9AD3E977', '허지원', '01096573423', '2022-04-28 07:30:07.000', 0, 0, 19960323, NULL, 'soj.jpg', '눈누난나', 0.0, '2022-04-28 08:41:33.000', 0, 0, 0);
INSERT INTO `member` (mno, email, password, name, tel, join_date, social_accept, gender, birth, self_introduction, m_img, nickname, score, block_date, block_accept, member_status, store_count) VALUES(139, 'tissue34@naver.com', '*89C6B530AA78695E257E55D63C00A6EC9AD3E977', '김오', '01088312924', '2022-04-28 07:30:13.000', 0, 0, 19940909, NULL, 'kain.png', '가젤코젤디질', 0.0, '2022-04-28 08:46:49.000', 0, 0, 0);
INSERT INTO `member` (mno, email, password, name, tel, join_date, social_accept, gender, birth, self_introduction, m_img, nickname, score, block_date, block_accept, member_status, store_count) VALUES(140, 'harang0125@daum.net', '*89C6B530AA78695E257E55D63C00A6EC9AD3E977', '휴이리', '01065438890', '2022-04-28 07:30:36.000', 0, 0, 20180125, NULL, 'default_general_member.png', '엄마따라 최고의 관종 연습중', 0.0, '2022-04-28 08:05:28.000', 0, 0, 0);
INSERT INTO `member` (mno, email, password, name, tel, join_date, social_accept, gender, birth, self_introduction, m_img, nickname, score, block_date, block_accept, member_status, store_count) VALUES(142, 'thowoo@naver.com', '*89C6B530AA78695E257E55D63C00A6EC9AD3E977', '황선홍', '01062485798', '2022-04-28 07:31:00.000', 0, 0, 19790131, NULL, 'woo.jpg', '슛돌이', 0.0, '2022-04-28 08:23:17.000', 0, 0, 0);
INSERT INTO `member` (mno, email, password, name, tel, join_date, social_accept, gender, birth, self_introduction, m_img, nickname, score, block_date, block_accept, member_status, store_count) VALUES(143, 'tissue36@naver.com', '*89C6B530AA78695E257E55D63C00A6EC9AD3E977', '김칠', '01088312925', '2022-04-28 07:31:05.000', 0, 0, 19940909, NULL, 'default_general_member.png', '두병먹으면 머리카락다뽑음', 0.0, '2022-04-28 08:05:28.000', 0, 0, 0);
INSERT INTO `member` (mno, email, password, name, tel, join_date, social_accept, gender, birth, self_introduction, m_img, nickname, score, block_date, block_accept, member_status, store_count) VALUES(144, 'qqqaz@naver.com', '*89C6B530AA78695E257E55D63C00A6EC9AD3E977', '정형돈', '01038473929', '2022-04-28 07:31:10.000', 0, 0, 19820409, NULL, 'default_general_member.png', '정발산기슭곰발냄새해인사잘해', 0.0, '2022-04-28 08:05:28.000', 0, 0, 0);
INSERT INTO `member` (mno, email, password, name, tel, join_date, social_accept, gender, birth, self_introduction, m_img, nickname, score, block_date, block_accept, member_status, store_count) VALUES(145, 'tissue37@naver.com', '*89C6B530AA78695E257E55D63C00A6EC9AD3E977', '김팔', '01088312926', '2022-04-28 07:31:38.000', 0, 0, 19940909, NULL, 'ha.jpg', '동무마시라우', 0.0, '2022-04-28 08:28:23.000', 0, 0, 0);
INSERT INTO `member` (mno, email, password, name, tel, join_date, social_accept, gender, birth, self_introduction, m_img, nickname, score, block_date, block_accept, member_status, store_count) VALUES(146, 'vvvip133@naver.com', '*89C6B530AA78695E257E55D63C00A6EC9AD3E977', '김중요', '01034947398', '2022-04-28 07:31:59.000', 0, 0, 19990909, NULL, 'who.jpg', '중요한남자', 0.0, '2022-04-28 08:25:15.000', 0, 0, 0);
INSERT INTO `member` (mno, email, password, name, tel, join_date, social_accept, gender, birth, self_introduction, m_img, nickname, score, block_date, block_accept, member_status, store_count) VALUES(147, 'tissue38@naver.com', '*89C6B530AA78695E257E55D63C00A6EC9AD3E977', '김구십', '01088312927', '2022-04-28 07:32:06.000', 0, 0, 19940909, NULL, 'default_general_member.png', '내래김정은수장이라우', 0.0, '2022-04-28 08:05:28.000', 0, 0, 0);
INSERT INTO `member` (mno, email, password, name, tel, join_date, social_accept, gender, birth, self_introduction, m_img, nickname, score, block_date, block_accept, member_status, store_count) VALUES(148, 'dlwogk11@naver.com', '*89C6B530AA78695E257E55D63C00A6EC9AD3E977', '휴버트리', '01077542231', '2022-04-28 07:32:11.000', 0, 0, 19880111, NULL, 'default_general_member.png', '미제승냥이를 물리치자!', 0.0, '2022-04-28 08:05:28.000', 0, 0, 0);
INSERT INTO `member` (mno, email, password, name, tel, join_date, social_accept, gender, birth, self_introduction, m_img, nickname, score, block_date, block_accept, member_status, store_count) VALUES(149, 'soooocold@naver.com', '*89C6B530AA78695E257E55D63C00A6EC9AD3E977', '추성훈', '01082827171', '2022-04-28 07:32:21.000', 0, 0, 19720122, NULL, 'bts.jpg', '챔피언', 0.0, '2022-04-28 08:27:14.000', 0, 0, 0);
INSERT INTO `member` (mno, email, password, name, tel, join_date, social_accept, gender, birth, self_introduction, m_img, nickname, score, block_date, block_accept, member_status, store_count) VALUES(150, 'rlagmlwls88@naver.com', '*89C6B530AA78695E257E55D63C00A6EC9AD3E977', '김희진 ', '01034239856', '2022-04-28 07:32:33.000', 0, 0, 19920512, NULL, 'default_general_member.png', '희지니지니지니지니', 0.0, '2022-04-28 08:05:28.000', 0, 0, 0);
INSERT INTO `member` (mno, email, password, name, tel, join_date, social_accept, gender, birth, self_introduction, m_img, nickname, score, block_date, block_accept, member_status, store_count) VALUES(151, 'tissue39@naver.com', '*89C6B530AA78695E257E55D63C00A6EC9AD3E977', '김팔구', '01088312928', '2022-04-28 07:32:37.000', 0, 0, 19940909, NULL, 'default_general_member.png', '내얼굴나로호', 0.0, '2022-04-28 08:05:28.000', 0, 0, 0);
INSERT INTO `member` (mno, email, password, name, tel, join_date, social_accept, gender, birth, self_introduction, m_img, nickname, score, block_date, block_accept, member_status, store_count) VALUES(152, 'socon@naver.com', '*89C6B530AA78695E257E55D63C00A6EC9AD3E977', '우호진', '01032659874', '2022-04-28 07:32:41.000', 0, 0, 19770425, NULL, 'default_general_member.png', '넌', 0.0, '2022-04-28 08:05:28.000', 0, 0, 0);
INSERT INTO `member` (mno, email, password, name, tel, join_date, social_accept, gender, birth, self_introduction, m_img, nickname, score, block_date, block_accept, member_status, store_count) VALUES(153, 'kkokkoma@naver.com', '*89C6B530AA78695E257E55D63C00A6EC9AD3E977', '김정수', '01049573929', '2022-04-28 07:33:04.000', 0, 0, 19960601, NULL, 'ooo.jpg', '꼬꼬마', 0.0, '2022-04-28 08:26:33.000', 0, 0, 0);
INSERT INTO `member` (mno, email, password, name, tel, join_date, social_accept, gender, birth, self_introduction, m_img, nickname, score, block_date, block_accept, member_status, store_count) VALUES(154, 'hobit@naver.com', '*89C6B530AA78695E257E55D63C00A6EC9AD3E977', '김호인', '01025486542', '2022-04-28 07:33:29.000', 0, 0, 19970122, NULL, 'default_general_member.png', '김호빗', 0.0, '2022-04-28 08:05:28.000', 0, 0, 0);
INSERT INTO `member` (mno, email, password, name, tel, join_date, social_accept, gender, birth, self_introduction, m_img, nickname, score, block_date, block_accept, member_status, store_count) VALUES(157, 'tissue41@naver.com', '*89C6B530AA78695E257E55D63C00A6EC9AD3E977', '김팔사', '01088312929', '2022-04-28 07:33:44.000', 0, 0, 19940909, NULL, 'default_general_member.png', '팔꿈치정수리에닿음', 0.0, '2022-04-28 08:05:28.000', 0, 0, 0);
INSERT INTO `member` (mno, email, password, name, tel, join_date, social_accept, gender, birth, self_introduction, m_img, nickname, score, block_date, block_accept, member_status, store_count) VALUES(158, 'gpark@naver.com', '*89C6B530AA78695E257E55D63C00A6EC9AD3E977', '박명수', '01049439372', '2022-04-28 07:33:44.000', 0, 0, 19770304, NULL, 'default_general_member.png', '한머리두냄새', 0.0, '2022-04-28 08:05:28.000', 0, 0, 0);
INSERT INTO `member` (mno, email, password, name, tel, join_date, social_accept, gender, birth, self_introduction, m_img, nickname, score, block_date, block_accept, member_status, store_count) VALUES(160, 'sooohot@daum.com', '*89C6B530AA78695E257E55D63C00A6EC9AD3E977', '한다희', '01023235174', '2022-04-28 07:33:59.000', 0, 0, 20000505, NULL, 'iu.jpg', '다희곤쥬', 0.0, '2022-04-28 08:26:01.000', 0, 0, 0);
INSERT INTO `member` (mno, email, password, name, tel, join_date, social_accept, gender, birth, self_introduction, m_img, nickname, score, block_date, block_accept, member_status, store_count) VALUES(161, 'hubert11@naver.com', '*89C6B530AA78695E257E55D63C00A6EC9AD3E977', '이루다', '01067542187', '2022-04-28 07:33:59.000', 0, 0, 20180125, NULL, 'default_general_member.png', '번개같이불이번쩍단숨에!', 0.0, '2022-04-28 08:05:28.000', 0, 0, 0);
INSERT INTO `member` (mno, email, password, name, tel, join_date, social_accept, gender, birth, self_introduction, m_img, nickname, score, block_date, block_accept, member_status, store_count) VALUES(162, 'tissue42@naver.com', '*89C6B530AA78695E257E55D63C00A6EC9AD3E977', '김팔오', '01088312930', '2022-04-28 07:34:06.000', 0, 0, 19940909, NULL, 'default_general_member.png', '해리포터와소주잔', 0.0, '2022-04-28 08:05:28.000', 0, 0, 0);
INSERT INTO `member` (mno, email, password, name, tel, join_date, social_accept, gender, birth, self_introduction, m_img, nickname, score, block_date, block_accept, member_status, store_count) VALUES(163, 'nonohong@naver.com', '*89C6B530AA78695E257E55D63C00A6EC9AD3E977', '노홍철', '01023937382', '2022-04-28 07:34:16.000', 0, 0, 19800409, NULL, 'default_general_member.png', '턱주가리아', 0.0, '2022-04-28 08:05:28.000', 0, 0, 0);
INSERT INTO `member` (mno, email, password, name, tel, join_date, social_accept, gender, birth, self_introduction, m_img, nickname, score, block_date, block_accept, member_status, store_count) VALUES(164, 'eu999@naver.com', '*89C6B530AA78695E257E55D63C00A6EC9AD3E977', '연우영', '01058752223', '2022-04-28 07:34:23.000', 0, 0, 19980221, NULL, 'default_general_member.png', '우엉', 0.0, '2022-04-28 08:05:28.000', 0, 0, 0);
INSERT INTO `member` (mno, email, password, name, tel, join_date, social_accept, gender, birth, self_introduction, m_img, nickname, score, block_date, block_accept, member_status, store_count) VALUES(165, 'admin@admin.com', '*89C6B530AA78695E257E55D63C00A6EC9AD3E977', '관리자', '01043945732', '2022-04-28 08:38:27.000', 0, 0, 19910101, NULL, NULL, '관리잡', 0.0, '2022-04-28 08:38:27.000', 0, 0, 0);





-- 주점유형
INSERT INTO store_type (store_type_no,type_name) VALUES (1,'포차');
INSERT INTO store_type (store_type_no,type_name) VALUES (2,'펍');
INSERT INTO store_type (store_type_no,type_name) VALUES (3,'바');
INSERT INTO store_type (store_type_no,type_name) VALUES (4,'이자카야');
INSERT INTO store_type (store_type_no,type_name) VALUES (5,'주막');
INSERT INTO store_type (store_type_no,type_name) VALUES (6,'감성주점');
INSERT INTO store_type (store_type_no,type_name) VALUES (7,'루프탑');
INSERT INTO store_type (store_type_no,type_name) VALUES (8,'가라오케');
INSERT INTO store_type (store_type_no,type_name) VALUES (9,'기타');

-- 주점
-- store
INSERT INTO store (store_no, business_registration_no, store_name, address, tel, `hour`, introduction, evaluation_score, reservation_accept, max_member, oper, status, lat, lng, block_count, address_detail) VALUES(2, 110550660, '무월', '서울특별시 강남구 역삼1동 811-12', '02-555-3060', '22:59:11', '막걸리집', 4.0, 1, 50, 1, 1, 37.50338, 127.02663, 0, NULL);
INSERT INTO store (store_no, business_registration_no, store_name, address, tel, `hour`, introduction, evaluation_score, reservation_accept, max_member, oper, status, lat, lng, block_count, address_detail) VALUES(3, 890630, '아트몬스터 강남점', '서울특별시 강남구 역삼동 테헤란로1길 28-3', '02-6448-6110', '22:59:11', '힙한 술집', 3.0, 1, 20, 1, 1, 37.500336, 127.02773, 0, NULL);
INSERT INTO store (store_no, business_registration_no, store_name, address, tel, `hour`, introduction, evaluation_score, reservation_accept, max_member, oper, status, lat, lng, block_count, address_detail) VALUES(4, 69869, '강남포차', '서울특별시 강남구 역삼동 역삼로1길 18', '02-565-6400', '22:59:11', '포차', 2.5, 0, NULL, 1, 1, 37.49442, 127.03069, 0, NULL);
INSERT INTO store (store_no, business_registration_no, store_name, address, tel, `hour`, introduction, evaluation_score, reservation_accept, max_member, oper, status, lat, lng, block_count, address_detail) VALUES(5, 546798, '강남 일미포차', '서울 강남구 강남대로96길 15', '02-561-9222', '22:59:11', '포차집', 5.0, 1, 60, 1, 1, 37.500004, 127.02823, 0, NULL);
INSERT INTO store (store_no, business_registration_no, store_name, address, tel, `hour`, introduction, evaluation_score, reservation_accept, max_member, oper, status, lat, lng, block_count, address_detail) VALUES(6, 476476, '이자카야 나무', '서울특별시 강남구 강남대로78길 8', '02-558-6787', '11:11:11', '이자카야', 4.5, 1, 35, 1, 1, 37.49465, 127.03005, 0, NULL);
INSERT INTO store (store_no, business_registration_no, store_name, address, tel, `hour`, introduction, evaluation_score, reservation_accept, max_member, oper, status, lat, lng, block_count, address_detail) VALUES(7, 7907, '바이트', '서울 강남구 선릉로112길 13', '02-538-2556', '22:59:11', '양주칵테일', 4.0, 1, 50, 1, 1, 37.501907, 127.02647, 0, NULL);
INSERT INTO store (store_no, business_registration_no, store_name, address, tel, `hour`, introduction, evaluation_score, reservation_accept, max_member, oper, status, lat, lng, block_count, address_detail) VALUES(8, 34563650, '대동집', '서울특별시 강남구 봉은사로18길 88', '02-554-4574', '22:59:11', '막걸리집', 3.0, 1, 20, 1, 1, 37.500957, 127.02766, 0, NULL);
INSERT INTO store (store_no, business_registration_no, store_name, address, tel, `hour`, introduction, evaluation_score, reservation_accept, max_member, oper, status, lat, lng, block_count, address_detail) VALUES(9, 7897, '골목집', '서울특별시 강남구 역삼동 813-11', '02-569-5979', '22:59:11', '막걸리소주집', 4.0, 1, 20, 1, 1, 37.502296, 127.02692, 0, NULL);
INSERT INTO store (store_no, business_registration_no, store_name, address, tel, `hour`, introduction, evaluation_score, reservation_accept, max_member, oper, status, lat, lng, block_count, address_detail) VALUES(10, 7470780, '엘라elah', '서울특별시 강남구 테헤란로5길 36번지', '02-6052-8831', '22:59:11', '호프집', 5.0, 1, NULL, 1, 1, 37.50086, 127.029, 0, NULL);
INSERT INTO store (store_no, business_registration_no, store_name, address, tel, `hour`, introduction, evaluation_score, reservation_accept, max_member, oper, status, lat, lng, block_count, address_detail) VALUES(11, 709587567, '느린마을양조장', '서울특별시 서초구 서초대로73길 7', '02-587-7720', '22:59:11', '막걸리집', 0.0, 1, 20, 1, 1, 37.498096, 127.02525, 0, NULL);
INSERT INTO store (store_no, business_registration_no, store_name, address, tel, `hour`, introduction, evaluation_score, reservation_accept, max_member, oper, status, lat, lng, block_count, address_detail) VALUES(12, 967896, 'Beezza x brew one', '서울특별시 강남구 역삼동 601', '02-261-0817', '22:59:11', '바', 1.0, 1, 20, 1, 1, 37.5045, 127.02557, 0, NULL);
INSERT INTO store (store_no, business_registration_no, store_name, address, tel, `hour`, introduction, evaluation_score, reservation_accept, max_member, oper, status, lat, lng, block_count, address_detail) VALUES(13, 457698798, '작', '서울특별시 강남구 역삼1동 640-11', '02-501-2342', '22:59:11', '전통주바', 2.0, 1, 20, 1, 1, 37.502342, 127.03462, 0, NULL);
INSERT INTO store (store_no, business_registration_no, store_name, address, tel, `hour`, introduction, evaluation_score, reservation_accept, max_member, oper, status, lat, lng, block_count, address_detail) VALUES(14, 9879, '한량블루스', '서울특별시 서초구 서초대로75길 45', '02-261-0817', '22:59:11', '와인바', 3.0, 1, 20, 1, 1, 37.50144, 127.02456, 0, NULL);
INSERT INTO store (store_no, business_registration_no, store_name, address, tel, `hour`, introduction, evaluation_score, reservation_accept, max_member, oper, status, lat, lng, block_count, address_detail) VALUES(15, 7987, '심야술집', '서울특별시 강남구 역삼동 테헤란로10길 25', '02-261-0817', '22:59:11', '혼술사케', 4.0, 1, 20, 1, 1, 37.497555, 127.03296, 0, NULL);
INSERT INTO store (store_no, business_registration_no, store_name, address, tel, `hour`, introduction, evaluation_score, reservation_accept, max_member, oper, status, lat, lng, block_count, address_detail) VALUES(16, 34563650, '너츠펍강남본점', '서울특별시 서초구 서초동 1337-6', '02-261-0817', '22:59:11', '호가든기네스맥주맛집', 5.0, 1, 20, 1, 1, 37.49115, 127.02914, 0, NULL);
INSERT INTO store (store_no, business_registration_no, store_name, address, tel, `hour`, introduction, evaluation_score, reservation_accept, max_member, oper, status, lat, lng, block_count, address_detail) VALUES(17, 789798, '휴일', '서울특별시 강남구 역삼동 830-9', '02-261-0817', '22:59:11', '와인바', 0.0, 1, 20, 1, 1, 37.494884, 127.03148, 0, NULL);
INSERT INTO store (store_no, business_registration_no, store_name, address, tel, `hour`, introduction, evaluation_score, reservation_accept, max_member, oper, status, lat, lng, block_count, address_detail) VALUES(18, 98798, '비놀릭(vinolic)', '서울특별시 강남구 역삼동 840-2', '02-261-0817', '22:59:11', '와인바', 5.0, 1, 20, 1, 1, 37.491215, 127.03545, 0, NULL);
INSERT INTO store (store_no, business_registration_no, store_name, address, tel, `hour`, introduction, evaluation_score, reservation_accept, max_member, oper, status, lat, lng, block_count, address_detail) VALUES(19, 3, '엠플라운지 라이브펍', '서울특별시 강남구 논현로 404', '02-261-0817', '22:59:11', '맥주집', 5.0, 1, 20, 1, 1, 37.496175, 127.039426, 0, NULL);
INSERT INTO store (store_no, business_registration_no, store_name, address, tel, `hour`, introduction, evaluation_score, reservation_accept, max_member, oper, status, lat, lng, block_count, address_detail) VALUES(20, 34563650, '노가리앤비어', '서울특별시 강남구 역삼동 797-3', '02-261-0817', '22:59:11', '술집', 2.0, 1, 20, 1, 1, 37.495021, 127.039459, 0, NULL);
INSERT INTO store (store_no, business_registration_no, store_name, address, tel, `hour`, introduction, evaluation_score, reservation_accept, max_member, oper, status, lat, lng, block_count, address_detail) VALUES(21, 3, '오시오실내포차', '서울특별시 강남구 역삼동 779-9', '02-261-0817', '22:59:11', '포차', 1.0, 1, 20, 1, 1, 37.495605, 127.04563, 0, NULL);
INSERT INTO store (store_no, business_registration_no, store_name, address, tel, `hour`, introduction, evaluation_score, reservation_accept, max_member, oper, status, lat, lng, block_count, address_detail) VALUES(22, 7470780, '경성주막1929', '서울특별시 서초구 강남대로 439', '02-261-0817', '22:59:11', '술집', 1.0, 1, 20, 1, 1, 37.501503, 127.02529, 0, NULL);
INSERT INTO store (store_no, business_registration_no, store_name, address, tel, `hour`, introduction, evaluation_score, reservation_accept, max_member, oper, status, lat, lng, block_count, address_detail) VALUES(23, 3, 'Pub Champion', '서울특별시 서초구 서초동 1304-5', '02-261-0817', '22:59:11', '양주맥주', 3.0, 1, 20, 1, 1, 37.501926, 127.02518, 0, NULL);
INSERT INTO store (store_no, business_registration_no, store_name, address, tel, `hour`, introduction, evaluation_score, reservation_accept, max_member, oper, status, lat, lng, block_count, address_detail) VALUES(24, 34563650, '크래프트한스', '서울특별시 서초구 서초동 강남대로65길 7', '02-261-0817', '22:59:11', '맥주펍', 2.0, 1, 20, 1, 1, 37.500217, 127.02533, 0, NULL);
INSERT INTO store (store_no, business_registration_no, store_name, address, tel, `hour`, introduction, evaluation_score, reservation_accept, max_member, oper, status, lat, lng, block_count, address_detail) VALUES(25, 7470780, '아리네술상', '서울특별시 강남구 논현로94길 11', '02-261-0817', '22:59:11', '술집', 4.0, 1, 20, 1, 1, 37.502495, 127.037186, 0, NULL);
INSERT INTO store (store_no, business_registration_no, store_name, address, tel, `hour`, introduction, evaluation_score, reservation_accept, max_member, oper, status, lat, lng, block_count, address_detail) VALUES(26, 3, '상도', '서울특별시 강남구 역삼동 671-22', '02-261-0817', '22:59:11', '술집', 5.0, 1, 20, 1, 1, 37.503246, 127.03871, 0, NULL);
INSERT INTO store (store_no, business_registration_no, store_name, address, tel, `hour`, introduction, evaluation_score, reservation_accept, max_member, oper, status, lat, lng, block_count, address_detail) VALUES(27, 7470780, '브루웍스 파티역삼점', '서울특별시 강남구 역삼동 670-22', '02-261-0817', '22:59:11', '맥주집', 4.0, 1, 20, 1, 1, 37.502834, 127.03799, 0, NULL);
INSERT INTO store (store_no, business_registration_no, store_name, address, tel, `hour`, introduction, evaluation_score, reservation_accept, max_member, oper, status, lat, lng, block_count, address_detail) VALUES(28, 7470780, '에이와이라운지', '서울특별시 강남구 강남대로92길 13', '02-261-0817', '22:59:11', '양주맥주', 1.0, 1, 20, 1, 1, 37.499016, 127.02852, 0, NULL);
INSERT INTO store (store_no, business_registration_no, store_name, address, tel, `hour`, introduction, evaluation_score, reservation_accept, max_member, oper, status, lat, lng, block_count, address_detail) VALUES(29, 3, '도리마틴', '서울특별시 강남구 역삼동 672-36', '02-261-0817', '22:59:11', '사케', 1.0, 1, 20, 1, 1, 37.50378, 127.039406, 0, NULL);
INSERT INTO store (store_no, business_registration_no, store_name, address, tel, `hour`, introduction, evaluation_score, reservation_accept, max_member, oper, status, lat, lng, block_count, address_detail) VALUES(30, 7470780, '노가리슈퍼 선릉점', '서울특별시 강남구 대치4동 900-7', '02-261-0817', '22:59:11', '술집', 2.0, 1, 20, 1, 1, 37.50217, 127.05227, 0, NULL);
INSERT INTO store (store_no, business_registration_no, store_name, address, tel, `hour`, introduction, evaluation_score, reservation_accept, max_member, oper, status, lat, lng, block_count, address_detail) VALUES(31, 154259532, '백야', '서울 용산구 회나무로6길 21', '0507-1309-0281', '열두시까지', '술집', 3.0, 1, 20, 0, 0, 37.537968, 126.988841, 0, NULL);
INSERT INTO store (store_no, business_registration_no, store_name, address, tel, `hour`, introduction, evaluation_score, reservation_accept, max_member, oper, status, lat, lng, block_count, address_detail) VALUES(32, 13221455, '사이', '서울 강남구 압구정로2길 35', '0507-1331-4242', '열두시까지합니다', '이자카야', 5.0, 1, 10, 1, 1, 37.519527, 127.020583, 0, NULL);
INSERT INTO store (store_no, business_registration_no, store_name, address, tel, `hour`, introduction, evaluation_score, reservation_accept, max_member, oper, status, lat, lng, block_count, address_detail) VALUES(33, 2342554, '콘유', '서울 강남구 도산대로11길 31-7', '02-545-0527', '00:00시까지', '이자카야', 4.0, 1, 20, 1, 1, 37.519155, 127.021866, 0, NULL);
INSERT INTO store (store_no, business_registration_no, store_name, address, tel, `hour`, introduction, evaluation_score, reservation_accept, max_member, oper, status, lat, lng, block_count, address_detail) VALUES(34, 284791654, '스포빠', '서울 용산구 이태원로26길 31 ', '0507-1471-2523', '열시반까지', '포장마차', 2.0, 1, 30, 1, 1, 37.533076, 126.993842, 0, NULL);
INSERT INTO store (store_no, business_registration_no, store_name, address, tel, `hour`, introduction, evaluation_score, reservation_accept, max_member, oper, status, lat, lng, block_count, address_detail) VALUES(35, 1965321, '플랫나인', '서울 서초구 강남대로65길 10 ', '0507-1389-9630', '새벽두시까지 ', '양주칵테일', 4.0, 1, 20, 1, 1, 37.500484, 127.024933, 0, NULL);
INSERT INTO store (store_no, business_registration_no, store_name, address, tel, `hour`, introduction, evaluation_score, reservation_accept, max_member, oper, status, lat, lng, block_count, address_detail) VALUES(36, 2204448, '먼데이블루스 ', '서울 서초구 강남대로53길 11', '02-521-0542', '11시까지만 하고 쉬어요', '와인과 치즈 즐기실분', 3.0, 1, 10, 1, 1, 37.493919, 127.027896, 0, NULL);
INSERT INTO store (store_no, business_registration_no, store_name, address, tel, `hour`, introduction, evaluation_score, reservation_accept, max_member, oper, status, lat, lng, block_count, address_detail) VALUES(37, 45667778, '야키토리요이사', '서울 강남구 논현로175길 101', '0507-1473-2307', '자정12시', '이자카야', 5.0, 1, 15, 1, 1, 37.522644, 127.021157, 0, NULL);
INSERT INTO store (store_no, business_registration_no, store_name, address, tel, `hour`, introduction, evaluation_score, reservation_accept, max_member, oper, status, lat, lng, block_count, address_detail) VALUES(38, 154789651, '야키토리고우', '서울 용산구 이태원로27가길 45', '02-794-7088', '01:00까지', '이자카야', 3.0, 1, 40, 1, 1, 37.534837, 126.992748, 0, NULL);
INSERT INTO store (store_no, business_registration_no, store_name, address, tel, `hour`, introduction, evaluation_score, reservation_accept, max_member, oper, status, lat, lng, block_count, address_detail) VALUES(39, 798514663, '타파스바', '서울 용산구 이태원로27가길 49', '010-3468-0799', '01:00까지', '호프집', 4.0, 1, 30, 1, 1, 37.534829, 126.992535, 0, NULL);
INSERT INTO store (store_no, business_registration_no, store_name, address, tel, `hour`, introduction, evaluation_score, reservation_accept, max_member, oper, status, lat, lng, block_count, address_detail) VALUES(40, 1002987, '미인포차', '서울 강남구 테헤란로1길 16 ', '02-554-8686', '05:00 종료 ', '일본식주점', 4.0, 1, 12, 1, 1, 37.499385, 127.027916, 0, NULL);
INSERT INTO store (store_no, business_registration_no, store_name, address, tel, `hour`, introduction, evaluation_score, reservation_accept, max_member, oper, status, lat, lng, block_count, address_detail) VALUES(41, 7878436, '피헨', '서울 강남구 도산대로30길 39', '0507-1331-7187', '새벽2시', '와인', 5.0, 1, 10, 1, 1, 37.517411, 127.03068, 0, NULL);
INSERT INTO store (store_no, business_registration_no, store_name, address, tel, `hour`, introduction, evaluation_score, reservation_accept, max_member, oper, status, lat, lng, block_count, address_detail) VALUES(42, 987594169, '더젤', '서울 용산구 회나무로 67', '02-797-6846', '22:00까지', '와인바', 3.0, 1, 30, 1, 1, 37.540324, 126.994098, 0, NULL);
INSERT INTO store (store_no, business_registration_no, store_name, address, tel, `hour`, introduction, evaluation_score, reservation_accept, max_member, oper, status, lat, lng, block_count, address_detail) VALUES(43, 792565157, '로즈앤크라운', '서울 용산구 이태원로19길 6', '010-7532-5484', '24:00까지', '호프집', 3.0, 1, 30, 1, 1, 37.534685, 126.991976, 0, NULL);
INSERT INTO store (store_no, business_registration_no, store_name, address, tel, `hour`, introduction, evaluation_score, reservation_accept, max_member, oper, status, lat, lng, block_count, address_detail) VALUES(44, 936513154, '프로스트', '서울 용산구 이태원로27가길 26', '02-796-6854', '04:30까지', '호프집', 2.0, 1, 30, 1, 1, 37.535075, 126.993757, 0, NULL);
INSERT INTO store (store_no, business_registration_no, store_name, address, tel, `hour`, introduction, evaluation_score, reservation_accept, max_member, oper, status, lat, lng, block_count, address_detail) VALUES(45, 64545626, '로프트', '서울 강남구 강남대로152길 62', '0507-1401-6639', '02:00까지', '와인', 4.0, 1, 10, 1, 1, 37.518653, 127.024247, 0, NULL);
INSERT INTO store (store_no, business_registration_no, store_name, address, tel, `hour`, introduction, evaluation_score, reservation_accept, max_member, oper, status, lat, lng, block_count, address_detail) VALUES(46, 467826566, '구석집', '서울 은평구 통일로83길 17-5', '02-587-7720', '02:00 종료', '호프집', 3.0, 1, 12, 1, 1, 37.498099, 127.025257, 0, NULL);
INSERT INTO store (store_no, business_registration_no, store_name, address, tel, `hour`, introduction, evaluation_score, reservation_accept, max_member, oper, status, lat, lng, block_count, address_detail) VALUES(47, 154658465, '부기우기', '서울 용산구 회나무로 21', '010-2396-3050', '05:00까지', '술집', 3.0, 1, 30, 1, 1, 37.539192, 126.989013, 0, NULL);
INSERT INTO store (store_no, business_registration_no, store_name, address, tel, `hour`, introduction, evaluation_score, reservation_accept, max_member, oper, status, lat, lng, block_count, address_detail) VALUES(48, 88857421, '아실라', '서울 강남구 강남대로98길 16', '02-508-4665', '새벽두시에끝나요', '강남역에서가까워요', 2.0, 1, 20, 0, 1, 37.500704, 127.02796, 0, NULL);
INSERT INTO store (store_no, business_registration_no, store_name, address, tel, `hour`, introduction, evaluation_score, reservation_accept, max_member, oper, status, lat, lng, block_count, address_detail) VALUES(49, 302918283, '진도켄', '서울 강남구 도산대로15길 9', '0507-1330-5614', '00:00까지영업해요', '이자카야', 5.0, 1, 10, 1, 1, 37.51884, 127.023774, 0, NULL);
INSERT INTO store (store_no, business_registration_no, store_name, address, tel, `hour`, introduction, evaluation_score, reservation_accept, max_member, oper, status, lat, lng, block_count, address_detail) VALUES(50, 482621548, '이태원소주집', '서울 용산구 녹사평대로40길 46', '02-365-9545', '01:00까지', '호프집', 4.0, 1, 30, 1, 1, 37.534372, 126.988176, 0, NULL);
INSERT INTO store (store_no, business_registration_no, store_name, address, tel, `hour`, introduction, evaluation_score, reservation_accept, max_member, oper, status, lat, lng, block_count, address_detail) VALUES(51, 986245, '맛깔포차', '서울 서초구 서초대로75길 25', '070-7706-3305', '10:00 종료 ', '실내포장마차', 4.0, 1, 10, 1, 1, 37.499863, 127.025213, 0, NULL);
INSERT INTO store (store_no, business_registration_no, store_name, address, tel, `hour`, introduction, evaluation_score, reservation_accept, max_member, oper, status, lat, lng, block_count, address_detail) VALUES(52, 426965154, '카사코로나 서울', '서울 용산구 보광로60길 7', '070-4105-2234', '02:00까지', '술집', 3.0, 1, 30, 1, 1, 37.534045, 126.994508, 0, NULL);
INSERT INTO store (store_no, business_registration_no, store_name, address, tel, `hour`, introduction, evaluation_score, reservation_accept, max_member, oper, status, lat, lng, block_count, address_detail) VALUES(53, 587526554, '기무', '서울 강남구 논현로 333', '02-508-5748', '새벽한시까지합니다', '룸술집', 5.0, 1, 40, 1, 1, 37.494864, 127.039395, 0, NULL);
INSERT INTO store (store_no, business_registration_no, store_name, address, tel, `hour`, introduction, evaluation_score, reservation_accept, max_member, oper, status, lat, lng, block_count, address_detail) VALUES(54, 74615635, '작정', '서울 강남구 논현로163길 13-4', '0507-1446-8123', '01:00까지', '와인', 5.0, 1, 20, 1, 1, 37.523836, 127.026842, 0, NULL);
INSERT INTO store (store_no, business_registration_no, store_name, address, tel, `hour`, introduction, evaluation_score, reservation_accept, max_member, oper, status, lat, lng, block_count, address_detail) VALUES(55, 963541284, '남산와이너리', '서울 용산구 회나무로10길 5', '02-792-5849', '22:00까지', '와인바', 3.0, 1, 30, 1, 1, 37.538921, 126.989099, 0, NULL);
INSERT INTO store (store_no, business_registration_no, store_name, address, tel, `hour`, introduction, evaluation_score, reservation_accept, max_member, oper, status, lat, lng, block_count, address_detail) VALUES(56, 761654845, '더파이니스트', '서울 용산구 회나무로 41', '02-456-2497', '01:00까지', '칵테일', 2.0, 1, 30, 1, 1, 37.539788, 126.991138, 0, NULL);
INSERT INTO store (store_no, business_registration_no, store_name, address, tel, `hour`, introduction, evaluation_score, reservation_accept, max_member, oper, status, lat, lng, block_count, address_detail) VALUES(57, 5848486, '골드생맥주', '서울 강남구 테헤란로104길 19', '070-4105-2289', '24시간', '맥주한잔하세요', 1.0, 1, 50, 1, 1, 37.507915, 127.065403, 0, NULL);
INSERT INTO store (store_no, business_registration_no, store_name, address, tel, `hour`, introduction, evaluation_score, reservation_accept, max_member, oper, status, lat, lng, block_count, address_detail) VALUES(58, 46452626, '백야', '서울 송파구 오금로13길 22 ', '02-420-9092', '새벽12시까지입니다', '이자카야', 5.0, 1, 10, 1, 1, 37.513675, 127.11012, 0, NULL);
INSERT INTO store (store_no, business_registration_no, store_name, address, tel, `hour`, introduction, evaluation_score, reservation_accept, max_member, oper, status, lat, lng, block_count, address_detail) VALUES(59, 165458526, '올드문래', '서울 영등포구 도림로 433-6', '02-6326-4336', '02:00까지', '호프집', 4.0, 1, 30, 1, 1, 37.513888, 126.894256, 0, NULL);
INSERT INTO store (store_no, business_registration_no, store_name, address, tel, `hour`, introduction, evaluation_score, reservation_accept, max_member, oper, status, lat, lng, block_count, address_detail) VALUES(60, 179546264, '스몰', '서울 영등포구 경인로77가길 12', '070-8880-6542', '22:00까지', '호프집', 3.0, 1, 40, 1, 1, 37.511923, 126.892132, 0, NULL);
INSERT INTO store (store_no, business_registration_no, store_name, address, tel, `hour`, introduction, evaluation_score, reservation_accept, max_member, oper, status, lat, lng, block_count, address_detail) VALUES(61, 321564896, '비닐하우스', '서울 영등포구 도림로128가길 13-8', '02-665-6547', '00:00까지', '와인바', 4.0, 1, 30, 1, 1, 37.514176, 126.897668, 0, NULL);
INSERT INTO store (store_no, business_registration_no, store_name, address, tel, `hour`, introduction, evaluation_score, reservation_accept, max_member, oper, status, lat, lng, block_count, address_detail) VALUES(62, 625487953, '비어바나', '서울 영등포구 도림로129길 5-1', '02-6548-6885', '01:00까지', '호프집', 3.0, 1, 30, 1, 1, 37.5133, 126.895308, 0, NULL);
INSERT INTO store (store_no, business_registration_no, store_name, address, tel, `hour`, introduction, evaluation_score, reservation_accept, max_member, oper, status, lat, lng, block_count, address_detail) VALUES(63, 464882393, '노즈', '서울 송파구 오금로17길 4-7', '0507-1335-7864', '밤11시까지', '와인', 5.0, 1, 15, 1, 1, 37.511087, 127.111796, 0, NULL);
INSERT INTO store (store_no, business_registration_no, store_name, address, tel, `hour`, introduction, evaluation_score, reservation_accept, max_member, oper, status, lat, lng, block_count, address_detail) VALUES(64, 8857566, '와우철판', '서울 서초구 나루터로 69', '02-515-9278', '11-02', '철판볶음과 맥주의조합', 3.0, 1, 10, 1, 1, 37.515717, 127.01737, 0, NULL);
INSERT INTO store (store_no, business_registration_no, store_name, address, tel, `hour`, introduction, evaluation_score, reservation_accept, max_member, oper, status, lat, lng, block_count, address_detail) VALUES(65, 628745488, '채윤희', '서울 영등포구 도림로128길 21 ', '02-465-8751', '00:00까지', '호프집', 2.0, 1, 30, 1, 1, 37.515361, 126.894642, 0, NULL);
INSERT INTO store (store_no, business_registration_no, store_name, address, tel, `hour`, introduction, evaluation_score, reservation_accept, max_member, oper, status, lat, lng, block_count, address_detail) VALUES(66, 567854125, '참새방앗간', '서울 영등포구 당산로48길', '02-6215-1199', '02:00까지', '호프집', 3.0, 1, 30, 1, 1, 37.534981, 126.903805, 0, NULL);
INSERT INTO store (store_no, business_registration_no, store_name, address, tel, `hour`, introduction, evaluation_score, reservation_accept, max_member, oper, status, lat, lng, block_count, address_detail) VALUES(67, 889372632, '스웨덴피크닉', '서울 송파구 백제고분로43길 10 ', '070-8286-4119', '자정12시까지해요', '와인', 5.0, 1, 10, 1, 1, 37.508322, 127.109585, 0, NULL);
INSERT INTO store (store_no, business_registration_no, store_name, address, tel, `hour`, introduction, evaluation_score, reservation_accept, max_member, oper, status, lat, lng, block_count, address_detail) VALUES(68, 52665848, '참치한마리', '서울 서초구 사임당로 21', '02-523-5695', '24시 운영', '참치는 건강에 좋습니다', 4.0, 1, 22, 1, 1, 37.487901, 127.012467, 0, NULL);
INSERT INTO store (store_no, business_registration_no, store_name, address, tel, `hour`, introduction, evaluation_score, reservation_accept, max_member, oper, status, lat, lng, block_count, address_detail) VALUES(69, 514878965, '생활맥주 여의도점', '서울 영등포구 여의대방로 386', '02-897-6222', '01:00까지', '호프집', 3.0, 1, 30, 1, 1, 37.518857, 126.931937, 0, NULL);
INSERT INTO store (store_no, business_registration_no, store_name, address, tel, `hour`, introduction, evaluation_score, reservation_accept, max_member, oper, status, lat, lng, block_count, address_detail) VALUES(70, 741655325, '은진포차', '서울 영등포구 도림로133길 20', '010-6543-6542', '00:00까지', '실내포장마차', 3.0, 1, 40, 1, 1, 37.51273, 126.893656, 0, NULL);
INSERT INTO store (store_no, business_registration_no, store_name, address, tel, `hour`, introduction, evaluation_score, reservation_accept, max_member, oper, status, lat, lng, block_count, address_detail) VALUES(71, 26584656, '맥주창고', '서울 서초구 고무래로8길 2', '02-537-9552', '20시부터 02시까지', '세계맥주와 팝콘', 3.0, 1, 13, 1, 1, 37.502721, 127.010493, 0, NULL);
INSERT INTO store (store_no, business_registration_no, store_name, address, tel, `hour`, introduction, evaluation_score, reservation_accept, max_member, oper, status, lat, lng, block_count, address_detail) VALUES(72, 254632547, '우마', '서울 관악구 신원로 26', '02-654-3285', '21:00까지', '이자카야', 3.0, 1, 30, 1, 1, 37.480408, 126.929384, 0, NULL);
INSERT INTO store (store_no, business_registration_no, store_name, address, tel, `hour`, introduction, evaluation_score, reservation_accept, max_member, oper, status, lat, lng, block_count, address_detail) VALUES(73, 83726362, '모토쿠라시', '서울 송파구 백제고분로41길 27', '0507-1318-6327', '밤12시까지합니다', '이자카야', 4.0, 1, 10, 1, 1, 37.508253, 127.106624, 0, NULL);
INSERT INTO store (store_no, business_registration_no, store_name, address, tel, `hour`, introduction, evaluation_score, reservation_accept, max_member, oper, status, lat, lng, block_count, address_detail) VALUES(74, 231457465, '술이남', '서울 관악구 신림동길 5', '070-654-6521', '05:00까지', '호프집', 3.0, 1, 30, 1, 1, 37.487297, 126.92816, 0, NULL);
INSERT INTO store (store_no, business_registration_no, store_name, address, tel, `hour`, introduction, evaluation_score, reservation_accept, max_member, oper, status, lat, lng, block_count, address_detail) VALUES(75, 785146523, '가야', '서울 관악구 신림로 323', '02-164-3564', '00:00까지', '호프집', 3.0, 1, 30, 1, 1, 37.483194, 126.929512, 0, NULL);
INSERT INTO store (store_no, business_registration_no, store_name, address, tel, `hour`, introduction, evaluation_score, reservation_accept, max_member, oper, status, lat, lng, block_count, address_detail) VALUES(76, 3265974, '비어라이제', '서울 강남구 강남대로124길 3-9', '02-584-7357', '10시부터 02시까지', '꼬치집이에요', 2.0, 1, 30, 1, 1, 37.509284, 127.022809, 0, NULL);
INSERT INTO store (store_no, business_registration_no, store_name, address, tel, `hour`, introduction, evaluation_score, reservation_accept, max_member, oper, status, lat, lng, block_count, address_detail) VALUES(77, 789512545, '미남포차', '서울 관악구 봉천로 236', '070-2654-6265', '03:00까지', '실내포장마차', 2.0, 1, 30, 1, 1, 37.489127, 126.927537, 0, NULL);
INSERT INTO store (store_no, business_registration_no, store_name, address, tel, `hour`, introduction, evaluation_score, reservation_accept, max_member, oper, status, lat, lng, block_count, address_detail) VALUES(78, 9890019, '랜돌프비어', '서울 송파구 올림픽로37길 130', '0507-1345-3232', '새벽2시', '맥주,호프', 4.0, 1, 10, 1, 1, 37.489127, 126.927537, 0, NULL);
INSERT INTO store (store_no, business_registration_no, store_name, address, tel, `hour`, introduction, evaluation_score, reservation_accept, max_member, oper, status, lat, lng, block_count, address_detail) VALUES(79, 512365425, '동학주점', '서울 관악구 대학5길 29', '02-654-3254', '04:00까지', '호프집', 3.0, 1, 30, 1, 1, 37.469315, 126.939488, 0, NULL);
INSERT INTO store (store_no, business_registration_no, store_name, address, tel, `hour`, introduction, evaluation_score, reservation_accept, max_member, oper, status, lat, lng, block_count, address_detail) VALUES(80, 546754320, 'AY라운지', '서울 강남구 강남대로92길 13 ', '02-552-8199', '03:00까지', '칵테일', 5.0, 1, 35, 1, 1, 37.49901, 127.028517, 0, NULL);
INSERT INTO store (store_no, business_registration_no, store_name, address, tel, `hour`, introduction, evaluation_score, reservation_accept, max_member, oper, status, lat, lng, block_count, address_detail) VALUES(81, 24692426, '낭만옵빠', '서울 강남구 테헤란로53길 21', '070-7500-5508', '오후8시부터 02시까지', '안주가 맛있습니다', 3.0, 1, 30, 1, 1, 37.505573, 127.046371, 0, NULL);
INSERT INTO store (store_no, business_registration_no, store_name, address, tel, `hour`, introduction, evaluation_score, reservation_accept, max_member, oper, status, lat, lng, block_count, address_detail) VALUES(82, 578521554, '이모네왕파전', '서울 동대문구 회기로28길 12-3', '02-956-3214', '00:00까지', '호프집', 3.0, 1, 20, 1, 1, 37.589182, 127.056027, 0, NULL);
INSERT INTO store (store_no, business_registration_no, store_name, address, tel, `hour`, introduction, evaluation_score, reservation_accept, max_member, oper, status, lat, lng, block_count, address_detail) VALUES(83, 234645426, '원고골뱅이전문점', '서울 동대문구 왕산로37길 7', '02-641-6585', '05:00까지', '실내포장마차', 3.0, 1, 30, 1, 1, 37.580255, 127.043859, 0, NULL);
INSERT INTO store (store_no, business_registration_no, store_name, address, tel, `hour`, introduction, evaluation_score, reservation_accept, max_member, oper, status, lat, lng, block_count, address_detail) VALUES(84, 12232459, '고야', '서울 강동구 양재대로114길 20', '02-6015-8878', '02:00까지해요', '이자카야', 5.0, 1, 20, 1, 1, 37.537526, 127.141062, 0, NULL);
INSERT INTO store (store_no, business_registration_no, store_name, address, tel, `hour`, introduction, evaluation_score, reservation_accept, max_member, oper, status, lat, lng, block_count, address_detail) VALUES(85, 325489875, '해피디쉬클럽', '서울 동대문구 서울시립대로 164 ', '02-545-6254', '02:00까지', '호프집', 3.0, 1, 30, 1, 1, 37.583248, 127.054824, 0, NULL);
INSERT INTO store (store_no, business_registration_no, store_name, address, tel, `hour`, introduction, evaluation_score, reservation_accept, max_member, oper, status, lat, lng, block_count, address_detail) VALUES(86, 1353432, '양식당더램키친', '서울 강남구 압구정로8길 5', '02-3445-9283', '18시부터 24시까지', '더램 양고기', 5.0, 1, 30, 1, 1, 37.522985, 127.02133, 0, NULL);
INSERT INTO store (store_no, business_registration_no, store_name, address, tel, `hour`, introduction, evaluation_score, reservation_accept, max_member, oper, status, lat, lng, block_count, address_detail) VALUES(87, 756265466, '도모다찌', '서울 동대문구 경희대로4길 15', '02-215-3214', '21:00까지', '이자카야', 3.0, 1, 20, 1, 1, 37.592456, 127.053516, 0, NULL);
INSERT INTO store (store_no, business_registration_no, store_name, address, tel, `hour`, introduction, evaluation_score, reservation_accept, max_member, oper, status, lat, lng, block_count, address_detail) VALUES(88, 98724482, '비어바나', '서울 영등포구 도림로129길 5-1', '02-3789-7277', '01:00까지', '호프집', 4.0, 1, 20, 1, 1, 37.513302, 126.895308, 0, NULL);
INSERT INTO store (store_no, business_registration_no, store_name, address, tel, `hour`, introduction, evaluation_score, reservation_accept, max_member, oper, status, lat, lng, block_count, address_detail) VALUES(89, 77362635, '바람', '서울 강동구 천호대로168가길 38', '0507-1328-4417', '02:00', '바', 4.0, 1, 15, 1, 1, 37.535424, 127.130313, 0, NULL);
INSERT INTO store (store_no, business_registration_no, store_name, address, tel, `hour`, introduction, evaluation_score, reservation_accept, max_member, oper, status, lat, lng, block_count, address_detail) VALUES(90, 315464785, '백수씨심야식당', '서울 동대문구 경희대로1길 8-15', '02-165-6521', '05:00까지', '실내포장마차', 3.0, 1, 20, 1, 1, 37.592362, 127.051777, 0, NULL);
INSERT INTO store (store_no, business_registration_no, store_name, address, tel, `hour`, introduction, evaluation_score, reservation_accept, max_member, oper, status, lat, lng, block_count, address_detail) VALUES(91, 235982382, '야키토리쿠이신보', '서울 강남구 도산대로55길 40', '02-3445-9215', '20시부터 03시까지', '이자카야입니다', 2.0, 1, 30, 0, 1, 37.526048, 127.041048, 0, NULL);
INSERT INTO store (store_no, business_registration_no, store_name, address, tel, `hour`, introduction, evaluation_score, reservation_accept, max_member, oper, status, lat, lng, block_count, address_detail) VALUES(92, 236458515, '식스센스다이닝바', '서울 동대문구 왕산로2길 9', '02-365-5545', '23:00까지', '호프집', 3.0, 1, 30, 1, 1, 37.575621, 127.024956, 0, NULL);
INSERT INTO store (store_no, business_registration_no, store_name, address, tel, `hour`, introduction, evaluation_score, reservation_accept, max_member, oper, status, lat, lng, block_count, address_detail) VALUES(93, 839383763, '어흥', '서울 강동구 양재대로128길 14', '02-479-1485', '새벽1시', '요리주점', 5.0, 1, 10, 1, 1, 37.544741, 127.143468, 0, NULL);
INSERT INTO store (store_no, business_registration_no, store_name, address, tel, `hour`, introduction, evaluation_score, reservation_accept, max_member, oper, status, lat, lng, block_count, address_detail) VALUES(94, 654148452, '루뽀', '서울 종로구 새문안로5길 31', '02-6542-3266', '18:00까지', '와인바', 3.0, 1, 20, 1, 1, 37.572977, 126.974402, 0, NULL);
INSERT INTO store (store_no, business_registration_no, store_name, address, tel, `hour`, introduction, evaluation_score, reservation_accept, max_member, oper, status, lat, lng, block_count, address_detail) VALUES(95, 6546456, '하얀집호프', '서울 서초구 신반포로 189', '02-594-9719', '20시부터 24시까지', '치킨을 제대로 튀깁니다', 5.0, 1, 30, 1, 1, 37.5065, 127.004829, 0, NULL);
INSERT INTO store (store_no, business_registration_no, store_name, address, tel, `hour`, introduction, evaluation_score, reservation_accept, max_member, oper, status, lat, lng, block_count, address_detail) VALUES(96, 65432809, '선술집자주', '서울 구로구 새말로 102', '02-548-9139', '새벽1시까지', '이자카야 ', 4.0, 1, 25, 1, 1, 37.50559, 126.89136, 0, NULL);
INSERT INTO store (store_no, business_registration_no, store_name, address, tel, `hour`, introduction, evaluation_score, reservation_accept, max_member, oper, status, lat, lng, block_count, address_detail) VALUES(97, 261966545, '안주마을', '서울 종로구 자하문로1길 3', '02-321-6549', '02:00까지', '호프집', 3.0, 1, 30, 1, 1, 37.576421, 126.972127, 0, NULL);
INSERT INTO store (store_no, business_registration_no, store_name, address, tel, `hour`, introduction, evaluation_score, reservation_accept, max_member, oper, status, lat, lng, block_count, address_detail) VALUES(98, 6546468, '고피자', '서울 서초구 법원로2길 23', '070-8888-0381', '19시부터 24시까지', '피자는 맥주랑함께', 4.0, 1, 20, 1, 1, 37.494388, 127.013239, 0, NULL);
INSERT INTO store (store_no, business_registration_no, store_name, address, tel, `hour`, introduction, evaluation_score, reservation_accept, max_member, oper, status, lat, lng, block_count, address_detail) VALUES(99, 747463636, '만국미식회', '서울 강동구 천호대로157길 18', '0507-1342-9798', '새벽5시', '요리주점', 5.0, 1, 20, 1, 1, 37.538452, 127.127459, 0, NULL);
INSERT INTO store (store_no, business_registration_no, store_name, address, tel, `hour`, introduction, evaluation_score, reservation_accept, max_member, oper, status, lat, lng, block_count, address_detail) VALUES(100, 654468468, '도시문', '서울 강남구 남부순환로351길 4', '02-579-3002', '24시간', '아침에는 잠깐쉽니다', 3.0, 1, 20, 1, 1, 37.485117, 127.034911, 0, NULL);
INSERT INTO store (store_no, business_registration_no, store_name, address, tel, `hour`, introduction, evaluation_score, reservation_accept, max_member, oper, status, lat, lng, block_count, address_detail) VALUES(101, 654484864, '서초동연가 ', '서울 강남구 역삼로1길 18', '02-553-4633', '19시-05시까지', '파전이 맛있는집', 4.0, 1, 20, 1, 0, NULL, NULL, 0, NULL);



-- 사장님회원
-- owner_member
INSERT INTO owner_member (mno, store_no, img, nickname, reg_date, update_date) VALUES(56, 70, 'default_ceo_member.png', '사장님', '2022-04-28 09:48:09.000', '2022-04-28 11:36:23.000');
INSERT INTO owner_member (mno, store_no, img, nickname, reg_date, update_date) VALUES(57, 69, 'default_ceo_member.png', '사장님', '2022-04-28 09:49:42.000', '2022-04-28 11:36:23.000');
INSERT INTO owner_member (mno, store_no, img, nickname, reg_date, update_date) VALUES(63, 56, 'default_ceo_member.png', '사장님', '2022-04-28 09:53:22.000', '2022-04-28 11:36:23.000');
INSERT INTO owner_member (mno, store_no, img, nickname, reg_date, update_date) VALUES(68, 99, 'default_ceo_member.png', '사장님', '2022-04-28 11:38:28.000', '2022-04-28 11:38:28.000');
INSERT INTO owner_member (mno, store_no, img, nickname, reg_date, update_date) VALUES(76, 58, 'default_ceo_member.png', '사장님', '2022-04-28 11:37:29.000', '2022-04-28 11:37:29.000');
INSERT INTO owner_member (mno, store_no, img, nickname, reg_date, update_date) VALUES(80, 77, 'default_ceo_member.png', '사장님', '2022-04-28 11:41:32.000', '2022-04-28 11:41:32.000');
INSERT INTO owner_member (mno, store_no, img, nickname, reg_date, update_date) VALUES(84, 60, 'default_ceo_member.png', '사장님', '2022-04-28 11:43:13.000', '2022-04-28 11:43:13.000');
INSERT INTO owner_member (mno, store_no, img, nickname, reg_date, update_date) VALUES(85, 57, 'default_ceo_member.png', '사장님', '2022-04-28 11:42:43.000', '2022-04-28 11:42:43.000');


-- 주종
INSERT INTO alcohol_type (alcohol_type_no,type_name) VALUES (1,'소주');
INSERT INTO alcohol_type (alcohol_type_no,type_name) VALUES (2,'맥주');
INSERT INTO alcohol_type (alcohol_type_no,type_name) VALUES (3,'와인');
INSERT INTO alcohol_type (alcohol_type_no,type_name) VALUES (4,'막걸리');
INSERT INTO alcohol_type (alcohol_type_no,type_name) VALUES (5,'양주');
INSERT INTO alcohol_type (alcohol_type_no,type_name) VALUES (6,'사케');
INSERT INTO alcohol_type (alcohol_type_no,type_name) VALUES (7,'전통주');
INSERT INTO alcohol_type (alcohol_type_no,type_name) VALUES (8,'기타');

--술
-- alcohol_detail
INSERT INTO alcohol_detail (alcohol_detail_no, alcohol_type_no, alcohol_name, `degree`, brand, origin, volume, characteristic, img, writer) VALUES(2, 1, '참이슬 오리지널', 20.1, '하이트진로', '대한민국', 360, '대한민국 소주의 정통성을 지켜온 정통소주로서 대나무 숯으로 4번 걸러,
숙취 유발 물질을 깨끗하게 제거하고 레귤러 대비 높은 도수로, 깊고 진한 맛을
구현해 진짜 소주의 참맛을 아는 소비자들에게 꾸준히 사랑받는 제품입니다.', '/alcohol/alcoholimg/alcohol2.png', '165');
INSERT INTO alcohol_detail (alcohol_detail_no, alcohol_type_no, alcohol_name, `degree`, brand, origin, volume, characteristic, img, writer) VALUES(3, 1, '진로이즈백', 16.5, '하이트진로', '대한민국', 360, '진로만이 가지고 있는 No.1 헤리티지를 재해석하여 스카이 블루 색상의 병과
은색 트위스트 캡으로 복원하였습니다. 편한 음용감을 즐기는 20대를 위해
16.5도의 순하고 부드러운 목넘김, 마실수록 깔끔한 맛을 구현했습니다.', '/alcohol/alcoholimg/alcohol3.png', '165');
INSERT INTO alcohol_detail (alcohol_detail_no, alcohol_type_no, alcohol_name, `degree`, brand, origin, volume, characteristic, img, writer) VALUES(4, 1, '일품진로', 25.0, '하이트진로', '대한민국', 375, '증류의 처음과 마지막에 나오는 원액은 과감히 버리고 향과 풍미가 뛰어난 중간 원액만을 사용하였으며 냉동여과공법으로 영하의 온도에서 잡미, 불순물을 제거하여 깔끔하고 부드러운 목넘김과 은은한 맛을 구연하였습니다.
', '/alcohol/alcoholimg/alcohol4.png', '165');
INSERT INTO alcohol_detail (alcohol_detail_no, alcohol_type_no, alcohol_name, `degree`, brand, origin, volume, characteristic, img, writer) VALUES(5, 1, '처음처럼', 16.5, '롯데칠성', '대한민국', 360, '''처음처럼''은 소주 원료의 80%가량을 차지하는 물을 ''알칼리 환원수''로 바꾸고, ''물 입자가 작아 목 넘김이 부드러운 소주'', ''세계 최초 알칼리 환원수 소주''임을 강조하며 단기간에 ''명품 소주''로 자리매김했다.', '/alcohol/alcoholimg/alcohol5.png', '165');
INSERT INTO alcohol_detail (alcohol_detail_no, alcohol_type_no, alcohol_name, `degree`, brand, origin, volume, characteristic, img, writer) VALUES(6, 1, '한라산17', 17.0, '한라산소주', '대한민국', 375, '국내 생산 쌀을 발효 증류한 증류식 소주원액의 거친 향과 잡맛을 제거하기 위해 0도 이하에서 냉각하는 최첨단 냉각공법(Chilling Process)과 고품질의 활성탄으로 초순도 탈취를 하여 In Line Blender 공법으로 세밀하고 균일하게 블랜딩(Blending)시킨 후 청정 제주 한라산 800고지에서 자생하는 조릿대 잎차 침출액이 첨가되어 순하고 목넘김이 부드러운 저도수 소주입니다.', '/alcohol/alcoholimg/alcohol6.png', '165');
INSERT INTO alcohol_detail (alcohol_detail_no, alcohol_type_no, alcohol_name, `degree`, brand, origin, volume, characteristic, img, writer) VALUES(7, 1, '한라산21', 21.0, '한라산소주', '대한민국', 375, '청정 제주에서 생산된 쌀로 만든 증류원액과 화산암반수로 만든 프리미엄 소주입니다. 특히 알칼리성 화산암반수를 지하에서 뽑아 올려 미네랄 용존산소가 풍부한 청정수를 화학처리를 거치지 않고 자연수 상태로 사용합니다. 연속식 증류방식으로 만들어진 고순도 주정에 청정 제주의 쌀로 만든 증류원액과 기능성식품인 올리고당과 숙취해소에 좋은 아스파라긴을 첨가한 후  In Line Blender 공법으로 블랜딩하고 초정밀 여과처리로 첫 느낌이 부드럽고 뒤끝이 깨끗한 소주입니다. 1950년의 한일소주의 명맥을 잇는 소주로 1993년 출시 현재까지 소주 애호가들의 변함없는 사랑을 받아오고 있습니다.', '/alcohol/alcoholimg/alcohol7.png', '165');
INSERT INTO alcohol_detail (alcohol_detail_no, alcohol_type_no, alcohol_name, `degree`, brand, origin, volume, characteristic, img, writer) VALUES(8, 1, '좋은데이', 16.5, '무학', '대한민국', 360, '당류를 과감하게 없애고 최고급 천연 감미료인 토마틴과 효소처리스테비아를 사용하여 설탕과 과당 사용 없이도 기분 좋은 깔끔한 맛을 구현, 버블형태의 활성산소가 주류탱크 안에 주입되어 72시간 동안 물과 알코올의 결합력을 놓이는 과정을 거쳐 술 맛을 더욱 부드럽게 구현하였습니다.', '/alcohol/alcoholimg/alcohol8.png', '165');
INSERT INTO alcohol_detail (alcohol_detail_no, alcohol_type_no, alcohol_name, `degree`, brand, origin, volume, characteristic, img, writer) VALUES(9, 2, '카스fresh', 4.5, '카스', '대한민국', 330, '올 뉴 카스 프레시는 카스만의 콜드브루 공법을 통해 맥주의 상쾌함과 깔끔한 맛을 한층 더 극대화하였습니다. 톡 쏘고 상쾌한 맛으로 대한민국에서 가장 사랑받는 카스 프레시는 여러분의 인생 곳곳의 즐거운 순간들과 함께했을 때 가장 맛있게 즐길 수 있는 맥주로 새롭게 돌아왔습니다.', '/alcohol/alcoholimg/alcohol9.png', '165');
INSERT INTO alcohol_detail (alcohol_detail_no, alcohol_type_no, alcohol_name, `degree`, brand, origin, volume, characteristic, img, writer) VALUES(10, 2, '테라', 4.6, '하이트진로', '대한민국', 330, '세계 공기질 부문 1위 호주에서 자란 청정맥아와 오직 발효공정에서 나오는 리얼탄산을 100% 사용하여 거품은 조밀하고 탄산은 오래 지속됩니다. 국내 레귤러 라거 최초 Green Bottle을 적용하였고, 토네이도 패턴을 통해 눈으로 보는 청량감을 구현하였습니다.', '/alcohol/alcoholimg/alcohol10.png', '165');
INSERT INTO alcohol_detail (alcohol_detail_no, alcohol_type_no, alcohol_name, `degree`, brand, origin, volume, characteristic, img, writer) VALUES(11, 2, '산미구엘', 5.0, '산미구엘', '필리핀', 320, '숙성된듯한 진한 맛이 느껴지는 깔끔한 맥주. 약간의 신맛과 달콤한 맛이 느껴진다.', '/alcohol/alcoholimg/alcohol11.png', '165');
INSERT INTO alcohol_detail (alcohol_detail_no, alcohol_type_no, alcohol_name, `degree`, brand, origin, volume, characteristic, img, writer) VALUES(12, 2, '하이네켄 오리지널', 5.0, '하이네켄', '네덜란드', 330, '소맥맛에 좀더 쓴 맛이다. 정제된 쌉쌀함의 목넘김과 묵직한 뒷맛이 그나마 대량 생산된 라거 맥주 중에서는 특별한 느낌이다. 하이네켄에서 자체적으로 선정하는 스타서브 프로그램의 순위권 매장에서 하이네켄 생맥주를 마셔보면 미묘하게 벌꿀향이 나는 것을 맡을 수 있다.', '/alcohol/alcoholimg/alcohol12.png', '165');
INSERT INTO alcohol_detail (alcohol_detail_no, alcohol_type_no, alcohol_name, `degree`, brand, origin, volume, characteristic, img, writer) VALUES(13, 2, '칭다오 맥주', 4.7, '칭다오', '중국', 640, ' 씁쓸한 맛이 적고 달싹하면서도 시원한 청량감을 주는 맛', '/alcohol/alcoholimg/alcohol13.png', '165');
INSERT INTO alcohol_detail (alcohol_detail_no, alcohol_type_no, alcohol_name, `degree`, brand, origin, volume, characteristic, img, writer) VALUES(14, 2, '아사히 수퍼드라이', 5.2, '아사히', '일본', 330, '일본에서 가장 많이 팔리는 아사히 수퍼드라이 맥주 ', '/alcohol/alcoholimg/alcohol14.png', '165');
INSERT INTO alcohol_detail (alcohol_detail_no, alcohol_type_no, alcohol_name, `degree`, brand, origin, volume, characteristic, img, writer) VALUES(15, 2, '버드와이저', 5.0, '앤하이저부시', '미국', 330, '미국을 대표하는 맥주로, 매년 미국에서 판매량 1위를 놓치지 않는 앤하이저부시의 대표적인 상품', '/alcohol/alcoholimg/alcohol15.png', '165');
INSERT INTO alcohol_detail (alcohol_detail_no, alcohol_type_no, alcohol_name, `degree`, brand, origin, volume, characteristic, img, writer) VALUES(16, 3, '카멜 로드 몬테레이 피노 누아', 13.5, '잭슨 패밀리 와인', '미국', 750, '밝은 루비의 빛깔과 함께 체리, 레드 커런트 등의 붉은 과일향과 스파이스, 가벼운 꽃향기를 느낄 수 있으며, 기분 좋은 산도와 긴 피니쉬가 특징인 와인이다.', '/alcohol/alcoholimg/alcohol43.png', '165');
INSERT INTO alcohol_detail (alcohol_detail_no, alcohol_type_no, alcohol_name, `degree`, brand, origin, volume, characteristic, img, writer) VALUES(17, 3, '우마니 론끼, 요리오 오', 13.5, '우마니론끼', '이탈리아', 750, '체리향,자두향 ,약간의 민트, 끝에 발사믹 향', '/alcohol/alcoholimg/alcohol44.png', '165');
INSERT INTO alcohol_detail (alcohol_detail_no, alcohol_type_no, alcohol_name, `degree`, brand, origin, volume, characteristic, img, writer) VALUES(18, 3, '페데리코 파테니나, 레세르바', 18.0, '페데리코 파테니나', '스페인', 750, '테라코타 벽돌을 연상케 하는 밝은 레드 컬러를 띠고 있으며, 진한 과일 향과 함께 우아한 바닐라 부케가 어우러진다. 잘 다듬어진 탄닌과 균형 잡힌 매끈한 질감을 즐길 수 있는 풀 바디 스타일의 와인이다.', '/alcohol/alcoholimg/alcohol48.png', '165');
INSERT INTO alcohol_detail (alcohol_detail_no, alcohol_type_no, alcohol_name, `degree`, brand, origin, volume, characteristic, img, writer) VALUES(19, 4, '느린마을 막걸리', 6.0, '배상면주가', '대한민국', 750, '느린마을 막걸리는 일체의 인공감미료 없이, 엄선된 원료와 최적의 발효과정을 거쳐 빚어낸 프리미엄 수제 생 막걸리 입니다.', '/alcohol/alcoholimg/alcohol53.png', '165');
INSERT INTO alcohol_detail (alcohol_detail_no, alcohol_type_no, alcohol_name, `degree`, brand, origin, volume, characteristic, img, writer) VALUES(20, 4, '해창 12', 12.0, '해창주조장', '대한민국', 900, '땅끝마을 해남에서 빚어지는 해창막걸리는 은근하면서 투박하다. 막걸리는 쌀과 누룩과 물을 섞어 빚은, 한민족의 고유한 술이다. ', '/alcohol/alcoholimg/alcohol54.png', '165');
INSERT INTO alcohol_detail (alcohol_detail_no, alcohol_type_no, alcohol_name, `degree`, brand, origin, volume, characteristic, img, writer) VALUES(21, 4, '복순도가 막걸리', 6.0, '복순도가', '대한민국', 935, '복순도가 손 막걸리는 전통 방식으로 빚은 가양주로써 100% 국내산 햅쌀을 옛 항아리에 담아 전통방식 그대로 막걸리를 빚습니다.', '/alcohol/alcoholimg/alcohol55.png', '165');
INSERT INTO alcohol_detail (alcohol_detail_no, alcohol_type_no, alcohol_name, `degree`, brand, origin, volume, characteristic, img, writer) VALUES(22, 5, '조니워커블루 21', 40.0, '조니워커', '영국', 750, '죠니워커 블루는 죠니워커 가문의 가장 오래되고 진귀한 원액으로 만들어지는 스카치 위스키의 걸작품입니다.', '/alcohol/alcoholimg/alcohol64.png', '165');
INSERT INTO alcohol_detail (alcohol_detail_no, alcohol_type_no, alcohol_name, `degree`, brand, origin, volume, characteristic, img, writer) VALUES(25, 6, '간바레 오또상', 14.5, '하쿠류주조', '일본', 300, '니카타 지방의 좋은 쌀로 만든 술로 조센급의 하쿠류 제품을 장기불황에 지쳐있는 현지 셀러리맨들에게 저렴한 가격에 공급하자는 의도로 기획되어 니카타 지방에서 큰 인기를 얻은 제품입니다. 국내에서도 반응이 좋아 업소를 운영하시는 분들에게 추천해드리고 있는 상품입니다.', '/alcohol/alcoholimg/alcohol73.png', '165');
INSERT INTO alcohol_detail (alcohol_detail_no, alcohol_type_no, alcohol_name, `degree`, brand, origin, volume, characteristic, img, writer) VALUES(28, 7, '고흥 유자주', 8.0, '녹동양조장', '대한민국', 500, '새콤달콤한 유자 향 뒤에 고소 담백한 곡물 향을 느낄 수 있는 술이다.', '/alcohol/alcoholimg/alcohol80.png', '165');
INSERT INTO alcohol_detail (alcohol_detail_no, alcohol_type_no, alcohol_name, `degree`, brand, origin, volume, characteristic, img, writer) VALUES(61, 3, '알타 비스타, 비베 스위트 스파클링', 9.0, '알타 비스타 Alta Vista', '아르헨티나', 750, '옅은 녹색을 띄는 볕집 색을 띠며 상큼하면서 흰 꽃, 패션프루츠, 복숭아(백도) 계열의 스톤 푸드 아로마가 피어 오른다. 입 안에서는 섬세하고 우아한 기포가 매력적이며, 뛰어난 밸런스의 산도감과 단 맛이 기분 좋게 다가오는 와인이다.', '/alcohol/alcoholimg/alcohol45.png', '165');
INSERT INTO alcohol_detail (alcohol_detail_no, alcohol_type_no, alcohol_name, `degree`, brand, origin, volume, characteristic, img, writer) VALUES(62, 3, '알루메아 샤도네이 테레 시칠리아네 오가닉', 13.0, '오리온 와인즈', '이탈리아', 750, '열대과일과 흰색 꽃 아로마가 피어 오르며, 입 안에서는 신선하고 과실향이 지배적이고 잘익은 황도, 허니서클, 호두파이 풍미를 지니고 있다. 훌륭한 균형과 기분 좋은 산도롤 긴 여운을 남기는 와인이다.', '/alcohol/alcoholimg/alcohol46.png', '165');
INSERT INTO alcohol_detail (alcohol_detail_no, alcohol_type_no, alcohol_name, `degree`, brand, origin, volume, characteristic, img, writer) VALUES(63, 3, '팀 아담스, 셰이퍼 쉬라즈', 15.0, '팀 아담스', '호주', 750, '진한 자두와 체리의 과일향과 함께 초콜릿, 향신료, 가죽, 말린 허브향 등 다양한 숙성향이 매력적이다. 입 안에서는 잘 익은 과일과 오크 풍미, 매끄럽고 긴 여운을 남기는 풀바디 와인이다.', '/alcohol/alcoholimg/alcohol47.png', '165');
INSERT INTO alcohol_detail (alcohol_detail_no, alcohol_type_no, alcohol_name, `degree`, brand, origin, volume, characteristic, img, writer) VALUES(64, 1, '시원한 청풍', 17.5, '시원소주', '대한민국', 360, '시원소주에서 제조. 이는 아스파라긴이 함유되어있어 부드러운 맛을 자랑한다.', '/alcohol/alcoholimg/alcohol31.png', '165');
INSERT INTO alcohol_detail (alcohol_detail_no, alcohol_type_no, alcohol_name, `degree`, brand, origin, volume, characteristic, img, writer) VALUES(65, 1, 'O2린', 17.8, '맥키스 컴퍼니', '대한민국', 360, '맥키스 컴퍼니에서 제조. 이는 산소가 3배 많은 소주로 산소소주라고 불리기도 한다.', '/alcohol/alcoholimg/alcohol32.png', '165');
INSERT INTO alcohol_detail (alcohol_detail_no, alcohol_type_no, alcohol_name, `degree`, brand, origin, volume, characteristic, img, writer) VALUES(67, 1, '잎새주', 18.5, '보해양조', '대한민국', 360, '보해양조에서 제조. 이는 100% 자연에서 추출한 감미료를 사용하여 인공조미료가 첨가되어 있지 않다.', '/alcohol/alcoholimg/alcohol34.png', '165');
INSERT INTO alcohol_detail (alcohol_detail_no, alcohol_type_no, alcohol_name, `degree`, brand, origin, volume, characteristic, img, writer) VALUES(68, 1, '참소주', 16.9, '금복', '대한민국', 360, '금복주에서 제조. 참소주는 첨단고순도정밀여과공법을 도입했다.', '/alcohol/alcoholimg/alcohol35.png', '165');
INSERT INTO alcohol_detail (alcohol_detail_no, alcohol_type_no, alcohol_name, `degree`, brand, origin, volume, characteristic, img, writer) VALUES(69, 1, 'C1', 16.5, '대선주조', '대한민국', 360, '대선주조에서 제조. C1프리미엄 소주는 국내 최초로 제조과정에 음악을 들려주는 음향숙성진동공법을 도입했다.', '/alcohol/alcoholimg/alcohol36.png', '165');
INSERT INTO alcohol_detail (alcohol_detail_no, alcohol_type_no, alcohol_name, `degree`, brand, origin, volume, characteristic, img, writer) VALUES(70, 2, '한맥', 4.6, '오비맥주', '대한민국', 330, '100% 국내산 쌀이 주는 부드러운 감칠맛과 담백함이 어우러져 좋은 음식과 함께할 때 그 맛이 배가 됩니다.', '/alcohol/alcoholimg/alcohol37.png', '165');
INSERT INTO alcohol_detail (alcohol_detail_no, alcohol_type_no, alcohol_name, `degree`, brand, origin, volume, characteristic, img, writer) VALUES(71, 2, '칼스버그', 5.0, '칼스버그', '덴마크', 330, '세계 최초로 ''순수 효모 배양법''을 개발 무상 배포하여 ''라거맥주의 아버지''로 널리 알려진 칼스버그 맥주.', '/alcohol/alcoholimg/alcohol39.png', '165');
INSERT INTO alcohol_detail (alcohol_detail_no, alcohol_type_no, alcohol_name, `degree`, brand, origin, volume, characteristic, img, writer) VALUES(72, 2, '클라우드', 5.0, '롯데칠성음료', '대한민국', 500, '100% 발효원액에 추가로 물을 타지 않은 오리지널 그래비티 공법으로 만들어 맛이 깊고 풍부한 맥주입니다.', '/alcohol/alcoholimg/alcohol38.png', '165');
INSERT INTO alcohol_detail (alcohol_detail_no, alcohol_type_no, alcohol_name, `degree`, brand, origin, volume, characteristic, img, writer) VALUES(73, 2, '크로넨버그 블랑 1664', 5.0, '크로넨버그', '프랑스', 330, '부드러운 청량감과 달콤한 끝 맛으로 유럽을 넘어 세계 맥주 팬들에게 고품질의 밀맥주', '/alcohol/alcoholimg/alcohol40.png', '165');
INSERT INTO alcohol_detail (alcohol_detail_no, alcohol_type_no, alcohol_name, `degree`, brand, origin, volume, characteristic, img, writer) VALUES(74, 2, '기네스 드래프트', 4.2, '기네스', '아일랜드', 330, '맥아와 로스팅 특성을 살린 쌉싸름한 맛과 단맛의 완벽한 조화', '/alcohol/alcoholimg/alcohol41.png', '165');
INSERT INTO alcohol_detail (alcohol_detail_no, alcohol_type_no, alcohol_name, `degree`, brand, origin, volume, characteristic, img, writer) VALUES(75, 2, '블루문', 5.4, '블루 문', '미국', 355, '블루문(영어: Blue Moon)은 미국의 밀러쿠어스에서 발매하는 밀맥주이다.', '/alcohol/alcoholimg/alcohol42.png', '165');
INSERT INTO alcohol_detail (alcohol_detail_no, alcohol_type_no, alcohol_name, `degree`, brand, origin, volume, characteristic, img, writer) VALUES(76, 3, '젠틀 타이거 화이트', 10.0, '로스 트레스 세르디토스', '스페인', 750, '부드러운 산미와 과일향이 조화롭게 올라오고, 입 안에서는 밸런스가 느껴지는 와인이다.', '/alcohol/alcoholimg/alcohol49.png', '165');
INSERT INTO alcohol_detail (alcohol_detail_no, alcohol_type_no, alcohol_name, `degree`, brand, origin, volume, characteristic, img, writer) VALUES(77, 3, '사비오', 14.0, '미구엘 토레스 칠레', '칠레', 750, '진한 루비 컬러를 띠며 붉은 과일의 향과 베리 및 향신료의 아 름다운 아로마가 가죽향과 감초와 함께 나타난다. 입 안에서는 과일과 야채의 타닌을 팔렛트로 느낄 수 있으며 시음 후 섬세 하고 실키함을 느낄 수 있는 와인이다.', '/alcohol/alcoholimg/alcohol50.png', '165');
INSERT INTO alcohol_detail (alcohol_detail_no, alcohol_type_no, alcohol_name, `degree`, brand, origin, volume, characteristic, img, writer) VALUES(78, 3, '알레한드로 페르난데즈, 알레하이렌 크리안자', 13.0, '알레한드로 페르난데즈', '스페인', 750, '라 만차 프리미엄 레드 와인으로 성공을 거둔 후, 이 지역에서 거의 잊혀지다시피 한 토착 품종으로 2007년 첫 선을 보인 화이트 와인이다. 페르난데스는 ''레드 와인의 영혼을 가진 화이트 와인''이라고 표현했다.', '/alcohol/alcoholimg/alcohol51.png', '165');
INSERT INTO alcohol_detail (alcohol_detail_no, alcohol_type_no, alcohol_name, `degree`, brand, origin, volume, characteristic, img, writer) VALUES(79, 3, '두게싸 리아, 아스티 세코', 11.0, '카페타 프란체스코 카페타 - 발비 소프라니', '이탈리아', 750, '연한 노란색을 띠고 등나무 꽃, 아카시아 꽃, 신선한 열대 과일의 아로마가 느껴진다. 입 안에서는 부드러우며 적절한 산도에 균형감이 뛰어난 드라이 스파클링 와인이다.', '/alcohol/alcoholimg/alcohol52.png', '165');
INSERT INTO alcohol_detail (alcohol_detail_no, alcohol_type_no, alcohol_name, `degree`, brand, origin, volume, characteristic, img, writer) VALUES(80, 4, '이화백주', 6.0, '이화백주', '대한민국', 940, '자연발효 과정에서 생긴 천연탄산이 입안에서 톡톡, 우리쌀로 만든 프리미엄 생막걸리입니다.', '/alcohol/alcoholimg/alcohol56.png', '165');
INSERT INTO alcohol_detail (alcohol_detail_no, alcohol_type_no, alcohol_name, `degree`, brand, origin, volume, characteristic, img, writer) VALUES(81, 4, '화성 생막걸리', 6.0, '배혜정도가', '대한민국', 750, '1998년부터 막걸리를 제조해온 막걸리 제조 전문 기업의 막걸리', '/alcohol/alcoholimg/alcohol57.png', '165');
INSERT INTO alcohol_detail (alcohol_detail_no, alcohol_type_no, alcohol_name, `degree`, brand, origin, volume, characteristic, img, writer) VALUES(82, 4, '서울생막걸리', 6.0, '서울생주조', '대한민국', 750, '2009년 9월 설립된 서울생주조 양조장에서 생상된 막걸리', '/alcohol/alcoholimg/alcohol58.png', '165');
INSERT INTO alcohol_detail (alcohol_detail_no, alcohol_type_no, alcohol_name, `degree`, brand, origin, volume, characteristic, img, writer) VALUES(83, 4, '국순당 생막걸리', 6.0, '국순당', '대한민국', 750, '두 번의 쌀 발효에 세 번의 유산균 발효를 더해 빚은 생막걸리', '/alcohol/alcoholimg/alcohol59.png', '165');
INSERT INTO alcohol_detail (alcohol_detail_no, alcohol_type_no, alcohol_name, `degree`, brand, origin, volume, characteristic, img, writer) VALUES(84, 4, '영탁 생막걸리', 6.0, '예천양조', '대한민국', 750, '미스터트롯의 영탁이 부른 <막걸리한잔> 노래가 히트하면서 (주)예천양조에서 출시한 막걸리입니다.', '/alcohol/alcoholimg/alcohol60.png', '165');
INSERT INTO alcohol_detail (alcohol_detail_no, alcohol_type_no, alcohol_name, `degree`, brand, origin, volume, characteristic, img, writer) VALUES(85, 4, '골목 막걸리', 6.0, '우리술', '대한민국', 750, '깔끔하면서 뒷 끝 맛이 달달한 막걸리이다.', '/alcohol/alcoholimg/alcohol61.png', '165');
INSERT INTO alcohol_detail (alcohol_detail_no, alcohol_type_no, alcohol_name, `degree`, brand, origin, volume, characteristic, img, writer) VALUES(86, 4, '담은', 6.0, '1932포천일동막걸리', '대한민국', 750, '더 깔끔하고 구름같은 맛을 담아내기 위해 고두밥을 찌지 않고 생쌀을 발효하여 만든 막걸리입니다.', '/alcohol/alcoholimg/alcohol62.png', '165');
INSERT INTO alcohol_detail (alcohol_detail_no, alcohol_type_no, alcohol_name, `degree`, brand, origin, volume, characteristic, img, writer) VALUES(87, 4, '지평 생 쌀막걸리', 5.0, '지평주조', '대한민국', 750, '지평주조에서 가장 많이 팔리는 목넘김이 좋은 쌀 막걸리', '/alcohol/alcoholimg/alcohol63.png', '165');
INSERT INTO alcohol_detail (alcohol_detail_no, alcohol_type_no, alcohol_name, `degree`, brand, origin, volume, characteristic, img, writer) VALUES(88, 5, '로얄살루트 21', 40.0, '로얄살루트', '영국', 700, '짙은 금빛과 호박색을 지니고 있느 로얄샬루트 21년은  풍부한 과일향과 가을꽃을 연상시키느 달콤한 향취와 피트가 어우러진 복합적인 맛을 느끼게 합니다.', '/alcohol/alcoholimg/alcohol65.png', '165');
INSERT INTO alcohol_detail (alcohol_detail_no, alcohol_type_no, alcohol_name, `degree`, brand, origin, volume, characteristic, img, writer) VALUES(89, 5, '글렌피딕 12', 40.0, '글렌피딕', '영국', 700, '배 맛이 감도는 신선하고 상쾌한 향이 특징인 술이다.', '/alcohol/alcoholimg/alcohol66.png', '165');
INSERT INTO alcohol_detail (alcohol_detail_no, alcohol_type_no, alcohol_name, `degree`, brand, origin, volume, characteristic, img, writer) VALUES(90, 5, '잭다니엘 싱글베럴', 40.0, '잭다니엘', '미국', 700, '잭다니엘 싱글베럴은 뛰어나고 중후한 맛이 특징이다. 특히 그을린 오크통의 향, 바닐라, 캬라멜 향이 강조되는데, 각각의 베럴에 사용된 참나무의 차이로 인해 그 베럴로부터 나온 한 병 한 병마다 맛, 향, 색깔이 오묘하게 다르다.', '/alcohol/alcoholimg/alcohol67.png', '165');
INSERT INTO alcohol_detail (alcohol_detail_no, alcohol_type_no, alcohol_name, `degree`, brand, origin, volume, characteristic, img, writer) VALUES(91, 5, '아그와', 30.0, '아그와', '네덜란드', 700, '세계 각국에서 선택한 볼리비아산 코카잎를 포함한 최상의 허브 36가지와 과라나, 인삼과 같은 식물로 만든다는 특징을 가지고 있다.', '/alcohol/alcoholimg/alcohol68.png', '165');
INSERT INTO alcohol_detail (alcohol_detail_no, alcohol_type_no, alcohol_name, `degree`, brand, origin, volume, characteristic, img, writer) VALUES(92, 5, '짐빔 화이트', 40.0, '짐빔', '미국', 700, '전형적인 버번 위스키의 오렌지 색상에 가볍고 매끄러우며 풍부한 바닐라, 캐러멜 향이 난다. 달콤한 꿀과 감초 사탕 맛이 느껴진다. 여운이 짧으나 매력적이며 복합적인 풍미를 지니고 있다', '/alcohol/alcoholimg/alcohol69.png', '165');
INSERT INTO alcohol_detail (alcohol_detail_no, alcohol_type_no, alcohol_name, `degree`, brand, origin, volume, characteristic, img, writer) VALUES(93, 5, '깔루아', 26.0, '더 앱솔루트 컴퍼니', '미국', 700, '데낄라, 커피, 설탕을 주성분으로 만들어진 멕시코산의 커피 리큐르(Liqueur)를 말한다.', '/alcohol/alcoholimg/alcohol70.png', '165');
INSERT INTO alcohol_detail (alcohol_detail_no, alcohol_type_no, alcohol_name, `degree`, brand, origin, volume, characteristic, img, writer) VALUES(94, 5, '예거 마이스터', 35.0, '마스트-예거마이스터', '독일', 700, '마스트 예거마이스터사는 1878년 빌헬름 마스트(Wilhelm Mast)가 설립했다. 1934년 빌헬름의 아들 쿨트 마스트(Cult Mast)가 허브, 과일, 뿌리 등 56가지의 재료로 만든 리큐어를 개발하여 1935년에 ''예거마이스터''란 이름으로 출시했다. 오래 된 천식, 위장병 등을 치료할 약용 리큐어로 개발되어 비터스(Bitters)와 비슷하지만 쓴 맛의 비터스와는 달리 달콤한 맛을 가졌다. 독일에서는 아직도 이 술을 가정 상비약으로 구비해 놓은 집들이 많다.', '/alcohol/alcoholimg/alcohol71.png', '165');
INSERT INTO alcohol_detail (alcohol_detail_no, alcohol_type_no, alcohol_name, `degree`, brand, origin, volume, characteristic, img, writer) VALUES(95, 5, '스미노프 그린애플', 37.5, '스미노프', '미국', 750, '스미노프 그린애플은 보드가 본연의 풍부하고 부드러운 맛과 은은한 사과의 향이 풍미를 더한다.', '/alcohol/alcoholimg/alcohol72.png', '165');
INSERT INTO alcohol_detail (alcohol_detail_no, alcohol_type_no, alcohol_name, `degree`, brand, origin, volume, characteristic, img, writer) VALUES(96, 6, '월계관 준마이', 15.6, '월계관', '미국', 750, '일본의 최대 청주 메이커인 월계관의 캘리포니아주 새크라멘토 주조장에서 생산된 사케로, 향긋한 과일향과 깔끔한 맛이 특징입니다.', '/alcohol/alcoholimg/alcohol74.png', '165');
INSERT INTO alcohol_detail (alcohol_detail_no, alcohol_type_no, alcohol_name, `degree`, brand, origin, volume, characteristic, img, writer) VALUES(97, 6, '온나나카세 준마이다이긴죠', 16.0, '오무라야주조', '일본', 720, '와카다케 오니고로시로 유명한 오무라야 주조장의 최고급주로, 아련히 느껴지는 단맛과 은은한 향, 부드러운 목넘김이 특징이다. 이 술이 너무 맛있던 나머지, 남자들이 여자들을 가까이 하지 않고 술만 마셔댔다 하여 여인을 울리는 술이라는 별명이 붙었다.', '/alcohol/alcoholimg/alcohol75.png', '165');
INSERT INTO alcohol_detail (alcohol_detail_no, alcohol_type_no, alcohol_name, `degree`, brand, origin, volume, characteristic, img, writer) VALUES(98, 6, '송죽매 준마이', 15.0, '타카라 사케', '미국', 750, '2011년 사케 품평회 금메달 수상한 사케', '/alcohol/alcoholimg/alcohol76.png', '165');
INSERT INTO alcohol_detail (alcohol_detail_no, alcohol_type_no, alcohol_name, `degree`, brand, origin, volume, characteristic, img, writer) VALUES(99, 6, '쿠보타 만쥬', 15.5, '아사히주조', '일본', 720, '170년의 전통을 지켜온 쿠보타 브랜드의 최고봉으로 아사히주조가 지닌 모든 실력과 정성을 담았고, 또한 대대로 이어받은 장인의 혼을 담은 일품입니다. 한정생산, 한정판매하며 품귀 현상에 프리미 엄이 붙기도 하는 최고급 청주입니다.', '/alcohol/alcoholimg/alcohol77.png', '165');
INSERT INTO alcohol_detail (alcohol_detail_no, alcohol_type_no, alcohol_name, `degree`, brand, origin, volume, characteristic, img, writer) VALUES(100, 6, '닷사이 23', 16.0, '아사히주조', '일본', 125, '쌀의 단맛도 나고 부드러우면서 온도가 올라가면 약간 카라한 맛이 나는 사케', '/alcohol/alcoholimg/alcohol78.png', '165');
INSERT INTO alcohol_detail (alcohol_detail_no, alcohol_type_no, alcohol_name, `degree`, brand, origin, volume, characteristic, img, writer) VALUES(101, 6, '하나기자쿠라', 12.0, '기자쿠라', '일본', 720, '20~30대 젊은 여성층을 타겟으로 하는 달콤한 맛의 사케이다.', '/alcohol/alcoholimg/alcohol79.png', '165');
INSERT INTO alcohol_detail (alcohol_detail_no, alcohol_type_no, alcohol_name, `degree`, brand, origin, volume, characteristic, img, writer) VALUES(102, 7, '서울의 밤', 25.0, '더한주류', '대한민국', 375, '높은 도수의 술이지만 씁쓸한 맛보단 매실의 달콤한 풍미가 돋보이는 술이다.', '/alcohol/alcoholimg/alcohol81.png', '165');
INSERT INTO alcohol_detail (alcohol_detail_no, alcohol_type_no, alcohol_name, `degree`, brand, origin, volume, characteristic, img, writer) VALUES(103, 7, '매실원주', 13.0, '더한주류', '대한민국', 375, '꿀과 매실 향을 달콤하게 풍기는 술이다.', '/alcohol/alcoholimg/alcohol82.png', '165');
INSERT INTO alcohol_detail (alcohol_detail_no, alcohol_type_no, alcohol_name, `degree`, brand, origin, volume, characteristic, img, writer) VALUES(104, 7, '동백꽃 제주', 16.0, '제주본초협동조합', '대한민국', 365, '동백꽃 제주는 은은하게 풍기는 달달한 향에 청포도 사탕을 먹는 듯한 달콤함이 느껴지는 술이다.', '/alcohol/alcoholimg/alcohol83.png', '165');
INSERT INTO alcohol_detail (alcohol_detail_no, alcohol_type_no, alcohol_name, `degree`, brand, origin, volume, characteristic, img, writer) VALUES(105, 7, '안동소주 일품 40 골드', 40.0, '안동소주일품', '대한민국', 500, '마시기 전 오크 향이 가볍게 코를 스치고 혀에 닿자마자 짜릿하게 다가오는 쌀의 감칠맛이 그야말로 일품인 소주', '/alcohol/alcoholimg/alcohol84.png', '165');
INSERT INTO alcohol_detail (alcohol_detail_no, alcohol_type_no, alcohol_name, `degree`, brand, origin, volume, characteristic, img, writer) VALUES(106, 7, '문배술 40', 40.0, '문배주양조원', '대한민국', 200, '달콤한 꽃 향과 감칠맛이 나고 배와 사과 같은 과실 향기와 그 뒤를 은은하게 받치는 향신료의 뉘앙스를 가져서 마치 고량주 같은 느낌이 드는 술', '/alcohol/alcoholimg/alcohol85.png', '165');
INSERT INTO alcohol_detail (alcohol_detail_no, alcohol_type_no, alcohol_name, `degree`, brand, origin, volume, characteristic, img, writer) VALUES(107, 1, '참이슬 후레쉬', 16.5, '하이트진로', '대한민국', 360, '대나무 숯으로 4번 걸러 더 깨끗한 목넘김과 이슬형태의 곡선 라벨로 더욱 트렌디해진 참이슬fresh 입니다.', '/alcohol/alcoholimg/alcohol1.png', '165');
INSERT INTO alcohol_detail (alcohol_detail_no, alcohol_type_no, alcohol_name, `degree`, brand, origin, volume, characteristic, img, writer) VALUES(466, 3, '끌로아팔따', 15.0, '라포스톨', '칠레', 750, '양고기, 저민 고기류 또는 다크 초콜릿과 치즈등과 함께 하면 좋은 맛을 즐길 수 있다.', 'e716f3c4-9257-46ec-8164-09b5d18fe81b.PNG', '165');
INSERT INTO alcohol_detail (alcohol_detail_no, alcohol_type_no, alcohol_name, `degree`, brand, origin, volume, characteristic, img, writer) VALUES(467, 6, '하쿠쯔루마루', 13.5, '하쿠쯔루', '일본', 900, '''마루(まる)''는 ''동그라미''를 뜻합니다. 이 사케를 함께하는 사람들 사이가 완만한 원처럼 화합을 이루길 바라는 마음에서 지은 이름입니다. 일본에서 보통주 판매 1위를 기록하고 있는 국민 브랜드로, 마일드한 맛과 담백하고 깔끔한 맛의 사케로, 요리 맛을 살려줍니다. 어울리는 음식으로는 생선회, 스시와 같은 담백한 요리, 각종 튀김요리, 타레소스 양념의 닭고기 요리, 소바, 오뎅탕, 두부요리, 각종 나베 요리가 있습니다.', 'd3dfa7bb-5705-4d94-922c-8e7d7239c50c.png', '165');
INSERT INTO alcohol_detail (alcohol_detail_no, alcohol_type_no, alcohol_name, `degree`, brand, origin, volume, characteristic, img, writer) VALUES(468, 4, '금정산막걸리', 6.5, '주금정산', '금정산', 900, '금정산의 정기를 받은 막걸리', 'fde0e1e0-6dfe-44ed-a658-78320cc156e7.PNG', '165');
INSERT INTO alcohol_detail (alcohol_detail_no, alcohol_type_no, alcohol_name, `degree`, brand, origin, volume, characteristic, img, writer) VALUES(469, 3, '블루넌 스위트 레드', 8.5, '돈 펠더', '팔츠', 750, '당도와 산도가 높은 편이며, 적당한 바디감과 많은 타닌감을 가지고 있어,

와인 초보자들에게 좋은 레드 테이블와인이다. 블랙베리와 블랙커런트의 기분 좋은 풍미로 부드럽고 달콤하다. 

갈비찜, 꼬치구이,치즈와 잘 어울린다.', 'bedf0e03-3fa7-4bac-b41c-5b38764b7f62.PNG', '165');
INSERT INTO alcohol_detail (alcohol_detail_no, alcohol_type_no, alcohol_name, `degree`, brand, origin, volume, characteristic, img, writer) VALUES(470, 4, '해창찹쌀생막걸리', 12.0, '해창', '순창', 900, '맑은 막걸리를 마시고 싶으면', '54df4423-a789-4395-88c7-ac4c4091438b.PNG', '165');
INSERT INTO alcohol_detail (alcohol_detail_no, alcohol_type_no, alcohol_name, `degree`, brand, origin, volume, characteristic, img, writer) VALUES(471, 7, '상록수 ', 40.0, '해나루', '한국 ', 500, '쌀로 만든 소주인 만큼 갓 지은 밥의 구수한 풍미가 입안 가득 퍼집니다.
높은 도수를 가지고 있어 목을 타고 내려오는 날카로운 작열감도 느낄 수 있을 거예요.술을 넘긴 뒤엔 화사한 향이 오랫동안 머무르며 산뜻한 여운을 선사합니다.', 'bebf23e9-ab90-4802-b345-c42cb15c60e2.jpg', '165');
INSERT INTO alcohol_detail (alcohol_detail_no, alcohol_type_no, alcohol_name, `degree`, brand, origin, volume, characteristic, img, writer) VALUES(472, 4, '나루생막걸리', 12.0, '주나루', '안산', 935, '맑은 느낌의 막걸리가 아니라 탁주입니다. 확인후 구매 부탁드립니다.', '9667d552-9015-474f-a179-5beaf9027327.PNG', '165');
INSERT INTO alcohol_detail (alcohol_detail_no, alcohol_type_no, alcohol_name, `degree`, brand, origin, volume, characteristic, img, writer) VALUES(473, 6, '사쿠라사라사라', 11.0, '키타오카혼텐', '일본', 180, '사쿠라 사라 사라는 투명한 병 속에 활짝 핀 당신만의 벚꽃입니다.
사쿠라 사라 사라는 벚꽃의 향기가 감도는 새콤달콤한 벚꽃 리큐어로
병 속의 꽃들을 식용으로 드시는 것이 가능하며
장식으로도 즐기실 수 있습니다.
꽃놀이나 모임에 한층 화사한 분위기를 더해줄 
리큐어로
빈 보틀은 꽃병으로도 사용하실 수 있으며
서빙법으로는 차갑게 하여 드실 것을 추천해 드립니다.

​

벚꽃의 명소로 유명한 요시노 산의 벚꽃을 사용,
보리 소주와 과일로 제조하여 식물성 염료로 색을 더한 제품입니다.
달콤한 풍미와 향기를 지니며 Aperitif와 디저트 와인은 물론
칵테일 믹서로도 그만입니다.
최근 국내에 정식 수입되면서 가격 역시
현지 가격에 비해 큰 차이가 없을 정도로 좋은 가격에 판매됩니다.', '2fab3d45-99ae-4132-b6dd-7749608ea6e5.jpeg', '165');
INSERT INTO alcohol_detail (alcohol_detail_no, alcohol_type_no, alcohol_name, `degree`, brand, origin, volume, characteristic, img, writer) VALUES(474, 4, '소백산막걸리', 6.0, '소백산', '소백산', 750, '소백산의 정기를 받은 탁주입니다.', 'f634a288-c525-43aa-a130-8d2ba383695c.PNG', '165');
INSERT INTO alcohol_detail (alcohol_detail_no, alcohol_type_no, alcohol_name, `degree`, brand, origin, volume, characteristic, img, writer) VALUES(475, 3, '덕혼', 14.5, '나파 밸리 멜롯', '나파 밸리', 750, '블랙 체리, 까시스, 딸기 등의 향이 신선하며, 토스트, 가죽, 캐러멜, 바닐라, 구운 오크향과 멀롯 특유의 매력적인 담백,달콤함을 가지고 있습니다. 질 좋은 구운 빵의 여운이 오래 지속된다. 벨벳같은 탄닌과 매혹적인 자두, 크렘 드 카시스, 제비꽃과 허브류의 풍미들이 캬라멜, 바닐라 등의 감칠맛과 어우러집니다', '5fe8e2b0-7b1e-496b-9bed-917f83fe59c7.png', '165');
INSERT INTO alcohol_detail (alcohol_detail_no, alcohol_type_no, alcohol_name, `degree`, brand, origin, volume, characteristic, img, writer) VALUES(476, 7, '안동 국화주 ', 32.0, '안동', '한국 ', 375, '잔에 담긴 술을 살짝 흔들어보세요.
은은하게 퍼지는 국화의 향을 느낄 수 있습니다.
술을 한잔 마시면 솔잎에서 느낄 수 있는 시원한 향이 입안 가득 퍼지고 이어서 혀에 씁쓸한 자극을 줍니다.
술을 마신 뒤에는 목을 넘어가는 화~한 작열감과 함께 향긋한 국화향이 더해져 더욱 화려한 여운을 선사할 거예요.', '65428b0c-a937-436d-913c-d924f22fb658.jpg', '165');
INSERT INTO alcohol_detail (alcohol_detail_no, alcohol_type_no, alcohol_name, `degree`, brand, origin, volume, characteristic, img, writer) VALUES(477, 3, '트라피체', 15.0, '말벡 암브로시아', '멘도자', 750, '입안에서 다시한번 달콤한 과일향과 오크향, 그리고 미네랄 터치와 함께 부드러우면서도
탄탄한 질감을 가진 탄닌이 어우러져 마지막까지 인상적인 긴 여운을 느낄 수 있으며
달콤한 검은 과일의 아로마와 스모키한 오크향, 스파이시한 향신료의 향, 흑연, 감초 등 다채로운 향을 느낄 수 있다.
발효 후 18개월간 새 프렌치 오크통에서 숙성한다.', '6a302dfd-deb4-43b6-8317-f507b1fb8ef0.jpg', '165');
INSERT INTO alcohol_detail (alcohol_detail_no, alcohol_type_no, alcohol_name, `degree`, brand, origin, volume, characteristic, img, writer) VALUES(478, 8, '이슬톡톡 복숭아', 3.0, '하이트진로', '대한민국', 360, '톡! 톡! 튀는 탄산을 타고 입안 가득 산뜻하게 퍼지는 상콤달콤한 복숭아 맛의 이슬톡톡은 3%의 낮은 도수로 누구나 맛있게 즐길 수 있습니다.
', '02985c94-a1a3-4996-acdf-5cd9f2676483.jpg', '165');
INSERT INTO alcohol_detail (alcohol_detail_no, alcohol_type_no, alcohol_name, `degree`, brand, origin, volume, characteristic, img, writer) VALUES(479, 1, '카가미야마 다이긴죠', 16.0, '코에이도가미야마 주조', '일본', 720, '', '2b1875f5-74d1-441b-ba8c-393bd13e773a.jpeg', '165');
INSERT INTO alcohol_detail (alcohol_detail_no, alcohol_type_no, alcohol_name, `degree`, brand, origin, volume, characteristic, img, writer) VALUES(480, 3, '몬테스 알파 샤도네이', 13.5, '샤도네이', '카사블랑카벨리', 750, '태평양에서 가까운 카사블랑카에서 재배된 포도는
생동감 있는 과일풍미와 좋은 산도를 지니고 있습니다.
프랑스 오크통에서 발효 및 숙성하여 튼튼하며 중후한 골격을 형성하였습니다.
바나나, 파인애플 등의 열대과일 풍미가 뚜렷하고,
와인의 40%를 젖산발효 하여 여유롭고 풍족한 질감과 부가적인 Complexity를 부여하였습니다.', 'c18e25a4-3dfb-49fa-a2a4-ddd9cb5b6424.jpg', '165');
INSERT INTO alcohol_detail (alcohol_detail_no, alcohol_type_no, alcohol_name, `degree`, brand, origin, volume, characteristic, img, writer) VALUES(481, 4, '이화백주', 6.0, '이화백주', '서울', 750, '아주 맑은느낌의 막걸리입니다.', '97eeb622-8934-4700-b348-d178afae05b0.PNG', '165');
INSERT INTO alcohol_detail (alcohol_detail_no, alcohol_type_no, alcohol_name, `degree`, brand, origin, volume, characteristic, img, writer) VALUES(482, 8, '메로나에이슬', 12.0, '하이트진로', '대한민국', 360, '멜론의 달콤한 첫 향과 입안을 부드럽게 감싸는 풍미의 ‘메로나에이슬’로 색다르고 즐거운 음용 겸험을 느껴보세요', '0f4e558d-3f16-4daf-9e2c-3262ba3f7b8f.png', '165');
INSERT INTO alcohol_detail (alcohol_detail_no, alcohol_type_no, alcohol_name, `degree`, brand, origin, volume, characteristic, img, writer) VALUES(483, 8, '유채꽃', 16.0, '유채꽃', '한국 ', 365, '새콤한 향이 지나간 후 견과류에서 느낄 수 있는 고소한 향이 올라와요.



마치 달콤한 화이트 와인을 마신 듯 입 안 가득 달콤함이 전해집니다.
입 안 가장자리를 자극하는 은은한 산미는 술의 맛이 단맛으로만 지배되지 않도록 받쳐줘요.', '1606335f-c0d9-42c7-b713-3c0bd76d9a0a.jpg', '165');
INSERT INTO alcohol_detail (alcohol_detail_no, alcohol_type_no, alcohol_name, `degree`, brand, origin, volume, characteristic, img, writer) VALUES(484, 3, '인도미타', 13.5, '샤도네이', '카사블랑카벨리', 750, '옐로우 골드 빛을 지니고 있으며, 부드러운 레몬 향이 열대 과일의 향으로 변화한다. 살구,라임의 아로마가 풍부하고 깊은 풍미와 산도 후레쉬한 느낌의 바디감을 지니고 있는 와인이다.
포도를 수확후 1시간동안 분류 후 6시간 물에 담가 부드럽게 한후 낮은 온도에서 발효후 스텐레스 탱크에서 6개월 숙성되었다.
크림 소스를 곁들인 연어, 굴 요리, 바닷 가재, 파스타와 잘 어울린다.', '4000c1bb-44ff-4432-86f5-7e117baa6e43.jpg', '165');
INSERT INTO alcohol_detail (alcohol_detail_no, alcohol_type_no, alcohol_name, `degree`, brand, origin, volume, characteristic, img, writer) VALUES(485, 4, '김포금쌀막걸리', 6.0, '선호', '김포', 750, '김포의 맛있는 쌀로만든 막걸리입니다.', '2417526c-f09d-4299-9eb4-530ec2d0c912.PNG', '165');
INSERT INTO alcohol_detail (alcohol_detail_no, alcohol_type_no, alcohol_name, `degree`, brand, origin, volume, characteristic, img, writer) VALUES(486, 6, '준마이 니고리 자케 사유리', 12.5, '하쿠쯔루주조주식회사', '일본', 720, '하쿠쯔루 준마이 니고리 사케는 지난해 기준 일본 주조사 1위(닛케이경제통신사 제공)인 하쿠쯔루의 대표 니고리 사케로 1743년 창업 이후 275년간 이어온 하쿠쯔루의 전통 기술이 녹아 있는 사케이다.

달고 부드러운 맛 덕분에 매콤한 한국 음식은 물론 마카롱이나 케이크 등의 디저트와도 조화를 이룬다', '58a07b2d-f73e-4a03-a821-be6c4d96ec6a.jpeg', '165');
INSERT INTO alcohol_detail (alcohol_detail_no, alcohol_type_no, alcohol_name, `degree`, brand, origin, volume, characteristic, img, writer) VALUES(487, 8, '아이셔에이슬', 12.0, '하이트진로', '대한민국', 360, '상큼한 레몬 맛에 강렬한 짜릿함을 더한 ‘아이셔에이슬’로 색다른 재미와 분위기를 선사합니다.', '67a1422c-e746-4742-8526-2cd136dbfcae.png', '165');
INSERT INTO alcohol_detail (alcohol_detail_no, alcohol_type_no, alcohol_name, `degree`, brand, origin, volume, characteristic, img, writer) VALUES(488, 4, '조은술막걸리', 4.0, '세종', '세종', 750, '특이한 바나나 맛 입니다.', '43138301-d948-4095-822a-1e58914d80d0.PNG', '165');
INSERT INTO alcohol_detail (alcohol_detail_no, alcohol_type_no, alcohol_name, `degree`, brand, origin, volume, characteristic, img, writer) VALUES(489, 8, '망고링고', 2.5, '하이트진로', '대한민국', 360, '과즙미 팡팡 터지는 망고 과즙과 부담 없는 알코올 도수 2.5%!
그 이름도 달콤 상큼한 망고링고.
매콤하고 짭잘한 음식과 환상 조합입니다.', '7f4c36af-cecc-43dc-ab6c-9ba38f7dafbe.jpg', '165');
INSERT INTO alcohol_detail (alcohol_detail_no, alcohol_type_no, alcohol_name, `degree`, brand, origin, volume, characteristic, img, writer) VALUES(490, 8, '개성고려인삼주', 40.0, '', '북한', 600, '150년의 역사를 자랑하는 5년근 개성고려인삼을 넣어 10년 숙성시킨 인삼술.', 'bf51d857-0f4d-421b-821c-90dc3ad332a1.PNG', '165');
INSERT INTO alcohol_detail (alcohol_detail_no, alcohol_type_no, alcohol_name, `degree`, brand, origin, volume, characteristic, img, writer) VALUES(491, 8, '청혈보약주', 45.0, '', '북한', 630, '청혈보약주는 담항색의 투명한 액체로서 그 빛갈처럼 마음이 온화해지고
달고 향기로운것으로 하여 고려시기부터 널리 알려져있는 조선의 특산입니다.
특히 이 술은 피를 맑게 하고 혈관을 튼튼하게 해주는 보약재로 유명합니다.
도자기술병은 고려시기 우리 선조들이 장수와 활력의
증진제인 약주을 담기 위해 적용하던 특수한 도자기
제조법으로 만든것으로 하여 술맛과 약효를 더 높여줍니다.
신비한 효과를 내는것으로 하여 호평을 받고있는 청혈보약주는
특히 로인들의 인기을 끌고있습니다.
이 약주를 하루 세번 식전에 한 잔씩 정상적으로 마시면 효과가 매우 좋습니다.', '23ca354c-b925-4a72-a6a6-24a7d59ca5dc.PNG', '165');
INSERT INTO alcohol_detail (alcohol_detail_no, alcohol_type_no, alcohol_name, `degree`, brand, origin, volume, characteristic, img, writer) VALUES(492, 8, '인삼품은담금주', 19.0, '주공', '충주', 500, '인삼과 꿀을 넣어 숙성시킨 담금주 입니다.', '4d862b98-e7e4-4251-b700-7320696071db.PNG', '165');
INSERT INTO alcohol_detail (alcohol_detail_no, alcohol_type_no, alcohol_name, `degree`, brand, origin, volume, characteristic, img, writer) VALUES(493, 8, '자몽에이슬', 13.0, '하이트진로', '대한민국', 360, '여성들이 사랑하는 대표 과일 자몽과 대한민국 대표 소주 참이슬이 만나, 상큼함과 청량감은 더하고 13도의 도수로 부담은 낮췄습니다.', '15291c47-6b4e-485a-bdfb-9695ad4d6ff7.png', '165');
INSERT INTO alcohol_detail (alcohol_detail_no, alcohol_type_no, alcohol_name, `degree`, brand, origin, volume, characteristic, img, writer) VALUES(494, 8, '백두산 들쭉술', 40.0, '개성주류', '백두산', 720, 'north korea의 동북부 백두산 자락을 중심으로 하여 해발 800Ｍ 이상 고지대에 자생하는 고산 식물로서
열매는 직경 5~6㎜정도의 원구형으로 껍질은 진한 적자색이며 속은 연백색 또는 연한 황색입니다.
영문으로는 VACCINIUM ULIGINOSUM LINNAEUS(黑豆木)이며 이 품종은 해발 800Ｍ 고지대에
자생하는 것이 특징입니다.
north korea 에서는 들쭉열매를 널리 이용하고 있다.
들쭉술은 두을국주의 우리말로 백두산을 비롯하여 자강도,양강도 일대의 산간지방 해발500~600m
에서 열리는 앵두 크기의 루비색 들쭉으로 빚고 있습니다.

이미 40년의 역사를 갖고 있으며 김일성 주석이 생전에 이 공장을 산간 벽지인 데도 불구하고
두 번이나 방문하였으며 평생을 복용했다는 유명한 술입니다.

더욱이 백두산 들쭉의 독특한 천연향과 들쭉에서 만들어진 독특한 색상 등으로 인하여 40도의 독한
술인데 비해 입에서 거부감없이 마실수 있어 여성들도 즐겨 마실수 있으며, north korea측의 주장에
의하면 김은 평생동안 곁에 두고 즐겨마셨다고 합니다.', '1a61e384-016b-451c-a56b-95c53feb9226.PNG', '165');
INSERT INTO alcohol_detail (alcohol_detail_no, alcohol_type_no, alcohol_name, `degree`, brand, origin, volume, characteristic, img, writer) VALUES(495, 8, '레미마틴 VSOP', 40.0, '레미 쿠앵트로 그룹', '프랑스', 700, '꼬냑생산의 최적지로 평가받고 있는 그랑 샹파뉴와 쁘띠 샹파뉴 두지역에서 생산된 핀 샹파뉴 꼬냑만을 사용하여,황금빛 호박색,부드럽고 복잡하면서도 균형 잡힌 맛이 완벽하게 조화되어 있으며, 전세계에서 판매되는 V.S.O.P꼬냑 세병 중 하나가 레미마르땡이라는 명성을 갖고 있습니다.

우리에겐 꼬냑으로 더 많이 알려져 있는 브랜디는 과일의 발효액을 증류시킨 것으로 원료에 따라 포도 브랜디, 사과 브랜디, 체리 브랜디 등으로 부를 수 있다. 그러나 포도 브랜디가 질이 가장 우수하고 가장 많이 생산되기 때문에 일반적으로 브랜디라 하면 포도를 원료로 하는 포도 브랜디를 말한다. 브랜디를 대표하는 것이 꼬냑과 아르마냑이다. 이 외 노르망디 지방에서 사과를 원료로 만드는 브랜디인 칼바도스도 유명하다. 맥주를 증류해 만든 위스키가 고급 술인 것과 같이 와인을 증류해 제조되는 브랜디도 고급으로 통한다. 통상 와인이 맥주보다 비싼 만큼 브랜디도 위스키보다 값이 높다. 서양의 여러 술 가운데 가장 비싸게 팔리는 것이 바로 브랜디다', '8c05ead8-d98d-4713-8ebe-50d06e2e4917.jpeg', '165');




-- 주점판매술
-- alcohol_sales
INSERT INTO alcohol_sales (store_no, alcohol_detail_no, price) VALUES(2, 2, 4500);
INSERT INTO alcohol_sales (store_no, alcohol_detail_no, price) VALUES(2, 3, 4500);
INSERT INTO alcohol_sales (store_no, alcohol_detail_no, price) VALUES(2, 8, 5000);
INSERT INTO alcohol_sales (store_no, alcohol_detail_no, price) VALUES(2, 14, 6000);
INSERT INTO alcohol_sales (store_no, alcohol_detail_no, price) VALUES(2, 19, 6000);
INSERT INTO alcohol_sales (store_no, alcohol_detail_no, price) VALUES(2, 20, 6000);
INSERT INTO alcohol_sales (store_no, alcohol_detail_no, price) VALUES(2, 21, 6000);
INSERT INTO alcohol_sales (store_no, alcohol_detail_no, price) VALUES(2, 80, 6000);
INSERT INTO alcohol_sales (store_no, alcohol_detail_no, price) VALUES(2, 81, 6000);
INSERT INTO alcohol_sales (store_no, alcohol_detail_no, price) VALUES(2, 82, 6000);
INSERT INTO alcohol_sales (store_no, alcohol_detail_no, price) VALUES(3, 2, 6000);
INSERT INTO alcohol_sales (store_no, alcohol_detail_no, price) VALUES(3, 3, 6000);
INSERT INTO alcohol_sales (store_no, alcohol_detail_no, price) VALUES(3, 22, 6000);
INSERT INTO alcohol_sales (store_no, alcohol_detail_no, price) VALUES(3, 91, 6000);
INSERT INTO alcohol_sales (store_no, alcohol_detail_no, price) VALUES(3, 92, 6000);
INSERT INTO alcohol_sales (store_no, alcohol_detail_no, price) VALUES(3, 93, 6000);
INSERT INTO alcohol_sales (store_no, alcohol_detail_no, price) VALUES(3, 94, 6000);
INSERT INTO alcohol_sales (store_no, alcohol_detail_no, price) VALUES(4, 2, 6000);
INSERT INTO alcohol_sales (store_no, alcohol_detail_no, price) VALUES(4, 3, 6000);
INSERT INTO alcohol_sales (store_no, alcohol_detail_no, price) VALUES(4, 4, 6000);
INSERT INTO alcohol_sales (store_no, alcohol_detail_no, price) VALUES(4, 5, 6000);
INSERT INTO alcohol_sales (store_no, alcohol_detail_no, price) VALUES(4, 8, 6000);
INSERT INTO alcohol_sales (store_no, alcohol_detail_no, price) VALUES(4, 9, 6000);
INSERT INTO alcohol_sales (store_no, alcohol_detail_no, price) VALUES(4, 10, 6000);
INSERT INTO alcohol_sales (store_no, alcohol_detail_no, price) VALUES(4, 11, 6000);
INSERT INTO alcohol_sales (store_no, alcohol_detail_no, price) VALUES(4, 12, 6000);
INSERT INTO alcohol_sales (store_no, alcohol_detail_no, price) VALUES(4, 13, 6000);
INSERT INTO alcohol_sales (store_no, alcohol_detail_no, price) VALUES(4, 15, 6000);
INSERT INTO alcohol_sales (store_no, alcohol_detail_no, price) VALUES(4, 64, 6000);
INSERT INTO alcohol_sales (store_no, alcohol_detail_no, price) VALUES(4, 70, 6000);
INSERT INTO alcohol_sales (store_no, alcohol_detail_no, price) VALUES(4, 71, 6000);
INSERT INTO alcohol_sales (store_no, alcohol_detail_no, price) VALUES(5, 6, 6000);
INSERT INTO alcohol_sales (store_no, alcohol_detail_no, price) VALUES(5, 7, 6000);
INSERT INTO alcohol_sales (store_no, alcohol_detail_no, price) VALUES(5, 64, 6000);
INSERT INTO alcohol_sales (store_no, alcohol_detail_no, price) VALUES(5, 65, 6000);
INSERT INTO alcohol_sales (store_no, alcohol_detail_no, price) VALUES(6, 25, 6000);
INSERT INTO alcohol_sales (store_no, alcohol_detail_no, price) VALUES(6, 96, 6000);
INSERT INTO alcohol_sales (store_no, alcohol_detail_no, price) VALUES(6, 97, 6000);
INSERT INTO alcohol_sales (store_no, alcohol_detail_no, price) VALUES(6, 98, 6000);
INSERT INTO alcohol_sales (store_no, alcohol_detail_no, price) VALUES(7, 11, 6000);
INSERT INTO alcohol_sales (store_no, alcohol_detail_no, price) VALUES(7, 12, 6000);
INSERT INTO alcohol_sales (store_no, alcohol_detail_no, price) VALUES(7, 13, 6000);
INSERT INTO alcohol_sales (store_no, alcohol_detail_no, price) VALUES(7, 14, 6000);
INSERT INTO alcohol_sales (store_no, alcohol_detail_no, price) VALUES(7, 22, 6000);
INSERT INTO alcohol_sales (store_no, alcohol_detail_no, price) VALUES(7, 88, 6000);
INSERT INTO alcohol_sales (store_no, alcohol_detail_no, price) VALUES(7, 89, 6000);
INSERT INTO alcohol_sales (store_no, alcohol_detail_no, price) VALUES(7, 90, 6000);
INSERT INTO alcohol_sales (store_no, alcohol_detail_no, price) VALUES(8, 19, 6000);
INSERT INTO alcohol_sales (store_no, alcohol_detail_no, price) VALUES(8, 20, 6000);
INSERT INTO alcohol_sales (store_no, alcohol_detail_no, price) VALUES(8, 21, 6000);
INSERT INTO alcohol_sales (store_no, alcohol_detail_no, price) VALUES(8, 81, 6000);
INSERT INTO alcohol_sales (store_no, alcohol_detail_no, price) VALUES(8, 82, 6000);
INSERT INTO alcohol_sales (store_no, alcohol_detail_no, price) VALUES(8, 83, 6000);
INSERT INTO alcohol_sales (store_no, alcohol_detail_no, price) VALUES(8, 84, 6000);
INSERT INTO alcohol_sales (store_no, alcohol_detail_no, price) VALUES(9, 2, 6000);
INSERT INTO alcohol_sales (store_no, alcohol_detail_no, price) VALUES(9, 3, 6000);
INSERT INTO alcohol_sales (store_no, alcohol_detail_no, price) VALUES(9, 4, 6000);
INSERT INTO alcohol_sales (store_no, alcohol_detail_no, price) VALUES(9, 5, 6000);
INSERT INTO alcohol_sales (store_no, alcohol_detail_no, price) VALUES(9, 8, 6000);
INSERT INTO alcohol_sales (store_no, alcohol_detail_no, price) VALUES(9, 19, 6000);
INSERT INTO alcohol_sales (store_no, alcohol_detail_no, price) VALUES(9, 20, 6000);
INSERT INTO alcohol_sales (store_no, alcohol_detail_no, price) VALUES(9, 21, 6000);
INSERT INTO alcohol_sales (store_no, alcohol_detail_no, price) VALUES(9, 85, 6000);
INSERT INTO alcohol_sales (store_no, alcohol_detail_no, price) VALUES(9, 86, 6000);
INSERT INTO alcohol_sales (store_no, alcohol_detail_no, price) VALUES(9, 87, 6000);
INSERT INTO alcohol_sales (store_no, alcohol_detail_no, price) VALUES(10, 2, 6000);
INSERT INTO alcohol_sales (store_no, alcohol_detail_no, price) VALUES(10, 3, 6000);
INSERT INTO alcohol_sales (store_no, alcohol_detail_no, price) VALUES(10, 5, 6000);
INSERT INTO alcohol_sales (store_no, alcohol_detail_no, price) VALUES(10, 8, 6000);
INSERT INTO alcohol_sales (store_no, alcohol_detail_no, price) VALUES(10, 10, 6000);
INSERT INTO alcohol_sales (store_no, alcohol_detail_no, price) VALUES(10, 11, 6000);
INSERT INTO alcohol_sales (store_no, alcohol_detail_no, price) VALUES(10, 12, 6000);
INSERT INTO alcohol_sales (store_no, alcohol_detail_no, price) VALUES(10, 13, 6000);
INSERT INTO alcohol_sales (store_no, alcohol_detail_no, price) VALUES(10, 14, 6000);
INSERT INTO alcohol_sales (store_no, alcohol_detail_no, price) VALUES(10, 15, 6000);
INSERT INTO alcohol_sales (store_no, alcohol_detail_no, price) VALUES(10, 73, 6000);
INSERT INTO alcohol_sales (store_no, alcohol_detail_no, price) VALUES(11, 19, 6000);
INSERT INTO alcohol_sales (store_no, alcohol_detail_no, price) VALUES(11, 20, 6000);
INSERT INTO alcohol_sales (store_no, alcohol_detail_no, price) VALUES(11, 21, 6000);
INSERT INTO alcohol_sales (store_no, alcohol_detail_no, price) VALUES(11, 81, 6000);
INSERT INTO alcohol_sales (store_no, alcohol_detail_no, price) VALUES(11, 83, 6000);
INSERT INTO alcohol_sales (store_no, alcohol_detail_no, price) VALUES(11, 85, 6000);
INSERT INTO alcohol_sales (store_no, alcohol_detail_no, price) VALUES(11, 86, 6000);
INSERT INTO alcohol_sales (store_no, alcohol_detail_no, price) VALUES(11, 87, 6000);
INSERT INTO alcohol_sales (store_no, alcohol_detail_no, price) VALUES(12, 11, 6000);
INSERT INTO alcohol_sales (store_no, alcohol_detail_no, price) VALUES(12, 12, 6000);
INSERT INTO alcohol_sales (store_no, alcohol_detail_no, price) VALUES(12, 15, 6000);
INSERT INTO alcohol_sales (store_no, alcohol_detail_no, price) VALUES(12, 22, 6000);
INSERT INTO alcohol_sales (store_no, alcohol_detail_no, price) VALUES(12, 88, 6000);
INSERT INTO alcohol_sales (store_no, alcohol_detail_no, price) VALUES(12, 89, 6000);
INSERT INTO alcohol_sales (store_no, alcohol_detail_no, price) VALUES(12, 93, 6000);
INSERT INTO alcohol_sales (store_no, alcohol_detail_no, price) VALUES(12, 94, 6000);
INSERT INTO alcohol_sales (store_no, alcohol_detail_no, price) VALUES(12, 95, 6000);
INSERT INTO alcohol_sales (store_no, alcohol_detail_no, price) VALUES(13, 28, 6000);
INSERT INTO alcohol_sales (store_no, alcohol_detail_no, price) VALUES(13, 102, 6000);
INSERT INTO alcohol_sales (store_no, alcohol_detail_no, price) VALUES(13, 103, 6000);
INSERT INTO alcohol_sales (store_no, alcohol_detail_no, price) VALUES(13, 104, 6000);
INSERT INTO alcohol_sales (store_no, alcohol_detail_no, price) VALUES(13, 105, 6700);
INSERT INTO alcohol_sales (store_no, alcohol_detail_no, price) VALUES(13, 106, 6000);
INSERT INTO alcohol_sales (store_no, alcohol_detail_no, price) VALUES(14, 16, 6000);
INSERT INTO alcohol_sales (store_no, alcohol_detail_no, price) VALUES(14, 17, 6000);
INSERT INTO alcohol_sales (store_no, alcohol_detail_no, price) VALUES(14, 18, 6000);
INSERT INTO alcohol_sales (store_no, alcohol_detail_no, price) VALUES(14, 61, 6000);
INSERT INTO alcohol_sales (store_no, alcohol_detail_no, price) VALUES(14, 62, 6000);
INSERT INTO alcohol_sales (store_no, alcohol_detail_no, price) VALUES(14, 63, 6000);
INSERT INTO alcohol_sales (store_no, alcohol_detail_no, price) VALUES(14, 76, 6000);
INSERT INTO alcohol_sales (store_no, alcohol_detail_no, price) VALUES(15, 25, 6000);
INSERT INTO alcohol_sales (store_no, alcohol_detail_no, price) VALUES(15, 100, 6000);
INSERT INTO alcohol_sales (store_no, alcohol_detail_no, price) VALUES(15, 101, 6000);
INSERT INTO alcohol_sales (store_no, alcohol_detail_no, price) VALUES(16, 11, 6000);
INSERT INTO alcohol_sales (store_no, alcohol_detail_no, price) VALUES(16, 12, 6000);
INSERT INTO alcohol_sales (store_no, alcohol_detail_no, price) VALUES(16, 13, 6000);
INSERT INTO alcohol_sales (store_no, alcohol_detail_no, price) VALUES(16, 14, 6000);
INSERT INTO alcohol_sales (store_no, alcohol_detail_no, price) VALUES(16, 15, 6000);
INSERT INTO alcohol_sales (store_no, alcohol_detail_no, price) VALUES(16, 70, 6000);
INSERT INTO alcohol_sales (store_no, alcohol_detail_no, price) VALUES(16, 72, 6000);
INSERT INTO alcohol_sales (store_no, alcohol_detail_no, price) VALUES(16, 75, 6000);
INSERT INTO alcohol_sales (store_no, alcohol_detail_no, price) VALUES(17, 16, 6000);
INSERT INTO alcohol_sales (store_no, alcohol_detail_no, price) VALUES(17, 17, 6000);
INSERT INTO alcohol_sales (store_no, alcohol_detail_no, price) VALUES(17, 18, 6000);
INSERT INTO alcohol_sales (store_no, alcohol_detail_no, price) VALUES(17, 77, 6000);
INSERT INTO alcohol_sales (store_no, alcohol_detail_no, price) VALUES(17, 78, 6000);
INSERT INTO alcohol_sales (store_no, alcohol_detail_no, price) VALUES(17, 79, 6000);
INSERT INTO alcohol_sales (store_no, alcohol_detail_no, price) VALUES(18, 16, 6000);
INSERT INTO alcohol_sales (store_no, alcohol_detail_no, price) VALUES(18, 17, 6000);
INSERT INTO alcohol_sales (store_no, alcohol_detail_no, price) VALUES(18, 18, 6000);
INSERT INTO alcohol_sales (store_no, alcohol_detail_no, price) VALUES(18, 61, 6000);
INSERT INTO alcohol_sales (store_no, alcohol_detail_no, price) VALUES(18, 63, 6000);
INSERT INTO alcohol_sales (store_no, alcohol_detail_no, price) VALUES(18, 77, 6000);
INSERT INTO alcohol_sales (store_no, alcohol_detail_no, price) VALUES(18, 79, 6000);
INSERT INTO alcohol_sales (store_no, alcohol_detail_no, price) VALUES(19, 7, 6000);
INSERT INTO alcohol_sales (store_no, alcohol_detail_no, price) VALUES(19, 9, 6000);
INSERT INTO alcohol_sales (store_no, alcohol_detail_no, price) VALUES(19, 10, 6000);
INSERT INTO alcohol_sales (store_no, alcohol_detail_no, price) VALUES(19, 65, 6000);
INSERT INTO alcohol_sales (store_no, alcohol_detail_no, price) VALUES(19, 67, 6000);
INSERT INTO alcohol_sales (store_no, alcohol_detail_no, price) VALUES(19, 68, 6000);
INSERT INTO alcohol_sales (store_no, alcohol_detail_no, price) VALUES(19, 69, 6000);
INSERT INTO alcohol_sales (store_no, alcohol_detail_no, price) VALUES(20, 2, 6000);
INSERT INTO alcohol_sales (store_no, alcohol_detail_no, price) VALUES(20, 3, 6000);
INSERT INTO alcohol_sales (store_no, alcohol_detail_no, price) VALUES(20, 5, 6000);
INSERT INTO alcohol_sales (store_no, alcohol_detail_no, price) VALUES(20, 9, 6000);
INSERT INTO alcohol_sales (store_no, alcohol_detail_no, price) VALUES(20, 10, 6000);
INSERT INTO alcohol_sales (store_no, alcohol_detail_no, price) VALUES(20, 64, 6000);
INSERT INTO alcohol_sales (store_no, alcohol_detail_no, price) VALUES(20, 65, 6000);
INSERT INTO alcohol_sales (store_no, alcohol_detail_no, price) VALUES(20, 67, 6000);
INSERT INTO alcohol_sales (store_no, alcohol_detail_no, price) VALUES(20, 68, 6000);
INSERT INTO alcohol_sales (store_no, alcohol_detail_no, price) VALUES(20, 69, 6000);
INSERT INTO alcohol_sales (store_no, alcohol_detail_no, price) VALUES(21, 2, 6000);
INSERT INTO alcohol_sales (store_no, alcohol_detail_no, price) VALUES(21, 3, 6000);
INSERT INTO alcohol_sales (store_no, alcohol_detail_no, price) VALUES(21, 5, 6000);
INSERT INTO alcohol_sales (store_no, alcohol_detail_no, price) VALUES(21, 9, 6000);
INSERT INTO alcohol_sales (store_no, alcohol_detail_no, price) VALUES(21, 10, 6000);
INSERT INTO alcohol_sales (store_no, alcohol_detail_no, price) VALUES(21, 64, 6000);
INSERT INTO alcohol_sales (store_no, alcohol_detail_no, price) VALUES(21, 65, 6000);
INSERT INTO alcohol_sales (store_no, alcohol_detail_no, price) VALUES(21, 67, 6000);
INSERT INTO alcohol_sales (store_no, alcohol_detail_no, price) VALUES(21, 68, 6000);
INSERT INTO alcohol_sales (store_no, alcohol_detail_no, price) VALUES(21, 69, 6000);
INSERT INTO alcohol_sales (store_no, alcohol_detail_no, price) VALUES(22, 4, 6000);
INSERT INTO alcohol_sales (store_no, alcohol_detail_no, price) VALUES(22, 6, 6000);
INSERT INTO alcohol_sales (store_no, alcohol_detail_no, price) VALUES(22, 7, 6000);
INSERT INTO alcohol_sales (store_no, alcohol_detail_no, price) VALUES(22, 8, 6000);
INSERT INTO alcohol_sales (store_no, alcohol_detail_no, price) VALUES(22, 14, 6000);
INSERT INTO alcohol_sales (store_no, alcohol_detail_no, price) VALUES(22, 74, 6000);
INSERT INTO alcohol_sales (store_no, alcohol_detail_no, price) VALUES(22, 75, 6000);
INSERT INTO alcohol_sales (store_no, alcohol_detail_no, price) VALUES(23, 11, 6000);
INSERT INTO alcohol_sales (store_no, alcohol_detail_no, price) VALUES(23, 14, 6000);
INSERT INTO alcohol_sales (store_no, alcohol_detail_no, price) VALUES(23, 15, 6000);
INSERT INTO alcohol_sales (store_no, alcohol_detail_no, price) VALUES(23, 22, 6000);
INSERT INTO alcohol_sales (store_no, alcohol_detail_no, price) VALUES(23, 73, 6000);
INSERT INTO alcohol_sales (store_no, alcohol_detail_no, price) VALUES(23, 74, 6000);
INSERT INTO alcohol_sales (store_no, alcohol_detail_no, price) VALUES(23, 75, 6000);
INSERT INTO alcohol_sales (store_no, alcohol_detail_no, price) VALUES(23, 88, 6000);
INSERT INTO alcohol_sales (store_no, alcohol_detail_no, price) VALUES(23, 89, 6000);
INSERT INTO alcohol_sales (store_no, alcohol_detail_no, price) VALUES(23, 90, 6000);
INSERT INTO alcohol_sales (store_no, alcohol_detail_no, price) VALUES(23, 91, 6000);
INSERT INTO alcohol_sales (store_no, alcohol_detail_no, price) VALUES(23, 92, 6000);
INSERT INTO alcohol_sales (store_no, alcohol_detail_no, price) VALUES(23, 93, 6000);
INSERT INTO alcohol_sales (store_no, alcohol_detail_no, price) VALUES(23, 94, 6000);
INSERT INTO alcohol_sales (store_no, alcohol_detail_no, price) VALUES(23, 95, 6000);
INSERT INTO alcohol_sales (store_no, alcohol_detail_no, price) VALUES(24, 9, 6000);
INSERT INTO alcohol_sales (store_no, alcohol_detail_no, price) VALUES(24, 10, 6000);
INSERT INTO alcohol_sales (store_no, alcohol_detail_no, price) VALUES(24, 14, 6000);
INSERT INTO alcohol_sales (store_no, alcohol_detail_no, price) VALUES(24, 22, 6000);
INSERT INTO alcohol_sales (store_no, alcohol_detail_no, price) VALUES(24, 71, 6000);
INSERT INTO alcohol_sales (store_no, alcohol_detail_no, price) VALUES(24, 73, 6000);
INSERT INTO alcohol_sales (store_no, alcohol_detail_no, price) VALUES(24, 74, 6000);
INSERT INTO alcohol_sales (store_no, alcohol_detail_no, price) VALUES(24, 75, 6000);
INSERT INTO alcohol_sales (store_no, alcohol_detail_no, price) VALUES(25, 2, 6000);
INSERT INTO alcohol_sales (store_no, alcohol_detail_no, price) VALUES(25, 3, 6000);
INSERT INTO alcohol_sales (store_no, alcohol_detail_no, price) VALUES(25, 5, 6000);
INSERT INTO alcohol_sales (store_no, alcohol_detail_no, price) VALUES(25, 9, 6000);
INSERT INTO alcohol_sales (store_no, alcohol_detail_no, price) VALUES(25, 10, 6000);
INSERT INTO alcohol_sales (store_no, alcohol_detail_no, price) VALUES(26, 3, 6000);
INSERT INTO alcohol_sales (store_no, alcohol_detail_no, price) VALUES(26, 5, 6000);
INSERT INTO alcohol_sales (store_no, alcohol_detail_no, price) VALUES(26, 9, 6000);
INSERT INTO alcohol_sales (store_no, alcohol_detail_no, price) VALUES(26, 10, 6000);
INSERT INTO alcohol_sales (store_no, alcohol_detail_no, price) VALUES(27, 9, 6000);
INSERT INTO alcohol_sales (store_no, alcohol_detail_no, price) VALUES(27, 10, 6000);
INSERT INTO alcohol_sales (store_no, alcohol_detail_no, price) VALUES(27, 11, 6000);
INSERT INTO alcohol_sales (store_no, alcohol_detail_no, price) VALUES(27, 12, 6000);
INSERT INTO alcohol_sales (store_no, alcohol_detail_no, price) VALUES(27, 70, 6000);
INSERT INTO alcohol_sales (store_no, alcohol_detail_no, price) VALUES(27, 71, 6000);
INSERT INTO alcohol_sales (store_no, alcohol_detail_no, price) VALUES(27, 72, 6000);
INSERT INTO alcohol_sales (store_no, alcohol_detail_no, price) VALUES(27, 73, 6000);
INSERT INTO alcohol_sales (store_no, alcohol_detail_no, price) VALUES(27, 74, 6000);
INSERT INTO alcohol_sales (store_no, alcohol_detail_no, price) VALUES(28, 11, 6000);
INSERT INTO alcohol_sales (store_no, alcohol_detail_no, price) VALUES(28, 15, 6000);
INSERT INTO alcohol_sales (store_no, alcohol_detail_no, price) VALUES(28, 22, 6000);
INSERT INTO alcohol_sales (store_no, alcohol_detail_no, price) VALUES(28, 88, 6000);
INSERT INTO alcohol_sales (store_no, alcohol_detail_no, price) VALUES(28, 89, 6000);
INSERT INTO alcohol_sales (store_no, alcohol_detail_no, price) VALUES(28, 90, 6000);
INSERT INTO alcohol_sales (store_no, alcohol_detail_no, price) VALUES(29, 25, 6000);
INSERT INTO alcohol_sales (store_no, alcohol_detail_no, price) VALUES(29, 96, 6000);
INSERT INTO alcohol_sales (store_no, alcohol_detail_no, price) VALUES(29, 97, 6000);
INSERT INTO alcohol_sales (store_no, alcohol_detail_no, price) VALUES(29, 98, 6000);
INSERT INTO alcohol_sales (store_no, alcohol_detail_no, price) VALUES(29, 99, 6000);
INSERT INTO alcohol_sales (store_no, alcohol_detail_no, price) VALUES(29, 100, 6000);
INSERT INTO alcohol_sales (store_no, alcohol_detail_no, price) VALUES(29, 101, 6000);
INSERT INTO alcohol_sales (store_no, alcohol_detail_no, price) VALUES(30, 2, 6000);
INSERT INTO alcohol_sales (store_no, alcohol_detail_no, price) VALUES(30, 3, 6000);
INSERT INTO alcohol_sales (store_no, alcohol_detail_no, price) VALUES(30, 4, 6000);
INSERT INTO alcohol_sales (store_no, alcohol_detail_no, price) VALUES(30, 5, 6000);
INSERT INTO alcohol_sales (store_no, alcohol_detail_no, price) VALUES(30, 6, 6000);
INSERT INTO alcohol_sales (store_no, alcohol_detail_no, price) VALUES(30, 7, 6000);
INSERT INTO alcohol_sales (store_no, alcohol_detail_no, price) VALUES(30, 8, 6000);
INSERT INTO alcohol_sales (store_no, alcohol_detail_no, price) VALUES(30, 9, 6000);
INSERT INTO alcohol_sales (store_no, alcohol_detail_no, price) VALUES(30, 10, 6000);
INSERT INTO alcohol_sales (store_no, alcohol_detail_no, price) VALUES(30, 67, 6000);
INSERT INTO alcohol_sales (store_no, alcohol_detail_no, price) VALUES(30, 68, 6000);


-- 주점사진
INSERT INTO store_img
(store_img_no, store_no, store_img)
VALUES(1, 1, '/static/asset/img/store/storelist1.jpg');
INSERT INTO store_img
(store_img_no, store_no, store_img)
VALUES(2, 2, '/static/asset/img/store/storelist2.jpg');
INSERT INTO store_img
(store_img_no, store_no, store_img)
VALUES(3, 3, '/static/asset/img/store/storelist3.jpg');
INSERT INTO store_img
(store_img_no, store_no, store_img)
VALUES(4, 4, '/static/asset/img/store/storelist4.jpg');
INSERT INTO store_img
(store_img_no, store_no, store_img)
VALUES(5, 5, '/static/asset/img/store/storelist5.jpg');
INSERT INTO store_img
(store_img_no, store_no, store_img)
VALUES(6, 6, '/static/asset/img/store/storelist6.jpg');
INSERT INTO store_img
(store_img_no, store_no, store_img)
VALUES(7, 7, '/static/asset/img/store/storelist7.jpg');
INSERT INTO store_img
(store_img_no, store_no, store_img)
VALUES(8, 8, '/static/asset/img/store/storelist8.jpg');
INSERT INTO store_img
(store_img_no, store_no, store_img)
VALUES(9, 9, '/static/asset/img/store/storelist9.jpg');
INSERT INTO store_img
(store_img_no, store_no, store_img)
VALUES(10, 10, '/static/asset/img/store/storelist10.jpg');
INSERT INTO store_img
(store_img_no, store_no, store_img)
VALUES(11, 11, '/static/asset/img/store/storelist11.jpg');
INSERT INTO store_img
(store_img_no, store_no, store_img)
VALUES(12, 12, '/static/asset/img/store/storelist12.jpg');
INSERT INTO store_img
(store_img_no, store_no, store_img)
VALUES(13, 13, '/static/asset/img/store/storelist13.jpg');
INSERT INTO store_img
(store_img_no, store_no, store_img)
VALUES(14, 14, '/static/asset/img/store/storelist14.jpg');
INSERT INTO store_img
(store_img_no, store_no, store_img)
VALUES(15, 15, '/static/asset/img/store/storelist15.jpg');
INSERT INTO store_img
(store_img_no, store_no, store_img)
VALUES(16, 16, '/static/asset/img/store/storelist16.jpg');
INSERT INTO store_img
(store_img_no, store_no, store_img)
VALUES(17, 17, '/static/asset/img/store/storelist17.jpg');
INSERT INTO store_img
(store_img_no, store_no, store_img)
VALUES(18, 18, '/static/asset/img/store/storelist18.jpg');
INSERT INTO store_img
(store_img_no, store_no, store_img)
VALUES(19, 19, '/static/asset/img/store/storelist19.jpg');
INSERT INTO store_img
(store_img_no, store_no, store_img)
VALUES(20, 20, '/static/asset/img/store/storelist20.jpg');
INSERT INTO store_img
(store_img_no, store_no, store_img)
VALUES(21, 21, '/static/asset/img/store/storelist21.jpg');
INSERT INTO store_img
(store_img_no, store_no, store_img)
VALUES(22, 22, '/static/asset/img/store/storelist22.jpg');
INSERT INTO store_img
(store_img_no, store_no, store_img)
VALUES(23, 23, '/static/asset/img/store/storelist23.jpg');
INSERT INTO store_img
(store_img_no, store_no, store_img)
VALUES(24, 24, '/static/asset/img/store/storelist24.jpg');
INSERT INTO store_img
(store_img_no, store_no, store_img)
VALUES(25, 25, '/static/asset/img/store/storelist25.jpg');
INSERT INTO store_img
(store_img_no, store_no, store_img)
VALUES(26, 26, '/static/asset/img/store/storelist26.jpg');
INSERT INTO store_img
(store_img_no, store_no, store_img)
VALUES(27, 27, '/static/asset/img/store/storelist27.jpg');
INSERT INTO store_img
(store_img_no, store_no, store_img)
VALUES(28, 28, '/static/asset/img/store/storelist28.jpg');
INSERT INTO store_img
(store_img_no, store_no, store_img)
VALUES(29, 29, '/static/asset/img/store/storelist29.jpg');
INSERT INTO store_img
(store_img_no, store_no, store_img)
VALUES(30, 30, '/static/asset/img/store/storelist30.jpg');
INSERT INTO sojudb.store_img
(store_no, store_img)
VALUES(10, 'storelist10-0');
INSERT INTO sojudb.store_img
(store_no, store_img)
VALUES(10, 'storelist10-1');
INSERT INTO sojudb.store_img
(store_no, store_img)
VALUES(10, 'storelist10-2');
INSERT INTO sojudb.store_img
(store_no, store_img)
VALUES(10, 'storelist10-3');
INSERT INTO sojudb.store_img
(store_no, store_img)
VALUES(10, 'storelist10-4');
INSERT INTO sojudb.store_img
(store_no, store_img)
VALUES(10, 'storelist10-5');
INSERT INTO sojudb.store_img
(store_no, store_img)
VALUES(10, 'storelist10-6');



-- sns
INSERT INTO sns (sns_no,sns_name) VALUES (1,'카카오');
INSERT INTO sns (sns_no,sns_name) VALUES (2,'네이버');
INSERT INTO sns (sns_no,sns_name) VALUES (3,'구글');
INSERT INTO sns (sns_no,sns_name) VALUES (4,'페이스북');
INSERT INTO sns (sns_no,sns_name) VALUES (5,'애플');

-- SNS계정
INSERT INTO sns_account (mno,sns_no,email) VALUES (1,1,'test1@test.com');
INSERT INTO sns_account (mno,sns_no,email) VALUES (2,2,'test2@test.com');
INSERT INTO sns_account (mno,sns_no,email) VALUES (3,3,'test3@test.com');
INSERT INTO sns_account (mno,sns_no,email) VALUES (4,4,'test4@test.com');
INSERT INTO sns_account (mno,sns_no,email) VALUES (5,5,'test5@test.com');
INSERT INTO sns_account (mno,sns_no,email) VALUES (6,1,'test6@test.com');
INSERT INTO sns_account (mno,sns_no,email) VALUES (7,2,'test7@test.com');
INSERT INTO sns_account (mno,sns_no,email) VALUES (8,3,'test8@test.com');
INSERT INTO sns_account (mno,sns_no,email) VALUES (9,4,'test9@test.com');
INSERT INTO sns_account (mno,sns_no,email) VALUES (10,5,'test10@test.com');
INSERT INTO sns_account (mno,sns_no,email) VALUES (11,1,'test11@test.com');
INSERT INTO sns_account (mno,sns_no,email) VALUES (12,2,'test12@test.com');
INSERT INTO sns_account (mno,sns_no,email) VALUES (13,3,'test13@test.com');
INSERT INTO sns_account (mno,sns_no,email) VALUES (14,4,'test14@test.com');
INSERT INTO sns_account (mno,sns_no,email) VALUES (15,5,'test15@test.com');
INSERT INTO sns_account (mno,sns_no,email) VALUES (16,1,'test16@test.com');
INSERT INTO sns_account (mno,sns_no,email) VALUES (17,2,'test17@test.com');
INSERT INTO sns_account (mno,sns_no,email) VALUES (18,3,'test18@test.com');
INSERT INTO sns_account (mno,sns_no,email) VALUES (19,4,'test19@test.com');
INSERT INTO sns_account (mno,sns_no,email) VALUES (20,5,'test20@test.com');
INSERT INTO sns_account (mno,sns_no,email) VALUES (21,1,'test21@test.com');
INSERT INTO sns_account (mno,sns_no,email) VALUES (22,2,'test22@test.com');
INSERT INTO sns_account (mno,sns_no,email) VALUES (23,3,'test23@test.com');
INSERT INTO sns_account (mno,sns_no,email) VALUES (24,4,'test24@test.com');
INSERT INTO sns_account (mno,sns_no,email) VALUES (25,5,'test25@test.com');
INSERT INTO sns_account (mno,sns_no,email) VALUES (26,1,'test26@test.com');
INSERT INTO sns_account (mno,sns_no,email) VALUES (27,2,'test27@test.com');
INSERT INTO sns_account (mno,sns_no,email) VALUES (28,3,'test28@test.com');
INSERT INTO sns_account (mno,sns_no,email) VALUES (29,4,'test29@test.com');
INSERT INTO sns_account (mno,sns_no,email) VALUES (30,5,'test30@test.com');

-- 커뮤니티
INSERT INTO community (community_no,title) VALUES (1,'우리지금만나');
INSERT INTO community (community_no,title) VALUES (2,'술집추천');
INSERT INTO community (community_no,title) VALUES (3,'분실실종센터');
INSERT INTO community (community_no,title) VALUES (4,'일상');
INSERT INTO community (community_no,title) VALUES (5,'사건사고');
INSERT INTO community (community_no,title) VALUES (6,'술게임');
INSERT INTO community (community_no,title) VALUES (7,'기타');

-- 게시판
-- board
INSERT INTO board (board_no, mno, community_no, title, contents, reg_date, update_date, view_count) VALUES(48, 57, 1, '수원역 대포집 대박이에요!!', '<p>어제 처음갔는데 기본안주가 무려 라면이고</p><p>안주도 너무 맛있어서 술이 쭉쭉 들어갔어요</p><p>너무 잘놀았고 야술먹자 유저분들에게도 적극 추천합니다!!</p>', '2022-04-28 11:15:38.000', '2022-04-28 11:38:46.000', 4);
INSERT INTO board (board_no, mno, community_no, title, contents, reg_date, update_date, view_count) VALUES(51, 58, 2, '친구좀 찾아주세요!!', '<p>20분 전까지 같이 술마시고 있었는데 화장실갔다온다고 하더니 사라졌어요</p><p>술 진탕 취헤서 제 몸도 못가눌텐데</p><p>사고치기 전에 꼭 찾아주세요ㅠㅠ</p>', '2022-04-28 11:19:58.000', '2022-04-28 11:30:13.000', 2);
INSERT INTO board (board_no, mno, community_no, title, contents, reg_date, update_date, view_count) VALUES(52, 100, 3, '안녕하세요 반갑습니다~', '처음 옵니다~ 잘부탁드려요 맛있는 술 많이 먹어요~', '2022-04-28 11:22:31.000', '2022-04-28 11:22:31.000', 0);
INSERT INTO board (board_no, mno, community_no, title, contents, reg_date, update_date, view_count) VALUES(53, 58, 3, '오늘 롤만 해서 우울하다....', '<p>하루종일 게임만 하니까 우울하네...</p><p>심지어 탑킨드로 탑스카너한테 0/7/1 되니까 너무 슬프다ㅠㅠ</p>', '2022-04-28 11:22:40.000', '2022-04-28 11:36:34.000', 6);
INSERT INTO board (board_no, mno, community_no, title, contents, reg_date, update_date, view_count) VALUES(54, 100, 1, '망원동 술집 추천합니다', '<p>망원 한강 지구 입구 앞에 부산본가라는 술집이 있는데 사장님도 푸근하시고 분위기도 좋고 안주도 정말 맛있습니다 나중에 한번 가보세요~</p>', '2022-04-28 11:25:54.000', '2022-04-28 11:29:34.000', 3);
INSERT INTO board (board_no, mno, community_no, title, contents, reg_date, update_date, view_count) VALUES(57, 100, 2, '북가좌1동 주민센터 앞에서 에어팟 잃어버리신분', '<p>주민센터에 맡겨놨습니다 찾아가세요~</p>', '2022-04-28 11:30:52.000', '2022-04-28 11:56:18.000', 34);
INSERT INTO board (board_no, mno, community_no, title, contents, reg_date, update_date, view_count) VALUES(58, 59, 4, '지금 엘라 남자2명.....', '<p>지금 친구 아마존 합격해서 가게 천장에 돈뿌리고 있는데 자기들 김치찌게에 돈들어갔다고 욕하네요</p><p>5만원은 챙겨갔으면서... 정말 너무하지 않나요??</p>', '2022-04-28 11:31:23.000', '2022-04-28 11:39:14.000', 5);
INSERT INTO board (board_no, mno, community_no, title, contents, reg_date, update_date, view_count) VALUES(59, 60, 5, '나이키 양말 팔아요~', '<p>10쌍 사려고 했는데 실수로 50쌍 구매해버려서 한 쌍 당 5천원에 팝니다!!!</p>', '2022-04-28 11:34:08.000', '2022-04-28 11:36:24.000', 4);
INSERT INTO board (board_no, mno, community_no, title, contents, reg_date, update_date, view_count) VALUES(60, 64, 1, '강변역 6번 포장마차 너무 좋네요', '<p>오늘 행사날이어서 소주 1병에 2천원에 모든 안주 5천원이었어요!!!</p><p>덕분에 오늘 술값 5만원밖에 안썼네요ㅎㅎㅎㅎ</p>', '2022-04-28 11:36:08.000', '2022-04-28 11:36:08.000', 0);
INSERT INTO board (board_no, mno, community_no, title, contents, reg_date, update_date, view_count) VALUES(61, 66, 2, '와이베이비와이~', '<p>내친구 와이베이비와이~</p><p>도망갔어~</p><p>와이베이비와이~</p><p>오오오오오오</p>', '2022-04-28 11:37:59.000', '2022-04-28 11:39:23.000', 1);
INSERT INTO board (board_no, mno, community_no, title, contents, reg_date, update_date, view_count) VALUES(62, 69, 3, '난 부럽지가 않어', '<p>니네 자랑하고 싶은 거 있으면 얼마든지 해 난 괜찮어</p><p>난 키 작은 사람들이 부럽지가 않어</p><p>어?</p><p>난 전혀 부럽지가 않어ㅎ</p>', '2022-04-28 11:40:49.000', '2022-04-28 11:56:46.000', 4);
INSERT INTO board (board_no, mno, community_no, title, contents, reg_date, update_date, view_count) VALUES(63, 87, 4, '지금 강남역 어깨빵빌런 있어요~ 조심하세요', '길거리에서 어깨빵하면서 싸움거는 사람 길거리에 있으니까 조심하세요~', '2022-04-28 11:42:52.000', '2022-04-28 11:42:52.000', 0);
INSERT INTO board (board_no, mno, community_no, title, contents, reg_date, update_date, view_count) VALUES(64, 88, 5, '기타치자 디링디링', '<p>우리 다함께 기타치자 디링디링링 디링링링디링</p>', '2022-04-28 11:48:13.000', '2022-04-28 11:48:13.000', 0);
INSERT INTO board (board_no, mno, community_no, title, contents, reg_date, update_date, view_count) VALUES(65, 82, 4, '지금 9호선 지하철 고장났어요~', '<p>전동열차 고장으로 1시간 넘게 지연되니까 버스타세요~</p>', '2022-04-28 11:49:57.000', '2022-04-28 11:49:57.000', 0);
INSERT INTO board (board_no, mno, community_no, title, contents, reg_date, update_date, view_count) VALUES(66, 81, 5, '님들 요즘 가르마 몇대몇으로 타요???', '<p>난 5대5가 잘어울리는데 너무 올드한거 같고</p><p>7대3은 너무 못생겨지고....</p><p>그렇다고 6대4는 둘다 해당하고....</p>', '2022-04-28 11:51:12.000', '2022-04-28 11:54:14.000', 4);
INSERT INTO board (board_no, mno, community_no, title, contents, reg_date, update_date, view_count) VALUES(67, 89, 1, '이태원 와인바 갔는데 너무 좋았어요~', '<p>어어어어어 여기 와인도 너무 달달하고~ </p><p>엄... 요즘 월드컵이어서 티비에서 축구도 보여주네요~</p><p>방금 프랑스랑 한국 경기였는데 지성이형이 골을 넣었어요!!!', '2022-04-28 11:53:39.000', '2022-04-28 11:53:39.000', 0);
INSERT INTO board (board_no, mno, community_no, title, contents, reg_date, update_date, view_count) VALUES(68, 98, 2, '어제 사당에서 신발을 일어버렸습니다ㅠㅠㅠ', '<p>하..... 어제 술 너무 많이 마셔서... 오늘 일어나보니 신발이 없어졌어요ㅠㅠ</p><p>나이키 흰검 신발이고...', '2022-04-28 11:55:57.000', '2022-04-28 11:55:57.000', 0);
INSERT INTO board (board_no, mno, community_no, title, contents, reg_date, update_date, view_count) VALUES(69, 135, 3, '짜장면 5초 곱빼기 10초 가능합니다.', '<p>저랑 먹방 대결하실분?????????</p>', '2022-04-28 11:58:13.000', '2022-04-28 11:58:13.000', 0);


-- 신고하기
INSERT INTO report
(repo_no, mno, target_no, `type`, `date`, contents, status)
VALUES(1, 1, 1, '회', '2022-03-18 17:49:44.000', '신고내용1', 1);
INSERT INTO report
(repo_no, mno, target_no, `type`, `date`, contents, status)
VALUES(2, 2, 2, '게', '2022-03-18 17:49:44.000', '신고내용2', 1);
INSERT INTO report
(repo_no, mno, target_no, `type`, `date`, contents, status)
VALUES(3, 3, 3, '주', '2022-03-18 17:49:44.000', '신고내용3', 0);
INSERT INTO report
(repo_no, mno, target_no, `type`, `date`, contents, status)
VALUES(4, 4, 4, '회', '2022-03-18 17:49:44.000', '신고내용4', 0);
INSERT INTO report
(repo_no, mno, target_no, `type`, `date`, contents, status)
VALUES(5, 5, 5, '회', '2022-03-18 17:49:44.000', '신고내용5', 1);
INSERT INTO report
(repo_no, mno, target_no, `type`, `date`, contents, status)
VALUES(6, 6, 6, '회', '2022-03-18 17:49:44.000', '신고내용6', 1);
INSERT INTO report
(repo_no, mno, target_no, `type`, `date`, contents, status)
VALUES(7, 7, 7, '회', '2022-03-18 17:49:44.000', '신고내용7', 1);
INSERT INTO report
(repo_no, mno, target_no, `type`, `date`, contents, status)
VALUES(8, 5, 8, '회', '2022-03-18 17:49:44.000', '신고내용8', 1);
INSERT INTO report
(repo_no, mno, target_no, `type`, `date`, contents, status)
VALUES(9, 9, 9, '회', '2022-03-18 17:49:44.000', '신고내용9', 1);
INSERT INTO report
(repo_no, mno, target_no, `type`, `date`, contents, status)
VALUES(10, 10, 1, '회', '2022-03-18 17:49:44.000', '신고내용10', 1);
INSERT INTO report
(repo_no, mno, target_no, `type`, `date`, contents, status)
VALUES(11, 11, 2, '회', '2022-03-18 17:49:44.000', '신고내용11', 1);
INSERT INTO report
(repo_no, mno, target_no, `type`, `date`, contents, status)
VALUES(12, 12, 3, '회', '2022-03-18 17:49:44.000', '신고내용12', 1);
INSERT INTO report
(repo_no, mno, target_no, `type`, `date`, contents, status)
VALUES(13, 13, 4, '회', '2022-03-18 17:49:44.000', '신고내용13', 1);
INSERT INTO report
(repo_no, mno, target_no, `type`, `date`, contents, status)
VALUES(14, 14, 5, '회', '2022-03-18 17:49:44.000', '신고내용14', 1);
INSERT INTO report
(repo_no, mno, target_no, `type`, `date`, contents, status)
VALUES(15, 15, 6, '회', '2022-03-18 17:49:44.000', '신고내용15', 1);
INSERT INTO report
(repo_no, mno, target_no, `type`, `date`, contents, status)
VALUES(16, 16, 7, '회', '2022-03-18 17:49:44.000', '신고내용16', 1);
INSERT INTO report
(repo_no, mno, target_no, `type`, `date`, contents, status)
VALUES(17, 17, 8, '회', '2022-03-18 17:49:44.000', '신고내용17', 1);
INSERT INTO report
(repo_no, mno, target_no, `type`, `date`, contents, status)
VALUES(18, 18, 9, '회', '2022-03-18 17:49:44.000', '신고내용18', 1);
INSERT INTO report
(repo_no, mno, target_no, `type`, `date`, contents, status)
VALUES(19, 19, 2, '회', '2022-03-18 17:49:44.000', '신고내용19', 1);
INSERT INTO report
(repo_no, mno, target_no, `type`, `date`, contents, status)
VALUES(20, 20, 3, '회', '2022-03-18 17:49:44.000', '신고내용20', 1);
INSERT INTO report
(repo_no, mno, target_no, `type`, `date`, contents, status)
VALUES(21, 21, 4, '회', '2022-03-18 17:49:44.000', '신고내용21', 1);
INSERT INTO report
(repo_no, mno, target_no, `type`, `date`, contents, status)
VALUES(22, 22, 5, '회', '2022-03-18 17:49:44.000', '신고내용22', 1);
INSERT INTO report
(repo_no, mno, target_no, `type`, `date`, contents, status)
VALUES(23, 23, 6, '회', '2022-03-18 17:49:44.000', '신고내용23', 1);
INSERT INTO report
(repo_no, mno, target_no, `type`, `date`, contents, status)
VALUES(24, 24, 7, '회', '2022-03-18 17:49:44.000', '신고내용24', 1);
INSERT INTO report
(repo_no, mno, target_no, `type`, `date`, contents, status)
VALUES(25, 25, 8, '회', '2022-03-18 17:49:44.000', '신고내용25', 1);
INSERT INTO report
(repo_no, mno, target_no, `type`, `date`, contents, status)
VALUES(26, 26, 9, '회', '2022-03-18 17:49:44.000', '신고내용26', 1);
INSERT INTO report
(repo_no, mno, target_no, `type`, `date`, contents, status)
VALUES(27, 27, 1, '회', '2022-03-18 17:49:44.000', '신고내용27', 1);
INSERT INTO report
(repo_no, mno, target_no, `type`, `date`, contents, status)
VALUES(28, 28, 2, '회', '2022-03-18 17:49:44.000', '신고내용28', 1);
INSERT INTO report
(repo_no, mno, target_no, `type`, `date`, contents, status)
VALUES(29, 29, 3, '회', '2022-03-18 17:49:44.000', '신고내용29', 1);
INSERT INTO report
(repo_no, mno, target_no, `type`, `date`, contents, status)
VALUES(30, 30, 4, '회', '2022-03-18 17:49:44.000', '신고내용30', 1);


-- 음주내역
INSERT INTO alcohol_management (drink_no,mno,`date`,amount,`type`,`level`) VALUES (1,1,NULL,'amount1','와인','low');
INSERT INTO alcohol_management (drink_no,mno,`date`,amount,`type`,`level`) VALUES (2,2,NULL,'amount2','소주','high');
INSERT INTO alcohol_management (drink_no,mno,`date`,amount,`type`,`level`) VALUES (3,3,NULL,'amount3','맥주','moderate');
INSERT INTO alcohol_management (drink_no,mno,`date`,amount,`type`,`level`) VALUES (4,4,NULL,'7bottles','사케','high');
INSERT INTO alcohol_management (drink_no,mno,`date`,amount,`type`,`level`) VALUES (5,5,NULL,'amount5','막걸리','high');
INSERT INTO alcohol_management (drink_no,mno,`date`,amount,`type`,`level`) VALUES (6,6,NULL,'amount6','소주','moderate');
INSERT INTO alcohol_management (drink_no,mno,`date`,amount,`type`,`level`) VALUES (7,7,NULL,'amount7','와인','low');
INSERT INTO alcohol_management (drink_no,mno,`date`,amount,`type`,`level`) VALUES (8,8,NULL,'amount8','소주','high');
INSERT INTO alcohol_management (drink_no,mno,`date`,amount,`type`,`level`) VALUES (9,9,NULL,'amount9','와인','low');
INSERT INTO alcohol_management (drink_no,mno,`date`,amount,`type`,`level`) VALUES (10,10,NULL,'amount10','막걸리','high');
INSERT INTO alcohol_management (drink_no,mno,`date`,amount,`type`,`level`) VALUES (11,11,NULL,'amount11','사케','moderate');
INSERT INTO alcohol_management (drink_no,mno,`date`,amount,`type`,`level`) VALUES (12,12,NULL,'amount12','와인','high');
INSERT INTO alcohol_management (drink_no,mno,`date`,amount,`type`,`level`) VALUES (13,13,NULL,'amount13','소주','low');
INSERT INTO alcohol_management (drink_no,mno,`date`,amount,`type`,`level`) VALUES (14,14,NULL,'amount14','막걸리','low');
INSERT INTO alcohol_management (drink_no,mno,`date`,amount,`type`,`level`) VALUES (15,15,NULL,'amount15','사케','high');
INSERT INTO alcohol_management (drink_no,mno,`date`,amount,`type`,`level`) VALUES (16,16,NULL,'amount16','막걸리','moderate');
INSERT INTO alcohol_management (drink_no,mno,`date`,amount,`type`,`level`) VALUES (17,17,NULL,'amount17','사케','high');
INSERT INTO alcohol_management (drink_no,mno,`date`,amount,`type`,`level`) VALUES (18,18,NULL,'amount18','와인','moderate');
INSERT INTO alcohol_management (drink_no,mno,`date`,amount,`type`,`level`) VALUES (19,19,NULL,'amount19','막걸리','high');
INSERT INTO alcohol_management (drink_no,mno,`date`,amount,`type`,`level`) VALUES (20,20,NULL,'amount20','사케','moderate');
INSERT INTO alcohol_management (drink_no,mno,`date`,amount,`type`,`level`) VALUES (21,21,NULL,'amount21','와인','high');
INSERT INTO alcohol_management (drink_no,mno,`date`,amount,`type`,`level`) VALUES (22,22,NULL,'amount22','막걸리','high');
INSERT INTO alcohol_management (drink_no,mno,`date`,amount,`type`,`level`) VALUES (23,23,NULL,'amount23','사케','low');
INSERT INTO alcohol_management (drink_no,mno,`date`,amount,`type`,`level`) VALUES (24,24,NULL,'amount24','소주','low');
INSERT INTO alcohol_management (drink_no,mno,`date`,amount,`type`,`level`) VALUES (25,25,NULL,'amount25','막걸리','moderate');
INSERT INTO alcohol_management (drink_no,mno,`date`,amount,`type`,`level`) VALUES (26,26,NULL,'amount26','와인','high');
INSERT INTO alcohol_management (drink_no,mno,`date`,amount,`type`,`level`) VALUES (27,27,NULL,'amount27','소주','high');
INSERT INTO alcohol_management (drink_no,mno,`date`,amount,`type`,`level`) VALUES (28,28,NULL,'amount28','막걸리','moderate');
INSERT INTO alcohol_management (drink_no,mno,`date`,amount,`type`,`level`) VALUES (29,29,NULL,'amount29','사케','high');
INSERT INTO alcohol_management (drink_no,mno,`date`,amount,`type`,`level`) VALUES (30,30,NULL,'amount30','막걸리','high');

-- 공지사항
INSERT INTO notice (notice_no,member_type,title,reg_date,update_date,contents,view_count) VALUES (1,'일','공지제목1','2022-03-18 17:49:44.0','2022-03-18 21:44:20.0','공지사항내용1',122);
INSERT INTO notice (notice_no,member_type,title,reg_date,update_date,contents,view_count) VALUES (2,'일','공지제목2','2022-03-18 17:49:44.0','2022-03-18 21:44:20.0','공지사항내용2',223);
INSERT INTO notice (notice_no,member_type,title,reg_date,update_date,contents,view_count) VALUES (3,'사','공지제목3','2022-03-18 17:49:44.0','2022-03-18 21:44:20.0','공지사항내용3',4342);
INSERT INTO notice (notice_no,member_type,title,reg_date,update_date,contents,view_count) VALUES (4,'일','공지제목4','2022-03-18 17:49:44.0','2022-03-18 21:44:20.0','공지사항내용4',2213);
INSERT INTO notice (notice_no,member_type,title,reg_date,update_date,contents,view_count) VALUES (5,'일','공지제목5','2022-03-18 17:49:44.0','2022-03-18 21:44:20.0','공지사항내용5',4454);
INSERT INTO notice (notice_no,member_type,title,reg_date,update_date,contents,view_count) VALUES (6,'일','공지제목6','2022-03-18 17:49:44.0','2022-03-18 21:44:20.0','공지사항내용6',4454);
INSERT INTO notice (notice_no,member_type,title,reg_date,update_date,contents,view_count) VALUES (7,'사','공지제목7','2022-03-18 17:49:44.0','2022-03-18 21:44:20.0','공지사항내용7',4454);
INSERT INTO notice (notice_no,member_type,title,reg_date,update_date,contents,view_count) VALUES (8,'일','공지제목8','2022-03-18 17:49:44.0','2022-03-18 21:44:20.0','공지사항내용8',4454);
INSERT INTO notice (notice_no,member_type,title,reg_date,update_date,contents,view_count) VALUES (9,'일','공지제목9','2022-03-18 17:49:44.0','2022-03-18 21:44:20.0','공지사항내용9',4454);
INSERT INTO notice (notice_no,member_type,title,reg_date,update_date,contents,view_count) VALUES (10,'사','공지제목10','2022-03-18 17:49:44.0','2022-03-18 21:44:20.0','공지사항내용10',4454);
INSERT INTO notice (notice_no,member_type,title,reg_date,update_date,contents,view_count) VALUES (11,'일','공지제목11','2022-03-18 17:49:44.0','2022-03-18 21:44:20.0','공지사항내용11',4454);
INSERT INTO notice (notice_no,member_type,title,reg_date,update_date,contents,view_count) VALUES (12,'일','공지제목12','2022-03-18 17:49:44.0','2022-03-18 21:44:20.0','공지사항내용12',4454);
INSERT INTO notice (notice_no,member_type,title,reg_date,update_date,contents,view_count) VALUES (13,'사','공지제목13','2022-03-18 17:49:44.0','2022-03-18 21:44:20.0','공지사항내용13',4454);
INSERT INTO notice (notice_no,member_type,title,reg_date,update_date,contents,view_count) VALUES (14,'일','공지제목14','2022-03-18 17:49:44.0','2022-03-18 21:44:20.0','공지사항내용14',4454);
INSERT INTO notice (notice_no,member_type,title,reg_date,update_date,contents,view_count) VALUES (15,'사','공지제목15','2022-03-18 17:49:44.0','2022-03-18 21:44:20.0','공지사항내용15',4454);
INSERT INTO notice (notice_no,member_type,title,reg_date,update_date,contents,view_count) VALUES (16,'일','공지제목16','2022-03-18 17:49:44.0','2022-03-18 21:44:20.0','공지사항내용16',4454);
INSERT INTO notice (notice_no,member_type,title,reg_date,update_date,contents,view_count) VALUES (17,'사','공지제목17','2022-03-18 17:49:44.0','2022-03-18 21:44:20.0','공지사항내용17',4454);
INSERT INTO notice (notice_no,member_type,title,reg_date,update_date,contents,view_count) VALUES (18,'사','공지제목18','2022-03-18 17:49:44.0','2022-03-18 21:44:20.0','공지사항내용18',4454);
INSERT INTO notice (notice_no,member_type,title,reg_date,update_date,contents,view_count) VALUES (19,'일','공지제목19','2022-03-18 17:49:44.0','2022-03-18 21:44:20.0','공지사항내용19',4454);
INSERT INTO notice (notice_no,member_type,title,reg_date,update_date,contents,view_count) VALUES (20,'사','공지제목20','2022-03-18 17:49:44.0','2022-03-18 21:44:20.0','공지사항내용20',4454);
INSERT INTO notice (notice_no,member_type,title,reg_date,update_date,contents,view_count) VALUES (21,'사','공지제목21','2022-03-18 17:49:44.0','2022-03-18 21:44:20.0','공지사항내용21',4454);
INSERT INTO notice (notice_no,member_type,title,reg_date,update_date,contents,view_count) VALUES (22,'일','공지제목22','2022-03-18 17:49:44.0','2022-03-18 21:44:20.0','공지사항내용22',4454);
INSERT INTO notice (notice_no,member_type,title,reg_date,update_date,contents,view_count) VALUES (23,'일','공지제목23','2022-03-18 17:49:44.0','2022-03-18 21:44:20.0','공지사항내용23',4454);
INSERT INTO notice (notice_no,member_type,title,reg_date,update_date,contents,view_count) VALUES (24,'사','공지제목24','2022-03-18 17:49:44.0','2022-03-18 21:44:20.0','공지사항내용24',4454);
INSERT INTO notice (notice_no,member_type,title,reg_date,update_date,contents,view_count) VALUES (25,'일','공지제목25','2022-03-18 17:49:44.0','2022-03-18 21:44:20.0','공지사항내용25',4454);
INSERT INTO notice (notice_no,member_type,title,reg_date,update_date,contents,view_count) VALUES (26,'사','공지제목26','2022-03-18 17:49:44.0','2022-03-18 21:44:20.0','공지사항내용26',4454);
INSERT INTO notice (notice_no,member_type,title,reg_date,update_date,contents,view_count) VALUES (27,'일','공지제목27','2022-03-18 17:49:44.0','2022-03-18 21:44:20.0','공지사항내용27',4454);
INSERT INTO notice (notice_no,member_type,title,reg_date,update_date,contents,view_count) VALUES (28,'사','공지제목28','2022-03-18 17:49:44.0','2022-03-18 21:44:20.0','공지사항내용28',4454);
INSERT INTO notice (notice_no,member_type,title,reg_date,update_date,contents,view_count) VALUES (29,'일','공지제목29','2022-03-18 17:49:44.0','2022-03-18 21:44:20.0','공지사항내용29',4454);
INSERT INTO notice (notice_no,member_type,title,reg_date,update_date,contents,view_count) VALUES (30,'일','공지제목30','2022-03-18 17:49:44.0','2022-03-18 21:44:20.0','공지사항내용30',4454);

-- 모임
INSERT INTO party (party_no,mno,store_no,title,contents,party_fee,meeting_date,max_member,alcohol_type,alcohol_limit,view_count,reg_date,update_date) VALUES (1,1,1,'모임제목1','모임내용1',20000,'2022-02-21 00:00:00.0',6,'소주',5,3,'2022-03-18 17:49:44.0','2022-03-18 22:06:11.0');
INSERT INTO party (party_no,mno,store_no,title,contents,party_fee,meeting_date,max_member,alcohol_type,alcohol_limit,view_count,reg_date,update_date) VALUES (2,2,2,'모임제목2','모임내용2',20000,'2022-03-22 00:00:00.0',6,'맥주',11,4,'2022-03-18 17:49:44.0','2022-03-18 22:06:11.0');
INSERT INTO party (party_no,mno,store_no,title,contents,party_fee,meeting_date,max_member,alcohol_type,alcohol_limit,view_count,reg_date,update_date) VALUES (3,3,3,'모임제목3','모임내용3',20000,'2022-03-22 00:00:00.0',6,'와인',11,68,'2022-03-18 17:49:44.0','2022-03-18 22:06:11.0');
INSERT INTO party (party_no,mno,store_no,title,contents,party_fee,meeting_date,max_member,alcohol_type,alcohol_limit,view_count,reg_date,update_date) VALUES (4,4,4,'모임제목4','모임내용4',30000,'2022-03-22 00:00:00.0',6,'막걸리',11,45,'2022-03-18 17:49:44.0','2022-03-18 22:06:11.0');
INSERT INTO party (party_no,mno,store_no,title,contents,party_fee,meeting_date,max_member,alcohol_type,alcohol_limit,view_count,reg_date,update_date) VALUES (5,5,5,'모임제목5','모임내용5',30000,'2022-03-23 00:00:00.0',6,'소주',11,34,'2022-03-18 17:49:44.0','2022-03-18 22:06:11.0');
INSERT INTO party (party_no,mno,store_no,title,contents,party_fee,meeting_date,max_member,alcohol_type,alcohol_limit,view_count,reg_date,update_date) VALUES (6,6,6,'모임제목6','모임내용6',30000,'2022-03-23 00:00:00.0',6,'소주',11,34,'2022-03-18 17:49:44.0','2022-03-18 17:49:44.0');
INSERT INTO party (party_no,mno,store_no,title,contents,party_fee,meeting_date,max_member,alcohol_type,alcohol_limit,view_count,reg_date,update_date) VALUES (7,7,7,'모임제목7','모임내용7',30000,'2022-03-23 00:00:00.0',6,'막걸리',11,34,'2022-03-18 17:49:44.0','2022-03-18 17:49:44.0');
INSERT INTO party (party_no,mno,store_no,title,contents,party_fee,meeting_date,max_member,alcohol_type,alcohol_limit,view_count,reg_date,update_date) VALUES (8,8,8,'모임제목8','모임내용8',30000,'2022-03-23 00:00:00.0',6,'소주',11,34,'2022-03-18 17:49:44.0','2022-03-18 17:49:44.0');
INSERT INTO party (party_no,mno,store_no,title,contents,party_fee,meeting_date,max_member,alcohol_type,alcohol_limit,view_count,reg_date,update_date) VALUES (9,9,9,'모임제목9','모임내용9',30000,'2022-03-23 00:00:00.0',6,'소주',11,34,'2022-03-18 17:49:44.0','2022-03-18 17:49:44.0');
INSERT INTO party (party_no,mno,store_no,title,contents,party_fee,meeting_date,max_member,alcohol_type,alcohol_limit,view_count,reg_date,update_date) VALUES (10,10,10,'모임제목10','모임내용10',30000,'2022-03-23 00:00:00.0',6,'맥주',11,34,'2022-03-18 17:49:44.0','2022-03-18 17:49:44.0');
INSERT INTO party (party_no,mno,store_no,title,contents,party_fee,meeting_date,max_member,alcohol_type,alcohol_limit,view_count,reg_date,update_date) VALUES (11,11,11,'모임제목11','모임내용11',30000,'2022-03-23 00:00:00.0',6,'소주',11,34,'2022-03-18 17:49:44.0','2022-03-18 17:49:44.0');
INSERT INTO party (party_no,mno,store_no,title,contents,party_fee,meeting_date,max_member,alcohol_type,alcohol_limit,view_count,reg_date,update_date) VALUES (12,12,12,'모임제목12','모임내용12',30000,'2022-03-23 00:00:00.0',6,'소주',11,34,'2022-03-18 17:49:44.0','2022-03-18 17:49:44.0');
INSERT INTO party (party_no,mno,store_no,title,contents,party_fee,meeting_date,max_member,alcohol_type,alcohol_limit,view_count,reg_date,update_date) VALUES (13,13,13,'모임제목13','모임내용13',30000,'2022-03-23 00:00:00.0',6,'막걸리',11,34,'2022-03-18 17:49:44.0','2022-03-18 17:49:44.0');
INSERT INTO party (party_no,mno,store_no,title,contents,party_fee,meeting_date,max_member,alcohol_type,alcohol_limit,view_count,reg_date,update_date) VALUES (14,14,14,'모임제목14','모임내용14',30000,'2022-03-23 00:00:00.0',6,'소주',11,34,'2022-03-18 17:49:44.0','2022-03-18 17:49:44.0');
INSERT INTO party (party_no,mno,store_no,title,contents,party_fee,meeting_date,max_member,alcohol_type,alcohol_limit,view_count,reg_date,update_date) VALUES (15,15,15,'모임제목15','모임내용15',30000,'2022-03-23 00:00:00.0',6,'맥주',11,34,'2022-03-18 17:49:44.0','2022-03-18 17:49:44.0');
INSERT INTO party (party_no,mno,store_no,title,contents,party_fee,meeting_date,max_member,alcohol_type,alcohol_limit,view_count,reg_date,update_date) VALUES (16,16,16,'모임제목16','모임내용16',30000,'2022-03-23 00:00:00.0',6,'막걸리',11,34,'2022-03-18 17:49:44.0','2022-03-18 17:49:44.0');
INSERT INTO party (party_no,mno,store_no,title,contents,party_fee,meeting_date,max_member,alcohol_type,alcohol_limit,view_count,reg_date,update_date) VALUES (17,17,17,'모임제목17','모임내용17',30000,'2022-03-23 00:00:00.0',6,'소주',11,34,'2022-03-18 17:49:44.0','2022-03-18 17:49:44.0');
INSERT INTO party (party_no,mno,store_no,title,contents,party_fee,meeting_date,max_member,alcohol_type,alcohol_limit,view_count,reg_date,update_date) VALUES (18,18,18,'모임제목18','모임내용18',30000,'2022-03-23 00:00:00.0',6,'막걸리',11,34,'2022-03-18 17:49:44.0','2022-03-18 17:49:44.0');
INSERT INTO party (party_no,mno,store_no,title,contents,party_fee,meeting_date,max_member,alcohol_type,alcohol_limit,view_count,reg_date,update_date) VALUES (19,19,19,'모임제목19','모임내용19',30000,'2022-03-23 00:00:00.0',6,'맥주',11,34,'2022-03-18 17:49:44.0','2022-03-18 17:49:44.0');
INSERT INTO party (party_no,mno,store_no,title,contents,party_fee,meeting_date,max_member,alcohol_type,alcohol_limit,view_count,reg_date,update_date) VALUES (20,20,20,'모임제목20','모임내용20',30000,'2022-03-23 00:00:00.0',6,'소주',11,34,'2022-03-18 17:49:44.0','2022-03-18 17:49:44.0');
INSERT INTO party (party_no,mno,store_no,title,contents,party_fee,meeting_date,max_member,alcohol_type,alcohol_limit,view_count,reg_date,update_date) VALUES (21,21,21,'모임제목21','모임내용21',30000,'2022-03-23 00:00:00.0',6,'막걸리',11,34,'2022-03-18 17:49:44.0','2022-03-18 17:49:44.0');
INSERT INTO party (party_no,mno,store_no,title,contents,party_fee,meeting_date,max_member,alcohol_type,alcohol_limit,view_count,reg_date,update_date) VALUES (22,22,22,'모임제목22','모임내용22',30000,'2022-03-23 00:00:00.0',6,'맥주',11,34,'2022-03-18 17:49:44.0','2022-03-18 17:49:44.0');
INSERT INTO party (party_no,mno,store_no,title,contents,party_fee,meeting_date,max_member,alcohol_type,alcohol_limit,view_count,reg_date,update_date) VALUES (23,23,23,'모임제목23','모임내용23',30000,'2022-03-23 00:00:00.0',6,'소주',11,34,'2022-03-18 17:49:44.0','2022-03-18 17:49:44.0');
INSERT INTO party (party_no,mno,store_no,title,contents,party_fee,meeting_date,max_member,alcohol_type,alcohol_limit,view_count,reg_date,update_date) VALUES (24,24,24,'모임제목24','모임내용24',30000,'2022-03-23 00:00:00.0',6,'막걸리',11,34,'2022-03-18 17:49:44.0','2022-03-18 17:49:44.0');
INSERT INTO party (party_no,mno,store_no,title,contents,party_fee,meeting_date,max_member,alcohol_type,alcohol_limit,view_count,reg_date,update_date) VALUES (25,25,25,'모임제목25','모임내용25',30000,'2022-03-23 00:00:00.0',6,'맥주',11,34,'2022-03-18 17:49:44.0','2022-03-18 17:49:44.0');
INSERT INTO party (party_no,mno,store_no,title,contents,party_fee,meeting_date,max_member,alcohol_type,alcohol_limit,view_count,reg_date,update_date) VALUES (26,26,26,'모임제목26','모임내용26',30000,'2022-03-23 00:00:00.0',6,'소주',11,34,'2022-03-18 17:49:44.0','2022-03-18 17:49:44.0');
INSERT INTO party (party_no,mno,store_no,title,contents,party_fee,meeting_date,max_member,alcohol_type,alcohol_limit,view_count,reg_date,update_date) VALUES (27,27,27,'모임제목27','모임내용27',30000,'2022-03-23 00:00:00.0',6,'맥주',11,34,'2022-03-18 17:49:44.0','2022-03-18 17:49:44.0');
INSERT INTO party (party_no,mno,store_no,title,contents,party_fee,meeting_date,max_member,alcohol_type,alcohol_limit,view_count,reg_date,update_date) VALUES (28,28,28,'모임제목28','모임내용28',30000,'2022-03-23 00:00:00.0',6,'소주',11,34,'2022-03-18 17:49:44.0','2022-03-18 17:49:44.0');
INSERT INTO party (party_no,mno,store_no,title,contents,party_fee,meeting_date,max_member,alcohol_type,alcohol_limit,view_count,reg_date,update_date) VALUES (29,29,29,'모임제목29','모임내용29',30000,'2022-03-23 00:00:00.0',6,'막걸리',11,34,'2022-03-18 17:49:44.0','2022-03-18 17:49:44.0');
INSERT INTO party (party_no,mno,store_no,title,contents,party_fee,meeting_date,max_member,alcohol_type,alcohol_limit,view_count,reg_date,update_date) VALUES (30,30,30,'모임제목30','모임내용30',30000,'2022-03-23 00:00:00.0',6,'소주',11,34,'2022-03-18 17:49:44.0','2022-03-18 17:49:44.0');

-- 모임댓글
INSERT INTO party_comment (party_comment_no,mno,party_no,party_comment_contents,comment_date,update_date) VALUES (1,1,1,'모임댓글내용1','2022-03-18 22:22:50.0','0000-00-00 00:00:00');
INSERT INTO party_comment (party_comment_no,mno,party_no,party_comment_contents,comment_date,update_date) VALUES (2,3,2,'모임댓글내용2','2022-03-18 22:22:50.0','0000-00-00 00:00:00');
INSERT INTO party_comment (party_comment_no,mno,party_no,party_comment_contents,comment_date,update_date) VALUES (3,3,3,'모임댓글내용3','2022-03-18 22:22:50.0','0000-00-00 00:00:00');
INSERT INTO party_comment (party_comment_no,mno,party_no,party_comment_contents,comment_date,update_date) VALUES (4,4,4,'모임댓글내용4','2022-03-18 22:22:50.0','0000-00-00 00:00:00');
INSERT INTO party_comment (party_comment_no,mno,party_no,party_comment_contents,comment_date,update_date) VALUES (5,5,5,'모임댓글내용5','2022-03-18 22:22:50.0','0000-00-00 00:00:00');
INSERT INTO party_comment (party_comment_no,mno,party_no,party_comment_contents,comment_date,update_date) VALUES (6,6,6,'모임댓글내용6','2022-03-18 17:49:44.0','0000-00-00 00:00:00');
INSERT INTO party_comment (party_comment_no,mno,party_no,party_comment_contents,comment_date,update_date) VALUES (7,7,7,'모임댓글내용7','2022-03-18 17:49:44.0','0000-00-00 00:00:00');
INSERT INTO party_comment (party_comment_no,mno,party_no,party_comment_contents,comment_date,update_date) VALUES (8,8,8,'모임댓글내용8','2022-03-18 17:49:44.0','0000-00-00 00:00:00');
INSERT INTO party_comment (party_comment_no,mno,party_no,party_comment_contents,comment_date,update_date) VALUES (9,9,9,'모임댓글내용9','2022-03-18 17:49:44.0','0000-00-00 00:00:00');
INSERT INTO party_comment (party_comment_no,mno,party_no,party_comment_contents,comment_date,update_date) VALUES (10,10,10,'모임댓글내용10','2022-03-18 17:49:44.0','0000-00-00 00:00:00');
INSERT INTO party_comment (party_comment_no,mno,party_no,party_comment_contents,comment_date,update_date) VALUES (11,11,11,'모임댓글내용11','2022-03-18 17:49:44.0','0000-00-00 00:00:00');
INSERT INTO party_comment (party_comment_no,mno,party_no,party_comment_contents,comment_date,update_date) VALUES (12,12,12,'모임댓글내용12','2022-03-18 17:49:44.0','0000-00-00 00:00:00');
INSERT INTO party_comment (party_comment_no,mno,party_no,party_comment_contents,comment_date,update_date) VALUES (13,13,13,'모임댓글내용13','2022-03-18 17:49:44.0','0000-00-00 00:00:00');
INSERT INTO party_comment (party_comment_no,mno,party_no,party_comment_contents,comment_date,update_date) VALUES (14,14,14,'모임댓글내용14','2022-03-18 17:49:44.0','0000-00-00 00:00:00');
INSERT INTO party_comment (party_comment_no,mno,party_no,party_comment_contents,comment_date,update_date) VALUES (15,15,15,'모임댓글내용15','2022-03-18 17:49:44.0','0000-00-00 00:00:00');
INSERT INTO party_comment (party_comment_no,mno,party_no,party_comment_contents,comment_date,update_date) VALUES (16,16,16,'모임댓글내용16','2022-03-18 17:49:44.0','0000-00-00 00:00:00');
INSERT INTO party_comment (party_comment_no,mno,party_no,party_comment_contents,comment_date,update_date) VALUES (17,17,17,'모임댓글내용17','2022-03-18 17:49:44.0','0000-00-00 00:00:00');
INSERT INTO party_comment (party_comment_no,mno,party_no,party_comment_contents,comment_date,update_date) VALUES (18,18,18,'모임댓글내용18','2022-03-18 17:49:44.0','0000-00-00 00:00:00');
INSERT INTO party_comment (party_comment_no,mno,party_no,party_comment_contents,comment_date,update_date) VALUES (19,19,19,'모임댓글내용19','2022-03-18 17:49:44.0','0000-00-00 00:00:00');
INSERT INTO party_comment (party_comment_no,mno,party_no,party_comment_contents,comment_date,update_date) VALUES (20,20,20,'모임댓글내용20','2022-03-18 17:49:44.0','0000-00-00 00:00:00');
INSERT INTO party_comment (party_comment_no,mno,party_no,party_comment_contents,comment_date,update_date) VALUES (21,21,21,'모임댓글내용21','2022-03-18 17:49:44.0','0000-00-00 00:00:00');
INSERT INTO party_comment (party_comment_no,mno,party_no,party_comment_contents,comment_date,update_date) VALUES (22,22,22,'모임댓글내용22','2022-03-18 17:49:44.0','0000-00-00 00:00:00');
INSERT INTO party_comment (party_comment_no,mno,party_no,party_comment_contents,comment_date,update_date) VALUES (23,23,23,'모임댓글내용23','2022-03-18 17:49:44.0','0000-00-00 00:00:00');
INSERT INTO party_comment (party_comment_no,mno,party_no,party_comment_contents,comment_date,update_date) VALUES (24,24,24,'모임댓글내용24','2022-03-18 17:49:44.0','0000-00-00 00:00:00');
INSERT INTO party_comment (party_comment_no,mno,party_no,party_comment_contents,comment_date,update_date) VALUES (25,25,25,'모임댓글내용25','2022-03-18 17:49:44.0','0000-00-00 00:00:00');
INSERT INTO party_comment (party_comment_no,mno,party_no,party_comment_contents,comment_date,update_date) VALUES (26,26,26,'모임댓글내용26','2022-03-18 17:49:44.0','0000-00-00 00:00:00');
INSERT INTO party_comment (party_comment_no,mno,party_no,party_comment_contents,comment_date,update_date) VALUES (27,27,27,'모임댓글내용27','2022-03-18 17:49:44.0','0000-00-00 00:00:00');
INSERT INTO party_comment (party_comment_no,mno,party_no,party_comment_contents,comment_date,update_date) VALUES (28,28,28,'모임댓글내용28','2022-03-18 17:49:44.0','0000-00-00 00:00:00');
INSERT INTO party_comment (party_comment_no,mno,party_no,party_comment_contents,comment_date,update_date) VALUES (29,29,29,'모임댓글내용29','2022-03-18 17:49:44.0','0000-00-00 00:00:00');
INSERT INTO party_comment (party_comment_no,mno,party_no,party_comment_contents,comment_date,update_date) VALUES (30,30,30,'모임댓글내용30','2022-03-18 17:49:44.0','0000-00-00 00:00:00');


-- 예약하기
INSERT INTO reservation (reservation_no,store_no,`date`,people,name,tel,request,pay_no,pay_company,pay_price,pay_date,status) VALUES (1,1,'1991-05-21 21:00:00.0',4,'예약자이름1','010-1111-2222','예약요청사항1',1293018201,'국민카드',20000,'2022-03-18 20:07:07.0','완');
INSERT INTO reservation (reservation_no,store_no,`date`,people,name,tel,request,pay_no,pay_company,pay_price,pay_date,status) VALUES (2,2,'1991-05-21 21:00:00.0',5,'예약자이름2','010-3333-4444','예약요청사항2',39657241,'신한카드',30000,'2022-03-18 20:08:07.0','완');
INSERT INTO reservation (reservation_no,store_no,`date`,people,name,tel,request,pay_no,pay_company,pay_price,pay_date,status) VALUES (3,3,'1991-05-21 21:00:00.0',6,'예약자이름3','010-1084-1028','예약요청사항3',693729219,'신한카드',20000,'2022-03-18 20:08:07.0','완');
INSERT INTO reservation (reservation_no,store_no,`date`,people,name,tel,request,pay_no,pay_company,pay_price,pay_date,status) VALUES (4,4,'1991-05-21 21:00:00.0',3,'예약자이름4','010-8907-3542','예약요청사항4',239804347,'국민카드',15000,'2022-03-18 20:08:07.0','완');
INSERT INTO reservation (reservation_no,store_no,`date`,people,name,tel,request,pay_no,pay_company,pay_price,pay_date,status) VALUES (5,5,'1991-05-21 21:00:00.0',4,'예약자이름5','010-3948-2243','예약요청사항5',129303491,'신한카드',5000,'2022-03-18 20:08:08.0','완');
INSERT INTO reservation (reservation_no,store_no,`date`,people,name,tel,request,pay_no,pay_company,pay_price,pay_date,status) VALUES (6,6,'1991-05-21 21:00:00.0',5,'예약자이름6','010-3948-2243','예약요청사항6',39657241,'국민카드',5000,'2022-03-18 20:08:08.0','완');
INSERT INTO reservation (reservation_no,store_no,`date`,people,name,tel,request,pay_no,pay_company,pay_price,pay_date,status) VALUES (7,7,'1991-05-21 21:00:00.0',5,'예약자이름7','010-3948-2243','예약요청사항7',129303491,'신한카드',5000,'2022-03-18 20:08:08.0','완');
INSERT INTO reservation (reservation_no,store_no,`date`,people,name,tel,request,pay_no,pay_company,pay_price,pay_date,status) VALUES (8,8,'1991-05-21 21:00:00.0',7,'예약자이름8','010-3948-2243','예약요청사항8',129303491,'국민카드',5000,'2022-03-18 20:08:08.0','완');
INSERT INTO reservation (reservation_no,store_no,`date`,people,name,tel,request,pay_no,pay_company,pay_price,pay_date,status) VALUES (9,9,'1991-05-21 21:00:00.0',6,'예약자이름9','010-3948-2243','예약요청사항9',39657241,'국민카드',5000,'2022-03-18 20:08:08.0','완');
INSERT INTO reservation (reservation_no,store_no,`date`,people,name,tel,request,pay_no,pay_company,pay_price,pay_date,status) VALUES (10,10,'1991-05-21 21:00:00.0',6,'예약자이름10','010-3948-2243','예약요청사항10',129303491,'신한카드',5000,'2022-03-18 20:08:08.0','완');
INSERT INTO reservation (reservation_no,store_no,`date`,people,name,tel,request,pay_no,pay_company,pay_price,pay_date,status) VALUES (11,11,'1991-05-21 21:00:00.0',1,'예약자이름11','010-3948-2243','예약요청사항11',693729219,'신한카드',5000,'2022-03-18 20:08:08.0','완');
INSERT INTO reservation (reservation_no,store_no,`date`,people,name,tel,request,pay_no,pay_company,pay_price,pay_date,status) VALUES (12,12,'1991-05-21 21:00:00.0',1,'예약자이름12','010-3948-2243','예약요청사항12',693729219,'국민카드',5000,'2022-03-18 20:08:08.0','완');
INSERT INTO reservation (reservation_no,store_no,`date`,people,name,tel,request,pay_no,pay_company,pay_price,pay_date,status) VALUES (13,13,'1991-05-21 21:00:00.0',8,'예약자이름13','010-3948-2243','예약요청사항13',129303491,'신한카드',5000,'2022-03-18 20:08:08.0','완');
INSERT INTO reservation (reservation_no,store_no,`date`,people,name,tel,request,pay_no,pay_company,pay_price,pay_date,status) VALUES (14,14,'1991-05-21 21:00:00.0',1,'예약자이름14','010-3948-2243','예약요청사항14',39657241,'신한카드',5000,'2022-03-18 20:08:08.0','완');
INSERT INTO reservation (reservation_no,store_no,`date`,people,name,tel,request,pay_no,pay_company,pay_price,pay_date,status) VALUES (15,15,'1991-05-21 21:00:00.0',6,'예약자이름15','010-3948-2243','예약요청사항15',129303491,'신한카드',5000,'2022-03-18 20:08:08.0','완');
INSERT INTO reservation (reservation_no,store_no,`date`,people,name,tel,request,pay_no,pay_company,pay_price,pay_date,status) VALUES (16,16,'1991-05-21 21:00:00.0',8,'예약자이름16','010-3948-2243','예약요청사항16',39657241,'신한카드',5000,'2022-03-18 20:08:08.0','완');
INSERT INTO reservation (reservation_no,store_no,`date`,people,name,tel,request,pay_no,pay_company,pay_price,pay_date,status) VALUES (17,17,'1991-05-21 21:00:00.0',9,'예약자이름17','010-3948-2243','예약요청사항17',129303491,'국민카드',5000,'2022-03-18 20:08:08.0','완');
INSERT INTO reservation (reservation_no,store_no,`date`,people,name,tel,request,pay_no,pay_company,pay_price,pay_date,status) VALUES (18,18,'1991-05-21 21:00:00.0',5,'예약자이름18','010-3948-2243','예약요청사항18',693729219,'신한카드',5000,'2022-03-18 20:08:08.0','완');
INSERT INTO reservation (reservation_no,store_no,`date`,people,name,tel,request,pay_no,pay_company,pay_price,pay_date,status) VALUES (19,19,'1991-05-21 21:00:00.0',6,'예약자이름19','010-3948-2243','예약요청사항19',129303491,'신한카드',5000,'2022-03-18 20:08:08.0','완');
INSERT INTO reservation (reservation_no,store_no,`date`,people,name,tel,request,pay_no,pay_company,pay_price,pay_date,status) VALUES (20,20,'1991-05-21 21:00:00.0',6,'예약자이름20','010-3948-2243','예약요청사항20',39657241,'국민카드',5000,'2022-03-18 20:08:08.0','완');
INSERT INTO reservation (reservation_no,store_no,`date`,people,name,tel,request,pay_no,pay_company,pay_price,pay_date,status) VALUES (21,21,'1991-05-21 21:00:00.0',1,'예약자이름21','010-3948-2243','예약요청사항21',129303491,'신한카드',5000,'2022-03-18 20:08:08.0','완');
INSERT INTO reservation (reservation_no,store_no,`date`,people,name,tel,request,pay_no,pay_company,pay_price,pay_date,status) VALUES (22,22,'1991-05-21 21:00:00.0',6,'예약자이름22','010-3948-2243','예약요청사항22',693729219,'신한카드',5000,'2022-03-18 20:08:08.0','완');
INSERT INTO reservation (reservation_no,store_no,`date`,people,name,tel,request,pay_no,pay_company,pay_price,pay_date,status) VALUES (23,23,'1991-05-21 21:00:00.0',1,'예약자이름23','010-3948-2243','예약요청사항23',129303491,'신한카드',5000,'2022-03-18 20:08:08.0','완');
INSERT INTO reservation (reservation_no,store_no,`date`,people,name,tel,request,pay_no,pay_company,pay_price,pay_date,status) VALUES (24,24,'1991-05-21 21:00:00.0',1,'예약자이름24','010-3948-2243','예약요청사항24',39657241,'국민카드',5000,'2022-03-18 20:08:08.0','완');
INSERT INTO reservation (reservation_no,store_no,`date`,people,name,tel,request,pay_no,pay_company,pay_price,pay_date,status) VALUES (25,25,'1991-05-21 21:00:00.0',4,'예약자이름25','010-3948-2243','예약요청사항25',129303491,'신한카드',5000,'2022-03-18 20:08:08.0','완');
INSERT INTO reservation (reservation_no,store_no,`date`,people,name,tel,request,pay_no,pay_company,pay_price,pay_date,status) VALUES (26,26,'1991-05-21 21:00:00.0',5,'예약자이름26','010-3948-2243','예약요청사항26',693729219,'신한카드',5000,'2022-03-18 20:08:08.0','완');
INSERT INTO reservation (reservation_no,store_no,`date`,people,name,tel,request,pay_no,pay_company,pay_price,pay_date,status) VALUES (27,27,'1991-05-21 21:00:00.0',1,'예약자이름27','010-3948-2243','예약요청사항27',129303491,'신한카드',5000,'2022-03-18 20:08:08.0','완');
INSERT INTO reservation (reservation_no,store_no,`date`,people,name,tel,request,pay_no,pay_company,pay_price,pay_date,status) VALUES (28,28,'1991-05-21 21:00:00.0',1,'예약자이름28','010-3948-2243','예약요청사항28',693729219,'국민카드',5000,'2022-03-18 20:08:08.0','완');
INSERT INTO reservation (reservation_no,store_no,`date`,people,name,tel,request,pay_no,pay_company,pay_price,pay_date,status) VALUES (29,29,'1991-05-21 21:00:00.0',3,'예약자이름29','010-3948-2243','예약요청사항29',129303491,'신한카드',5000,'2022-03-18 20:08:08.0','완');
INSERT INTO reservation (reservation_no,store_no,`date`,people,name,tel,request,pay_no,pay_company,pay_price,pay_date,status) VALUES (30,30,'1991-05-21 21:00:00.0',1,'예약자이름30','010-3948-2243','예약요청사항30',693729219,'신한카드',5000,'2022-03-18 20:08:08.0','완');

-- 리뷰
INSERT INTO review (reservation_no,store_no,contents,reg_date,score,comment_contents,comment_reg_date) VALUES (1,1,'주점리뷰내용1','2022-03-18 20:08:49.0',0.5,'주점리뷰사장님답변1','2022-03-14 00:00:00.0');
INSERT INTO review (reservation_no,store_no,contents,reg_date,score,comment_contents,comment_reg_date) VALUES (2,2,'주점리뷰내용2','2022-03-18 20:08:49.0',2.0,'주점리뷰사장님답변2',NULL);
INSERT INTO review (reservation_no,store_no,contents,reg_date,score,comment_contents,comment_reg_date) VALUES (3,3,'주점리뷰내용3','2022-03-18 20:08:49.0',4.0,'주점리뷰사장님답변3',NULL);
INSERT INTO review (reservation_no,store_no,contents,reg_date,score,comment_contents,comment_reg_date) VALUES (4,4,'주점리뷰내용4','2022-03-18 20:08:49.0',5.0,'주점리뷰사장님답변4','2022-03-16 00:00:00.0');
INSERT INTO review (reservation_no,store_no,contents,reg_date,score,comment_contents,comment_reg_date) VALUES (5,5,'주점리뷰내용5','2022-03-18 20:08:50.0',4.5,'주점리뷰사장님답변5','2022-03-15 00:00:00.0');
INSERT INTO review (reservation_no,store_no,contents,reg_date,score,comment_contents,comment_reg_date) VALUES (6,6,'주점리뷰내용6','2022-03-18 20:08:50.0',4.5,'주점리뷰사장님답변6','2022-03-15 00:00:00.0');
INSERT INTO review (reservation_no,store_no,contents,reg_date,score,comment_contents,comment_reg_date) VALUES (7,7,'주점리뷰내용7','2022-03-18 20:08:50.0',4.5,'주점리뷰사장님답변7','2022-03-15 00:00:00.0');
INSERT INTO review (reservation_no,store_no,contents,reg_date,score,comment_contents,comment_reg_date) VALUES (8,8,'주점리뷰내용8','2022-03-18 20:08:50.0',4.5,'주점리뷰사장님답변8','2022-03-15 00:00:00.0');
INSERT INTO review (reservation_no,store_no,contents,reg_date,score,comment_contents,comment_reg_date) VALUES (9,9,'주점리뷰내용9','2022-03-18 20:08:50.0',4.5,'주점리뷰사장님답변9','2022-03-15 00:00:00.0');
INSERT INTO review (reservation_no,store_no,contents,reg_date,score,comment_contents,comment_reg_date) VALUES (10,10,'주점리뷰내용10','2022-03-18 20:08:50.0',4.5,'주점리뷰사장님답변10','2022-03-15 00:00:00.0');
INSERT INTO review (reservation_no,store_no,contents,reg_date,score,comment_contents,comment_reg_date) VALUES (11,11,'주점리뷰내용11','2022-03-18 20:08:50.0',4.5,'주점리뷰사장님답변11','2022-03-15 00:00:00.0');
INSERT INTO review (reservation_no,store_no,contents,reg_date,score,comment_contents,comment_reg_date) VALUES (12,12,'주점리뷰내용12','2022-03-18 20:08:50.0',4.5,'주점리뷰사장님답변12','2022-03-15 00:00:00.0');
INSERT INTO review (reservation_no,store_no,contents,reg_date,score,comment_contents,comment_reg_date) VALUES (13,13,'주점리뷰내용13','2022-03-18 20:08:50.0',4.5,'주점리뷰사장님답변13','2022-03-15 00:00:00.0');
INSERT INTO review (reservation_no,store_no,contents,reg_date,score,comment_contents,comment_reg_date) VALUES (14,14,'주점리뷰내용14','2022-03-18 20:08:50.0',4.5,'주점리뷰사장님답변14','2022-03-15 00:00:00.0');
INSERT INTO review (reservation_no,store_no,contents,reg_date,score,comment_contents,comment_reg_date) VALUES (15,15,'주점리뷰내용15','2022-03-18 20:08:50.0',4.5,'주점리뷰사장님답변15','2022-03-15 00:00:00.0');
INSERT INTO review (reservation_no,store_no,contents,reg_date,score,comment_contents,comment_reg_date) VALUES (16,16,'주점리뷰내용16','2022-03-18 20:08:50.0',4.5,'주점리뷰사장님답변16','2022-03-15 00:00:00.0');
INSERT INTO review (reservation_no,store_no,contents,reg_date,score,comment_contents,comment_reg_date) VALUES (17,17,'주점리뷰내용17','2022-03-18 20:08:50.0',4.5,'주점리뷰사장님답변17','2022-03-15 00:00:00.0');
INSERT INTO review (reservation_no,store_no,contents,reg_date,score,comment_contents,comment_reg_date) VALUES (18,18,'주점리뷰내용18','2022-03-18 20:08:50.0',4.5,'주점리뷰사장님답변18','2022-03-15 00:00:00.0');
INSERT INTO review (reservation_no,store_no,contents,reg_date,score,comment_contents,comment_reg_date) VALUES (19,19,'주점리뷰내용19','2022-03-18 20:08:50.0',4.5,'주점리뷰사장님답변19','2022-03-15 00:00:00.0');
INSERT INTO review (reservation_no,store_no,contents,reg_date,score,comment_contents,comment_reg_date) VALUES (20,20,'주점리뷰내용20','2022-03-18 20:08:50.0',4.5,'주점리뷰사장님답변20','2022-03-15 00:00:00.0');
INSERT INTO review (reservation_no,store_no,contents,reg_date,score,comment_contents,comment_reg_date) VALUES (21,21,'주점리뷰내용21','2022-03-18 20:08:50.0',4.5,'주점리뷰사장님답변21','2022-03-15 00:00:00.0');
INSERT INTO review (reservation_no,store_no,contents,reg_date,score,comment_contents,comment_reg_date) VALUES (22,22,'주점리뷰내용22','2022-03-18 20:08:50.0',4.5,'주점리뷰사장님답변22','2022-03-15 00:00:00.0');
INSERT INTO review (reservation_no,store_no,contents,reg_date,score,comment_contents,comment_reg_date) VALUES (23,23,'주점리뷰내용23','2022-03-18 20:08:50.0',4.5,'주점리뷰사장님답변23','2022-03-15 00:00:00.0');
INSERT INTO review (reservation_no,store_no,contents,reg_date,score,comment_contents,comment_reg_date) VALUES (24,24,'주점리뷰내용24','2022-03-18 20:08:50.0',4.5,'주점리뷰사장님답변24','2022-03-15 00:00:00.0');
INSERT INTO review (reservation_no,store_no,contents,reg_date,score,comment_contents,comment_reg_date) VALUES (25,25,'주점리뷰내용25','2022-03-18 20:08:50.0',4.5,'주점리뷰사장님답변25','2022-03-15 00:00:00.0');
INSERT INTO review (reservation_no,store_no,contents,reg_date,score,comment_contents,comment_reg_date) VALUES (26,26,'주점리뷰내용26','2022-03-18 20:08:50.0',4.5,'주점리뷰사장님답변26','2022-03-15 00:00:00.0');
INSERT INTO review (reservation_no,store_no,contents,reg_date,score,comment_contents,comment_reg_date) VALUES (27,27,'주점리뷰내용27','2022-03-18 20:08:50.0',4.5,'주점리뷰사장님답변27','2022-03-15 00:00:00.0');
INSERT INTO review (reservation_no,store_no,contents,reg_date,score,comment_contents,comment_reg_date) VALUES (28,28,'주점리뷰내용28','2022-03-18 20:08:50.0',4.5,'주점리뷰사장님답변28','2022-03-15 00:00:00.0');
INSERT INTO review (reservation_no,store_no,contents,reg_date,score,comment_contents,comment_reg_date) VALUES (29,29,'주점리뷰내용29','2022-03-18 20:08:50.0',4.5,'주점리뷰사장님답변29','2022-03-15 00:00:00.0');
INSERT INTO review (reservation_no,store_no,contents,reg_date,score,comment_contents,comment_reg_date) VALUES (30,30,'주점리뷰내용30','2022-03-18 20:08:50.0',4.5,'주점리뷰사장님답변30','2022-03-15 00:00:00.0');

-- 리뷰사진
INSERT INTO review_img (review_img_no,reservation_no,img) VALUES (1,1,'주점리뷰사진1');
INSERT INTO review_img (review_img_no,reservation_no,img) VALUES (2,2,'주점리뷰사진2');
INSERT INTO review_img (review_img_no,reservation_no,img) VALUES (3,3,'주점리뷰사진3');
INSERT INTO review_img (review_img_no,reservation_no,img) VALUES (4,4,'주점리뷰사진4');
INSERT INTO review_img (review_img_no,reservation_no,img) VALUES (5,5,'주점리뷰사진5');
INSERT INTO review_img (review_img_no,reservation_no,img) VALUES (6,6,'주점리뷰사진6');
INSERT INTO review_img (review_img_no,reservation_no,img) VALUES (7,7,'주점리뷰사진7');
INSERT INTO review_img (review_img_no,reservation_no,img) VALUES (8,8,'주점리뷰사진8');
INSERT INTO review_img (review_img_no,reservation_no,img) VALUES (9,9,'주점리뷰사진9');
INSERT INTO review_img (review_img_no,reservation_no,img) VALUES (10,10,'주점리뷰사진10');
INSERT INTO review_img (review_img_no,reservation_no,img) VALUES (11,11,'주점리뷰사진11');
INSERT INTO review_img (review_img_no,reservation_no,img) VALUES (12,12,'주점리뷰사진12');
INSERT INTO review_img (review_img_no,reservation_no,img) VALUES (13,13,'주점리뷰사진13');
INSERT INTO review_img (review_img_no,reservation_no,img) VALUES (14,14,'주점리뷰사진14');
INSERT INTO review_img (review_img_no,reservation_no,img) VALUES (15,15,'주점리뷰사진15');
INSERT INTO review_img (review_img_no,reservation_no,img) VALUES (16,16,'주점리뷰사진16');
INSERT INTO review_img (review_img_no,reservation_no,img) VALUES (17,17,'주점리뷰사진17');
INSERT INTO review_img (review_img_no,reservation_no,img) VALUES (18,18,'주점리뷰사진18');
INSERT INTO review_img (review_img_no,reservation_no,img) VALUES (19,19,'주점리뷰사진19');
INSERT INTO review_img (review_img_no,reservation_no,img) VALUES (20,20,'주점리뷰사진20');
INSERT INTO review_img (review_img_no,reservation_no,img) VALUES (21,21,'주점리뷰사진21');
INSERT INTO review_img (review_img_no,reservation_no,img) VALUES (22,22,'주점리뷰사진22');
INSERT INTO review_img (review_img_no,reservation_no,img) VALUES (23,23,'주점리뷰사진23');
INSERT INTO review_img (review_img_no,reservation_no,img) VALUES (24,24,'주점리뷰사진24');
INSERT INTO review_img (review_img_no,reservation_no,img) VALUES (25,25,'주점리뷰사진25');
INSERT INTO review_img (review_img_no,reservation_no,img) VALUES (26,26,'주점리뷰사진26');
INSERT INTO review_img (review_img_no,reservation_no,img) VALUES (27,27,'주점리뷰사진27');
INSERT INTO review_img (review_img_no,reservation_no,img) VALUES (28,28,'주점리뷰사진28');
INSERT INTO review_img (review_img_no,reservation_no,img) VALUES (29,29,'주점리뷰사진29');
INSERT INTO review_img (review_img_no,reservation_no,img) VALUES (30,30,'주점리뷰사진30');

-- 메뉴
INSERT INTO sojudb.store_menu
(store_menu_no, store_no, name, price, main_accept)
VALUES(1, 10, '에그인헬', 15000, 1);
INSERT INTO sojudb.store_menu
(store_menu_no, store_no, name, price, main_accept)
VALUES(2, 10, '텍스멕스오믈렛', 16000, 1);
INSERT INTO sojudb.store_menu
(store_menu_no, store_no, name, price, main_accept)
VALUES(3, 10, '프렌치토스트', 15000, 1);
INSERT INTO sojudb.store_menu
(store_menu_no, store_no, name, price, main_accept)
VALUES(4, 10, '팬케익', 15000, 1);
INSERT INTO sojudb.store_menu
(store_menu_no, store_no, name, price, main_accept)
VALUES(5, 10, '까르보나라', 15000, 1);
INSERT INTO sojudb.store_menu
(store_menu_no, store_no, name, price, main_accept)
VALUES(6, 30, '파전', 13000, 0);
INSERT INTO sojudb.store_menu
(store_menu_no, store_no, name, price, main_accept)
VALUES(7, 30, '김치전', 13000, 0);
INSERT INTO sojudb.store_menu
(store_menu_no, store_no, name, price, main_accept)
VALUES(8, 30, '부추전', 13000, 0);
INSERT INTO sojudb.store_menu
(store_menu_no, store_no, name, price, main_accept)
VALUES(9, 30, '감자전', 13000, 0);
INSERT INTO sojudb.store_menu
(store_menu_no, store_no, name, price, main_accept)
VALUES(10, 30, '모둠전', 15000, 0);

-- 메뉴사진
INSERT INTO menu_img (menu_img_no,store_menu_no,img) VALUES (1,1,'메뉴사진1');
INSERT INTO menu_img (menu_img_no,store_menu_no,img) VALUES (2,2,'메뉴사진2');
INSERT INTO menu_img (menu_img_no,store_menu_no,img) VALUES (3,3,'메뉴사진3');
INSERT INTO menu_img (menu_img_no,store_menu_no,img) VALUES (4,4,'메뉴사진4');
INSERT INTO menu_img (menu_img_no,store_menu_no,img) VALUES (5,5,'메뉴사진5');
INSERT INTO menu_img (menu_img_no,store_menu_no,img) VALUES (6,1,'메뉴사진6');
INSERT INTO menu_img (menu_img_no,store_menu_no,img) VALUES (7,2,'메뉴사진7');
INSERT INTO menu_img (menu_img_no,store_menu_no,img) VALUES (8,3,'메뉴사진8');
INSERT INTO menu_img (menu_img_no,store_menu_no,img) VALUES (9,4,'메뉴사진9');
INSERT INTO menu_img (menu_img_no,store_menu_no,img) VALUES (10,5,'메뉴사진10');
INSERT INTO menu_img (menu_img_no,store_menu_no,img) VALUES (11,1,'메뉴사진11');
INSERT INTO menu_img (menu_img_no,store_menu_no,img) VALUES (12,2,'메뉴사진12');
INSERT INTO menu_img (menu_img_no,store_menu_no,img) VALUES (13,3,'메뉴사진13');
INSERT INTO menu_img (menu_img_no,store_menu_no,img) VALUES (14,4,'메뉴사진14');
INSERT INTO menu_img (menu_img_no,store_menu_no,img) VALUES (15,5,'메뉴사진15');
INSERT INTO menu_img (menu_img_no,store_menu_no,img) VALUES (16,1,'메뉴사진16');
INSERT INTO menu_img (menu_img_no,store_menu_no,img) VALUES (17,2,'메뉴사진17');
INSERT INTO menu_img (menu_img_no,store_menu_no,img) VALUES (18,3,'메뉴사진18');
INSERT INTO menu_img (menu_img_no,store_menu_no,img) VALUES (19,4,'메뉴사진19');
INSERT INTO menu_img (menu_img_no,store_menu_no,img) VALUES (20,5,'메뉴사진20');
INSERT INTO menu_img (menu_img_no,store_menu_no,img) VALUES (21,1,'메뉴사진21');
INSERT INTO menu_img (menu_img_no,store_menu_no,img) VALUES (22,2,'메뉴사진22');
INSERT INTO menu_img (menu_img_no,store_menu_no,img) VALUES (23,3,'메뉴사진23');
INSERT INTO menu_img (menu_img_no,store_menu_no,img) VALUES (24,4,'메뉴사진24');
INSERT INTO menu_img (menu_img_no,store_menu_no,img) VALUES (25,5,'메뉴사진25');
INSERT INTO menu_img (menu_img_no,store_menu_no,img) VALUES (26,1,'메뉴사진26');
INSERT INTO menu_img (menu_img_no,store_menu_no,img) VALUES (27,2,'메뉴사진27');
INSERT INTO menu_img (menu_img_no,store_menu_no,img) VALUES (28,5,'메뉴사진28');
INSERT INTO menu_img (menu_img_no,store_menu_no,img) VALUES (29,4,'메뉴사진29');
INSERT INTO menu_img (menu_img_no,store_menu_no,img) VALUES (30,5,'메뉴사진30');

-- 게시글댓글
-- board_comment
INSERT INTO board_comment (board_comment_no, mno, board_no, comment_contents, comment_date, update_date) VALUES(31, 100, 53, '못하시네요 ㅋㅋㅋㅋ', '2022-04-28 11:29:21.000', '2022-04-28 11:29:21.000');
INSERT INTO board_comment (board_comment_no, mno, board_no, comment_contents, comment_date, update_date) VALUES(32, 100, 51, '그친구 술값안내고 집에 갔습니다.', '2022-04-28 11:30:12.000', '2022-04-28 11:30:12.000');
INSERT INTO board_comment (board_comment_no, mno, board_no, comment_contents, comment_date, update_date) VALUES(33, 113, 57, '감사합니다~ 덕분에 잘 찾아갔어요 ㅎㅎ', '2022-04-28 11:32:19.000', '2022-04-28 11:32:19.000');
INSERT INTO board_comment (board_comment_no, mno, board_no, comment_contents, comment_date, update_date) VALUES(34, 113, 48, '수원역 갈일있으면 한번 가봐야겠네요 정보 감사합니다~', '2022-04-28 11:33:22.000', '2022-04-28 11:33:22.000');
INSERT INTO board_comment (board_comment_no, mno, board_no, comment_contents, comment_date, update_date) VALUES(35, 113, 58, '하하하하 너무하네..', '2022-04-28 11:34:03.000', '2022-04-28 11:34:03.000');
INSERT INTO board_comment (board_comment_no, mno, board_no, comment_contents, comment_date, update_date) VALUES(36, 144, 59, '너무비싸네요..안살래요', '2022-04-28 11:36:24.000', '2022-04-28 11:36:24.000');
INSERT INTO board_comment (board_comment_no, mno, board_no, comment_contents, comment_date, update_date) VALUES(37, 64, 53, 'ㄹㅇ 개못함ㅋㅋㅋ', '2022-04-28 11:36:34.000', '2022-04-28 11:36:34.000');
INSERT INTO board_comment (board_comment_no, mno, board_no, comment_contents, comment_date, update_date) VALUES(38, 66, 58, '요 그거 호동이 형이었어요~', '2022-04-28 11:39:14.000', '2022-04-28 11:39:14.000');
INSERT INTO board_comment (board_comment_no, mno, board_no, comment_contents, comment_date, update_date) VALUES(39, 89, 66, '그럴거면 대머리깎아라~', '2022-04-28 11:54:14.000', '2022-04-28 11:54:14.000');
INSERT INTO board_comment (board_comment_no, mno, board_no, comment_contents, comment_date, update_date) VALUES(40, 98, 62, '하....난 너무 부러운데', '2022-04-28 11:56:46.000', '2022-04-28 11:56:46.000');

-- 게시글찜
INSERT INTO board_select (mno,board_no) VALUES (1,1);
INSERT INTO board_select (mno,board_no) VALUES (2,2);
INSERT INTO board_select (mno,board_no) VALUES (3,3);
INSERT INTO board_select (mno,board_no) VALUES (4,4);
INSERT INTO board_select (mno,board_no) VALUES (5,5);
INSERT INTO board_select (mno,board_no) VALUES (6,6);
INSERT INTO board_select (mno,board_no) VALUES (7,7);
INSERT INTO board_select (mno,board_no) VALUES (8,8);
INSERT INTO board_select (mno,board_no) VALUES (9,9);
INSERT INTO board_select (mno,board_no) VALUES (10,10);
INSERT INTO board_select (mno,board_no) VALUES (11,11);
INSERT INTO board_select (mno,board_no) VALUES (12,12);
INSERT INTO board_select (mno,board_no) VALUES (13,13);
INSERT INTO board_select (mno,board_no) VALUES (14,14);
INSERT INTO board_select (mno,board_no) VALUES (15,15);
INSERT INTO board_select (mno,board_no) VALUES (16,16);
INSERT INTO board_select (mno,board_no) VALUES (17,17);
INSERT INTO board_select (mno,board_no) VALUES (18,18);
INSERT INTO board_select (mno,board_no) VALUES (19,19);
INSERT INTO board_select (mno,board_no) VALUES (20,20);
INSERT INTO board_select (mno,board_no) VALUES (21,21);
INSERT INTO board_select (mno,board_no) VALUES (22,22);
INSERT INTO board_select (mno,board_no) VALUES (23,23);
INSERT INTO board_select (mno,board_no) VALUES (24,24);
INSERT INTO board_select (mno,board_no) VALUES (25,25);
INSERT INTO board_select (mno,board_no) VALUES (26,26);
INSERT INTO board_select (mno,board_no) VALUES (27,27);
INSERT INTO board_select (mno,board_no) VALUES (28,28);
INSERT INTO board_select (mno,board_no) VALUES (29,29);
INSERT INTO board_select (mno,board_no) VALUES (30,30);

-- 참석자
INSERT INTO party_participant (party_no,mno,participant_status) VALUES (1,1,'참');
INSERT INTO party_participant (party_no,mno,participant_status) VALUES (1,2,'참');
INSERT INTO party_participant (party_no,mno,participant_status) VALUES (1,3,'참');
INSERT INTO party_participant (party_no,mno,participant_status) VALUES (1,4,'참');
INSERT INTO party_participant (party_no,mno,participant_status) VALUES (1,5,'참');
INSERT INTO party_participant (party_no,mno,participant_status) VALUES (2,1,'참');
INSERT INTO party_participant (party_no,mno,participant_status) VALUES (2,2,'참');
INSERT INTO party_participant (party_no,mno,participant_status) VALUES (2,3,'참');
INSERT INTO party_participant (party_no,mno,participant_status) VALUES (2,4,'참');
INSERT INTO party_participant (party_no,mno,participant_status) VALUES (2,5,'참');
INSERT INTO party_participant (party_no,mno,participant_status) VALUES (3,1,'참');
INSERT INTO party_participant (party_no,mno,participant_status) VALUES (3,2,'참');
INSERT INTO party_participant (party_no,mno,participant_status) VALUES (3,3,'참');
INSERT INTO party_participant (party_no,mno,participant_status) VALUES (3,4,'참');
INSERT INTO party_participant (party_no,mno,participant_status) VALUES (3,5,'참');
INSERT INTO party_participant (party_no,mno,participant_status) VALUES (4,1,'참');
INSERT INTO party_participant (party_no,mno,participant_status) VALUES (4,2,'참');
INSERT INTO party_participant (party_no,mno,participant_status) VALUES (4,3,'참');
INSERT INTO party_participant (party_no,mno,participant_status) VALUES (4,4,'참');
INSERT INTO party_participant (party_no,mno,participant_status) VALUES (4,5,'참');
INSERT INTO party_participant (party_no,mno,participant_status) VALUES (5,1,'참');
INSERT INTO party_participant (party_no,mno,participant_status) VALUES (5,2,'참');
INSERT INTO party_participant (party_no,mno,participant_status) VALUES (5,3,'참');
INSERT INTO party_participant (party_no,mno,participant_status) VALUES (5,4,'참');
INSERT INTO party_participant (party_no,mno,participant_status) VALUES (5,5,'참');

-- 모임게시판
INSERT INTO party_board (party_board_no,party_no,mno,board_reg_date,message,message_time,message_status) VALUES (1,1,1,'2022-03-18 17:49:45.0','모임게시판내용1',NULL,1);
INSERT INTO party_board (party_board_no,party_no,mno,board_reg_date,message,message_time,message_status) VALUES (2,1,2,'2022-03-18 17:49:45.0','모임게시판내용2',NULL,1);
INSERT INTO party_board (party_board_no,party_no,mno,board_reg_date,message,message_time,message_status) VALUES (3,1,3,'2022-03-18 17:49:45.0','모임게시판내용3',NULL,1);
INSERT INTO party_board (party_board_no,party_no,mno,board_reg_date,message,message_time,message_status) VALUES (4,1,4,'2022-03-18 17:49:45.0','모임게시판내용4',NULL,1);
INSERT INTO party_board (party_board_no,party_no,mno,board_reg_date,message,message_time,message_status) VALUES (5,1,5,'2022-03-18 17:49:45.0','모임게시판내용5',NULL,1);
INSERT INTO party_board (party_board_no,party_no,mno,board_reg_date,message,message_time,message_status) VALUES (6,1,1,'2022-03-18 17:49:45.0','모임게시판내용6',NULL,1);
INSERT INTO party_board (party_board_no,party_no,mno,board_reg_date,message,message_time,message_status) VALUES (7,2,1,'2022-03-18 17:49:45.0','모임게시판내용7',NULL,1);
INSERT INTO party_board (party_board_no,party_no,mno,board_reg_date,message,message_time,message_status) VALUES (8,2,2,'2022-03-18 17:49:45.0','모임게시판내용8',NULL,1);
INSERT INTO party_board (party_board_no,party_no,mno,board_reg_date,message,message_time,message_status) VALUES (9,2,3,'2022-03-18 17:49:45.0','모임게시판내용9',NULL,1);
INSERT INTO party_board (party_board_no,party_no,mno,board_reg_date,message,message_time,message_status) VALUES (10,2,4,'2022-03-18 17:49:45.0','모임게시판내용10',NULL,1);
INSERT INTO party_board (party_board_no,party_no,mno,board_reg_date,message,message_time,message_status) VALUES (11,2,5,'2022-03-18 17:49:45.0','모임게시판내용11',NULL,1);
INSERT INTO party_board (party_board_no,party_no,mno,board_reg_date,message,message_time,message_status) VALUES (12,2,5,'2022-03-18 17:49:45.0','모임게시판내용12',NULL,1);
INSERT INTO party_board (party_board_no,party_no,mno,board_reg_date,message,message_time,message_status) VALUES (13,3,1,'2022-03-18 17:49:45.0','모임게시판내용13',NULL,1);
INSERT INTO party_board (party_board_no,party_no,mno,board_reg_date,message,message_time,message_status) VALUES (14,3,2,'2022-03-18 17:49:45.0','모임게시판내용14',NULL,1);
INSERT INTO party_board (party_board_no,party_no,mno,board_reg_date,message,message_time,message_status) VALUES (15,3,3,'2022-03-18 17:49:45.0','모임게시판내용15',NULL,1);
INSERT INTO party_board (party_board_no,party_no,mno,board_reg_date,message,message_time,message_status) VALUES (16,3,4,'2022-03-18 17:49:45.0','모임게시판내용16',NULL,1);
INSERT INTO party_board (party_board_no,party_no,mno,board_reg_date,message,message_time,message_status) VALUES (17,3,5,'2022-03-18 17:49:45.0','모임게시판내용17',NULL,1);
INSERT INTO party_board (party_board_no,party_no,mno,board_reg_date,message,message_time,message_status) VALUES (18,3,5,'2022-03-18 17:49:45.0','모임게시판내용18',NULL,1);
INSERT INTO party_board (party_board_no,party_no,mno,board_reg_date,message,message_time,message_status) VALUES (19,4,1,'2022-03-18 17:49:45.0','모임게시판내용19',NULL,1);
INSERT INTO party_board (party_board_no,party_no,mno,board_reg_date,message,message_time,message_status) VALUES (20,4,2,'2022-03-18 17:49:45.0','모임게시판내용20',NULL,1);
INSERT INTO party_board (party_board_no,party_no,mno,board_reg_date,message,message_time,message_status) VALUES (21,4,3,'2022-03-18 17:49:45.0','모임게시판내용21',NULL,1);
INSERT INTO party_board (party_board_no,party_no,mno,board_reg_date,message,message_time,message_status) VALUES (22,4,4,'2022-03-18 17:49:45.0','모임게시판내용22',NULL,1);
INSERT INTO party_board (party_board_no,party_no,mno,board_reg_date,message,message_time,message_status) VALUES (23,4,5,'2022-03-18 17:49:45.0','모임게시판내용23',NULL,1);
INSERT INTO party_board (party_board_no,party_no,mno,board_reg_date,message,message_time,message_status) VALUES (24,4,5,'2022-03-18 17:49:45.0','모임게시판내용24',NULL,1);
INSERT INTO party_board (party_board_no,party_no,mno,board_reg_date,message,message_time,message_status) VALUES (25,5,1,'2022-03-18 17:49:45.0','모임게시판내용25',NULL,1);
INSERT INTO party_board (party_board_no,party_no,mno,board_reg_date,message,message_time,message_status) VALUES (26,5,2,'2022-03-18 17:49:45.0','모임게시판내용26',NULL,1);
INSERT INTO party_board (party_board_no,party_no,mno,board_reg_date,message,message_time,message_status) VALUES (27,5,3,'2022-03-18 17:49:45.0','모임게시판내용27',NULL,1);
INSERT INTO party_board (party_board_no,party_no,mno,board_reg_date,message,message_time,message_status) VALUES (28,5,4,'2022-03-18 17:49:45.0','모임게시판내용28',NULL,1);
INSERT INTO party_board (party_board_no,party_no,mno,board_reg_date,message,message_time,message_status) VALUES (29,5,5,'2022-03-18 17:49:45.0','모임게시판내용29',NULL,1);
INSERT INTO party_board (party_board_no,party_no,mno,board_reg_date,message,message_time,message_status) VALUES (30,5,5,'2022-03-18 17:49:45.0','모임게시판내용30',NULL,1);

--모임찜
INSERT INTO party_select (mno,party_no) VALUES (1,1);
INSERT INTO party_select (mno,party_no) VALUES (2,2);
INSERT INTO party_select (mno,party_no) VALUES (3,3);
INSERT INTO party_select (mno,party_no) VALUES (4,4);
INSERT INTO party_select (mno,party_no) VALUES (5,5);
INSERT INTO party_select (mno,party_no) VALUES (6,6);
INSERT INTO party_select (mno,party_no) VALUES (7,7);
INSERT INTO party_select (mno,party_no) VALUES (8,8);
INSERT INTO party_select (mno,party_no) VALUES (9,9);
INSERT INTO party_select (mno,party_no) VALUES (10,10);
INSERT INTO party_select (mno,party_no) VALUES (11,11);
INSERT INTO party_select (mno,party_no) VALUES (12,12);
INSERT INTO party_select (mno,party_no) VALUES (13,13);
INSERT INTO party_select (mno,party_no) VALUES (14,14);
INSERT INTO party_select (mno,party_no) VALUES (15,15);
INSERT INTO party_select (mno,party_no) VALUES (16,16);
INSERT INTO party_select (mno,party_no) VALUES (17,17);
INSERT INTO party_select (mno,party_no) VALUES (18,18);
INSERT INTO party_select (mno,party_no) VALUES (19,19);
INSERT INTO party_select (mno,party_no) VALUES (20,20);
INSERT INTO party_select (mno,party_no) VALUES (21,21);
INSERT INTO party_select (mno,party_no) VALUES (22,22);
INSERT INTO party_select (mno,party_no) VALUES (23,23);
INSERT INTO party_select (mno,party_no) VALUES (24,24);
INSERT INTO party_select (mno,party_no) VALUES (25,25);
INSERT INTO party_select (mno,party_no) VALUES (26,26);
INSERT INTO party_select (mno,party_no) VALUES (27,27);
INSERT INTO party_select (mno,party_no) VALUES (28,28);
INSERT INTO party_select (mno,party_no) VALUES (29,29);
INSERT INTO party_select (mno,party_no) VALUES (30,30);

-- 주점찜
INSERT INTO sojudb.store_select
(store_no, mno)
VALUES(2, 1);
INSERT INTO sojudb.store_select
(store_no, mno)
VALUES(2, 2);
INSERT INTO sojudb.store_select
(store_no, mno)
VALUES(3, 1);
INSERT INTO sojudb.store_select
(store_no, mno)
VALUES(3, 2);
INSERT INTO sojudb.store_select
(store_no, mno)
VALUES(4, 1);
INSERT INTO sojudb.store_select
(store_no, mno)
VALUES(4, 2);
INSERT INTO sojudb.store_select
(store_no, mno)
VALUES(5, 1);
INSERT INTO sojudb.store_select
(store_no, mno)
VALUES(5, 2);
INSERT INTO sojudb.store_select
(store_no, mno)
VALUES(6, 1);
INSERT INTO sojudb.store_select
(store_no, mno)
VALUES(6, 2);
INSERT INTO sojudb.store_select
(store_no, mno)
VALUES(7, 1);
INSERT INTO sojudb.store_select
(store_no, mno)
VALUES(7, 2);
INSERT INTO sojudb.store_select
(store_no, mno)
VALUES(8, 1);
INSERT INTO sojudb.store_select
(store_no, mno)
VALUES(8, 2);
INSERT INTO sojudb.store_select
(store_no, mno)
VALUES(9, 1);
INSERT INTO sojudb.store_select
(store_no, mno)
VALUES(9, 2);
INSERT INTO sojudb.store_select
(store_no, mno)
VALUES(10, 1);
INSERT INTO sojudb.store_select
(store_no, mno)
VALUES(10, 2);
INSERT INTO sojudb.store_select
(store_no, mno)
VALUES(20, 2);
INSERT INTO sojudb.store_select
(store_no, mno)
VALUES(21, 3);
INSERT INTO sojudb.store_select
(store_no, mno)
VALUES(22, 3);
INSERT INTO sojudb.store_select
(store_no, mno)
VALUES(23, 3);
INSERT INTO sojudb.store_select
(store_no, mno)
VALUES(24, 3);
INSERT INTO sojudb.store_select
(store_no, mno)
VALUES(25, 3);
INSERT INTO sojudb.store_select
(store_no, mno)
VALUES(26, 3);
INSERT INTO sojudb.store_select
(store_no, mno)
VALUES(27, 3);
INSERT INTO sojudb.store_select
(store_no, mno)
VALUES(28, 3);
INSERT INTO sojudb.store_select
(store_no, mno)
VALUES(29, 3);
INSERT INTO sojudb.store_select
(store_no, mno)
VALUES(30, 3);

-- 모임주점평가
INSERT INTO party_store_evaluation (party_no,mno,score) VALUES (1,1,1.5);
INSERT INTO party_store_evaluation (party_no,mno,score) VALUES (1,2,2.5);
INSERT INTO party_store_evaluation (party_no,mno,score) VALUES (1,3,2.5);
INSERT INTO party_store_evaluation (party_no,mno,score) VALUES (1,4,2.5);
INSERT INTO party_store_evaluation (party_no,mno,score) VALUES (1,5,5.0);
INSERT INTO party_store_evaluation (party_no,mno,score) VALUES (2,1,5.0);
INSERT INTO party_store_evaluation (party_no,mno,score) VALUES (2,2,5.0);
INSERT INTO party_store_evaluation (party_no,mno,score) VALUES (2,3,5.0);
INSERT INTO party_store_evaluation (party_no,mno,score) VALUES (2,4,5.0);
INSERT INTO party_store_evaluation (party_no,mno,score) VALUES (2,5,5.0);
INSERT INTO party_store_evaluation (party_no,mno,score) VALUES (3,1,5.0);
INSERT INTO party_store_evaluation (party_no,mno,score) VALUES (3,2,5.0);
INSERT INTO party_store_evaluation (party_no,mno,score) VALUES (3,3,5.0);
INSERT INTO party_store_evaluation (party_no,mno,score) VALUES (3,4,5.0);
INSERT INTO party_store_evaluation (party_no,mno,score) VALUES (3,5,5.0);
INSERT INTO party_store_evaluation (party_no,mno,score) VALUES (4,1,5.0);
INSERT INTO party_store_evaluation (party_no,mno,score) VALUES (4,2,5.0);
INSERT INTO party_store_evaluation (party_no,mno,score) VALUES (4,3,5.0);
INSERT INTO party_store_evaluation (party_no,mno,score) VALUES (4,4,5.0);
INSERT INTO party_store_evaluation (party_no,mno,score) VALUES (4,5,5.0);
INSERT INTO party_store_evaluation (party_no,mno,score) VALUES (5,1,5.0);
INSERT INTO party_store_evaluation (party_no,mno,score) VALUES (5,2,5.0);
INSERT INTO party_store_evaluation (party_no,mno,score) VALUES (5,3,5.0);
INSERT INTO party_store_evaluation (party_no,mno,score) VALUES (5,4,5.0);
INSERT INTO party_store_evaluation (party_no,mno,score) VALUES (5,5,5.0);

-- 모임회원평가
INSERT INTO party_member_evaluation (party_no,mno,mno2,score) VALUES (1,1,2,1.5);
INSERT INTO party_member_evaluation (party_no,mno,mno2,score) VALUES (1,1,4,3.0);
INSERT INTO party_member_evaluation (party_no,mno,mno2,score) VALUES (1,1,5,4.0);
INSERT INTO party_member_evaluation (party_no,mno,mno2,score) VALUES (1,2,1,4.0);
INSERT INTO party_member_evaluation (party_no,mno,mno2,score) VALUES (1,2,3,5.0);
INSERT INTO party_member_evaluation (party_no,mno,mno2,score) VALUES (1,2,4,5.0);
INSERT INTO party_member_evaluation (party_no,mno,mno2,score) VALUES (1,2,5,5.0);
INSERT INTO party_member_evaluation (party_no,mno,mno2,score) VALUES (1,3,1,5.0);
INSERT INTO party_member_evaluation (party_no,mno,mno2,score) VALUES (1,3,2,5.0);
INSERT INTO party_member_evaluation (party_no,mno,mno2,score) VALUES (1,3,4,5.0);
INSERT INTO party_member_evaluation (party_no,mno,mno2,score) VALUES (1,3,5,5.0);
INSERT INTO party_member_evaluation (party_no,mno,mno2,score) VALUES (1,4,1,5.0);
INSERT INTO party_member_evaluation (party_no,mno,mno2,score) VALUES (1,4,2,5.0);
INSERT INTO party_member_evaluation (party_no,mno,mno2,score) VALUES (1,4,3,5.0);
INSERT INTO party_member_evaluation (party_no,mno,mno2,score) VALUES (1,4,5,5.0);
INSERT INTO party_member_evaluation (party_no,mno,mno2,score) VALUES (1,5,1,5.0);
INSERT INTO party_member_evaluation (party_no,mno,mno2,score) VALUES (1,5,2,5.0);
INSERT INTO party_member_evaluation (party_no,mno,mno2,score) VALUES (1,5,3,5.0);
INSERT INTO party_member_evaluation (party_no,mno,mno2,score) VALUES (1,5,4,5.0);
INSERT INTO party_member_evaluation (party_no,mno,mno2,score) VALUES (2,1,2,5.0);
INSERT INTO party_member_evaluation (party_no,mno,mno2,score) VALUES (2,1,3,5.0);
INSERT INTO party_member_evaluation (party_no,mno,mno2,score) VALUES (2,1,4,5.0);
INSERT INTO party_member_evaluation (party_no,mno,mno2,score) VALUES (2,1,5,5.0);
INSERT INTO party_member_evaluation (party_no,mno,mno2,score) VALUES (2,2,1,5.0);
INSERT INTO party_member_evaluation (party_no,mno,mno2,score) VALUES (2,2,3,5.0);
INSERT INTO party_member_evaluation (party_no,mno,mno2,score) VALUES (2,2,4,5.0);
INSERT INTO party_member_evaluation (party_no,mno,mno2,score) VALUES (2,2,5,5.0);
INSERT INTO party_member_evaluation (party_no,mno,mno2,score) VALUES (2,3,4,5.0);
INSERT INTO party_member_evaluation (party_no,mno,mno2,score) VALUES (2,3,5,5.0);
INSERT INTO party_member_evaluation (party_no,mno,mno2,score) VALUES (2,4,1,5.0);
INSERT INTO party_member_evaluation (party_no,mno,mno2,score) VALUES (2,4,2,5.0);
INSERT INTO party_member_evaluation (party_no,mno,mno2,score) VALUES (2,4,3,5.0);
INSERT INTO party_member_evaluation (party_no,mno,mno2,score) VALUES (2,4,5,5.0);
INSERT INTO party_member_evaluation (party_no,mno,mno2,score) VALUES (2,5,1,5.0);
INSERT INTO party_member_evaluation (party_no,mno,mno2,score) VALUES (2,5,3,5.0);
INSERT INTO party_member_evaluation (party_no,mno,mno2,score) VALUES (2,5,4,5.0);
INSERT INTO party_member_evaluation (party_no,mno,mno2,score) VALUES (2,5,5,5.0);
INSERT INTO party_member_evaluation (party_no,mno,mno2,score) VALUES (3,1,2,5.0);
INSERT INTO party_member_evaluation (party_no,mno,mno2,score) VALUES (3,1,3,5.0);
INSERT INTO party_member_evaluation (party_no,mno,mno2,score) VALUES (3,1,4,5.0);
INSERT INTO party_member_evaluation (party_no,mno,mno2,score) VALUES (3,1,5,5.0);
INSERT INTO party_member_evaluation (party_no,mno,mno2,score) VALUES (3,2,1,5.0);
INSERT INTO party_member_evaluation (party_no,mno,mno2,score) VALUES (3,2,3,5.0);
INSERT INTO party_member_evaluation (party_no,mno,mno2,score) VALUES (3,2,4,5.0);
INSERT INTO party_member_evaluation (party_no,mno,mno2,score) VALUES (3,2,5,5.0);
INSERT INTO party_member_evaluation (party_no,mno,mno2,score) VALUES (3,3,1,5.0);
INSERT INTO party_member_evaluation (party_no,mno,mno2,score) VALUES (3,3,2,5.0);
INSERT INTO party_member_evaluation (party_no,mno,mno2,score) VALUES (3,3,5,5.0);
INSERT INTO party_member_evaluation (party_no,mno,mno2,score) VALUES (3,4,2,5.0);
INSERT INTO party_member_evaluation (party_no,mno,mno2,score) VALUES (3,4,3,5.0);
INSERT INTO party_member_evaluation (party_no,mno,mno2,score) VALUES (3,4,5,5.0);
INSERT INTO party_member_evaluation (party_no,mno,mno2,score) VALUES (3,5,1,5.0);
INSERT INTO party_member_evaluation (party_no,mno,mno2,score) VALUES (3,5,2,5.0);
INSERT INTO party_member_evaluation (party_no,mno,mno2,score) VALUES (3,5,3,5.0);
INSERT INTO party_member_evaluation (party_no,mno,mno2,score) VALUES (3,5,4,5.0);
INSERT INTO party_member_evaluation (party_no,mno,mno2,score) VALUES (4,1,2,5.0);
INSERT INTO party_member_evaluation (party_no,mno,mno2,score) VALUES (4,1,3,5.0);
INSERT INTO party_member_evaluation (party_no,mno,mno2,score) VALUES (4,1,4,5.0);
INSERT INTO party_member_evaluation (party_no,mno,mno2,score) VALUES (4,1,5,5.0);
INSERT INTO party_member_evaluation (party_no,mno,mno2,score) VALUES (4,2,1,5.0);
INSERT INTO party_member_evaluation (party_no,mno,mno2,score) VALUES (4,2,3,5.0);
INSERT INTO party_member_evaluation (party_no,mno,mno2,score) VALUES (4,2,4,5.0);
INSERT INTO party_member_evaluation (party_no,mno,mno2,score) VALUES (4,2,5,5.0);
INSERT INTO party_member_evaluation (party_no,mno,mno2,score) VALUES (4,3,1,5.0);
INSERT INTO party_member_evaluation (party_no,mno,mno2,score) VALUES (4,3,2,5.0);
INSERT INTO party_member_evaluation (party_no,mno,mno2,score) VALUES (4,3,4,5.0);
INSERT INTO party_member_evaluation (party_no,mno,mno2,score) VALUES (4,3,5,5.0);
INSERT INTO party_member_evaluation (party_no,mno,mno2,score) VALUES (4,4,1,5.0);
INSERT INTO party_member_evaluation (party_no,mno,mno2,score) VALUES (4,4,2,5.0);
INSERT INTO party_member_evaluation (party_no,mno,mno2,score) VALUES (4,4,5,5.0);
INSERT INTO party_member_evaluation (party_no,mno,mno2,score) VALUES (4,5,1,5.0);
INSERT INTO party_member_evaluation (party_no,mno,mno2,score) VALUES (4,5,2,5.0);
INSERT INTO party_member_evaluation (party_no,mno,mno2,score) VALUES (4,5,3,5.0);
INSERT INTO party_member_evaluation (party_no,mno,mno2,score) VALUES (4,5,4,5.0);
INSERT INTO party_member_evaluation (party_no,mno,mno2,score) VALUES (5,1,2,5.0);
INSERT INTO party_member_evaluation (party_no,mno,mno2,score) VALUES (5,1,3,5.0);
INSERT INTO party_member_evaluation (party_no,mno,mno2,score) VALUES (5,1,4,5.0);
INSERT INTO party_member_evaluation (party_no,mno,mno2,score) VALUES (5,2,3,5.0);
INSERT INTO party_member_evaluation (party_no,mno,mno2,score) VALUES (5,2,4,5.0);
INSERT INTO party_member_evaluation (party_no,mno,mno2,score) VALUES (5,2,5,5.0);
INSERT INTO party_member_evaluation (party_no,mno,mno2,score) VALUES (5,3,1,5.0);
INSERT INTO party_member_evaluation (party_no,mno,mno2,score) VALUES (5,3,2,5.0);
INSERT INTO party_member_evaluation (party_no,mno,mno2,score) VALUES (5,3,4,5.0);
INSERT INTO party_member_evaluation (party_no,mno,mno2,score) VALUES (5,3,5,5.0);
INSERT INTO party_member_evaluation (party_no,mno,mno2,score) VALUES (5,4,1,5.0);
INSERT INTO party_member_evaluation (party_no,mno,mno2,score) VALUES (5,4,2,5.0);
INSERT INTO party_member_evaluation (party_no,mno,mno2,score) VALUES (5,4,3,5.0);
INSERT INTO party_member_evaluation (party_no,mno,mno2,score) VALUES (5,4,5,5.0);
INSERT INTO party_member_evaluation (party_no,mno,mno2,score) VALUES (5,5,1,5.0);
INSERT INTO party_member_evaluation (party_no,mno,mno2,score) VALUES (5,5,2,5.0);
INSERT INTO party_member_evaluation (party_no,mno,mno2,score) VALUES (5,5,4,5.0);

-- 주점소속유형
INSERT INTO sojudb.store_section_type
(store_type_no, store_no)
VALUES(2, 1);
INSERT INTO sojudb.store_section_type
(store_type_no, store_no)
VALUES(2, 2);
INSERT INTO sojudb.store_section_type
(store_type_no, store_no)
VALUES(2, 3);
INSERT INTO sojudb.store_section_type
(store_type_no, store_no)
VALUES(2, 4);
INSERT INTO sojudb.store_section_type
(store_type_no, store_no)
VALUES(2, 5);
INSERT INTO sojudb.store_section_type
(store_type_no, store_no)
VALUES(2, 6);
INSERT INTO sojudb.store_section_type
(store_type_no, store_no)
VALUES(2, 7);
INSERT INTO sojudb.store_section_type
(store_type_no, store_no)
VALUES(2, 8);
INSERT INTO sojudb.store_section_type
(store_type_no, store_no)
VALUES(2, 9);
INSERT INTO sojudb.store_section_type
(store_type_no, store_no)
VALUES(2, 10);
INSERT INTO sojudb.store_section_type
(store_type_no, store_no)
VALUES(2, 11);
INSERT INTO sojudb.store_section_type
(store_type_no, store_no)
VALUES(2, 12);
INSERT INTO sojudb.store_section_type
(store_type_no, store_no)
VALUES(2, 13);
INSERT INTO sojudb.store_section_type
(store_type_no, store_no)
VALUES(2, 14);
INSERT INTO sojudb.store_section_type
(store_type_no, store_no)
VALUES(2, 15);
INSERT INTO sojudb.store_section_type
(store_type_no, store_no)
VALUES(2, 16);
INSERT INTO sojudb.store_section_type
(store_type_no, store_no)
VALUES(2, 17);
INSERT INTO sojudb.store_section_type
(store_type_no, store_no)
VALUES(2, 18);
INSERT INTO sojudb.store_section_type
(store_type_no, store_no)
VALUES(2, 19);
INSERT INTO sojudb.store_section_type
(store_type_no, store_no)
VALUES(2, 20);
INSERT INTO sojudb.store_section_type
(store_type_no, store_no)
VALUES(2, 21);
INSERT INTO sojudb.store_section_type
(store_type_no, store_no)
VALUES(2, 22);
INSERT INTO sojudb.store_section_type
(store_type_no, store_no)
VALUES(2, 23);
INSERT INTO sojudb.store_section_type
(store_type_no, store_no)
VALUES(2, 24);
INSERT INTO sojudb.store_section_type
(store_type_no, store_no)
VALUES(2, 25);
INSERT INTO sojudb.store_section_type
(store_type_no, store_no)
VALUES(2, 26);
INSERT INTO sojudb.store_section_type
(store_type_no, store_no)
VALUES(2, 27);
INSERT INTO sojudb.store_section_type
(store_type_no, store_no)
VALUES(2, 28);
INSERT INTO sojudb.store_section_type
(store_type_no, store_no)
VALUES(2, 29);
INSERT INTO sojudb.store_section_type
(store_type_no, store_no)
VALUES(2, 30);

-- 태그
INSERT INTO sojudb.tag
(tag_no, name)
VALUES(2, '시골');
INSERT INTO sojudb.tag
(tag_no, name)
VALUES(3, '신선한');
INSERT INTO sojudb.tag
(tag_no, name)
VALUES(4, '안주짱');
INSERT INTO sojudb.tag
(tag_no, name)
VALUES(6, '포근한');
INSERT INTO sojudb.tag
(tag_no, name)
VALUES(8, '추억돋는');
INSERT INTO sojudb.tag
(tag_no, name)
VALUES(9, '자연');
INSERT INTO sojudb.tag
(tag_no, name)
VALUES(10, '엘레강스');
INSERT INTO sojudb.tag
(tag_no, name)
VALUES(11, '세련된');
INSERT INTO sojudb.tag
(tag_no, name)
VALUES(12, '반주');
INSERT INTO sojudb.tag
(tag_no, name)
VALUES(13, '진짜달리는날');
INSERT INTO sojudb.tag
(tag_no, name)
VALUES(14, '회식분위기');
INSERT INTO sojudb.tag
(tag_no, name)
VALUES(15, '여자끼리');
INSERT INTO sojudb.tag
(tag_no, name)
VALUES(16, '아늑한');
INSERT INTO sojudb.tag
(tag_no, name)
VALUES(17, '역세권');
INSERT INTO sojudb.tag
(tag_no, name)
VALUES(18, '현지인');
INSERT INTO sojudb.tag
(tag_no, name)
VALUES(19, '헌팅');
INSERT INTO sojudb.tag
(tag_no, name)
VALUES(20, '분위기좋은');
INSERT INTO sojudb.tag
(tag_no, name)
VALUES(21, '데이트');
INSERT INTO sojudb.tag
(tag_no, name)
VALUES(22, '가성비');
INSERT INTO sojudb.tag
(tag_no, name)
VALUES(23, '노래가좋은');
INSERT INTO sojudb.tag
(tag_no, name)
VALUES(24, '맛난안주');
INSERT INTO sojudb.tag
(tag_no, name)
VALUES(25, '야외');
INSERT INTO sojudb.tag
(tag_no, name)
VALUES(26, '노포');
INSERT INTO sojudb.tag
(tag_no, name)
VALUES(27, '특이한');
INSERT INTO sojudb.tag
(tag_no, name)
VALUES(28, '나만아는');
INSERT INTO sojudb.tag
(tag_no, name)
VALUES(29, '동네');
INSERT INTO sojudb.tag
(tag_no, name)
VALUES(30, '대학가');
INSERT INTO sojudb.tag
(tag_no, name)
VALUES(31, '자연식');
INSERT INTO sojudb.tag
(tag_no, name)
VALUES(32, '꼬치집');
INSERT INTO sojudb.tag
(tag_no, name)
VALUES(33, '퇴근후한잔');
INSERT INTO sojudb.tag
(tag_no, name)
VALUES(34, '남자끼리');


-- 주점태그
INSERT INTO sojudb.store_tag
(tag_no, store_no)
VALUES(4, 1);
INSERT INTO sojudb.store_tag
(tag_no, store_no)
VALUES(4, 2);
INSERT INTO sojudb.store_tag
(tag_no, store_no)
VALUES(6, 2);
INSERT INTO sojudb.store_tag
(tag_no, store_no)
VALUES(8, 3);
INSERT INTO sojudb.store_tag
(tag_no, store_no)
VALUES(9, 3);
INSERT INTO sojudb.store_tag
(tag_no, store_no)
VALUES(10, 4);
INSERT INTO sojudb.store_tag
(tag_no, store_no)
VALUES(11, 4);
INSERT INTO sojudb.store_tag
(tag_no, store_no)
VALUES(12, 4);
INSERT INTO sojudb.store_tag
(tag_no, store_no)
VALUES(13, 5);
INSERT INTO sojudb.store_tag
(tag_no, store_no)
VALUES(14, 5);
INSERT INTO sojudb.store_tag
(tag_no, store_no)
VALUES(15, 5);
INSERT INTO sojudb.store_tag
(tag_no, store_no)
VALUES(16, 6);
INSERT INTO sojudb.store_tag
(tag_no, store_no)
VALUES(17, 6);
INSERT INTO sojudb.store_tag
(tag_no, store_no)
VALUES(18, 6);
INSERT INTO sojudb.store_tag
(tag_no, store_no)
VALUES(19, 7);
INSERT INTO sojudb.store_tag
(tag_no, store_no)
VALUES(20, 7);
INSERT INTO sojudb.store_tag
(tag_no, store_no)
VALUES(21, 7);
INSERT INTO sojudb.store_tag
(tag_no, store_no)
VALUES(22, 8);
INSERT INTO sojudb.store_tag
(tag_no, store_no)
VALUES(23, 8);
INSERT INTO sojudb.store_tag
(tag_no, store_no)
VALUES(24, 8);
INSERT INTO sojudb.store_tag
(tag_no, store_no)
VALUES(25, 9);
INSERT INTO sojudb.store_tag
(tag_no, store_no)
VALUES(26, 9);
INSERT INTO sojudb.store_tag
(tag_no, store_no)
VALUES(27, 9);
INSERT INTO sojudb.store_tag
(tag_no, store_no)
VALUES(28, 10);
INSERT INTO sojudb.store_tag
(tag_no, store_no)
VALUES(29, 10);
INSERT INTO sojudb.store_tag
(tag_no, store_no)
VALUES(30, 10);

-- 댓글좋아요
INSERT INTO comment_like (mno,board_comment_no) VALUES (1,1);
INSERT INTO comment_like (mno,board_comment_no) VALUES (3,2);
INSERT INTO comment_like (mno,board_comment_no) VALUES (4,3);
INSERT INTO comment_like (mno,board_comment_no) VALUES (5,4);
INSERT INTO comment_like (mno,board_comment_no) VALUES (5,5);
INSERT INTO comment_like (mno,board_comment_no) VALUES (6,6);
INSERT INTO comment_like (mno,board_comment_no) VALUES (7,7);
INSERT INTO comment_like (mno,board_comment_no) VALUES (8,8);
INSERT INTO comment_like (mno,board_comment_no) VALUES (9,9);
INSERT INTO comment_like (mno,board_comment_no) VALUES (10,10);
INSERT INTO comment_like (mno,board_comment_no) VALUES (11,11);
INSERT INTO comment_like (mno,board_comment_no) VALUES (12,12);
INSERT INTO comment_like (mno,board_comment_no) VALUES (13,13);
INSERT INTO comment_like (mno,board_comment_no) VALUES (14,14);
INSERT INTO comment_like (mno,board_comment_no) VALUES (15,15);
INSERT INTO comment_like (mno,board_comment_no) VALUES (16,16);
INSERT INTO comment_like (mno,board_comment_no) VALUES (17,17);
INSERT INTO comment_like (mno,board_comment_no) VALUES (18,18);
INSERT INTO comment_like (mno,board_comment_no) VALUES (19,19);
INSERT INTO comment_like (mno,board_comment_no) VALUES (20,20);
INSERT INTO comment_like (mno,board_comment_no) VALUES (21,21);
INSERT INTO comment_like (mno,board_comment_no) VALUES (22,22);
INSERT INTO comment_like (mno,board_comment_no) VALUES (23,23);
INSERT INTO comment_like (mno,board_comment_no) VALUES (24,24);
INSERT INTO comment_like (mno,board_comment_no) VALUES (25,25);
INSERT INTO comment_like (mno,board_comment_no) VALUES (26,26);
INSERT INTO comment_like (mno,board_comment_no) VALUES (27,27);
INSERT INTO comment_like (mno,board_comment_no) VALUES (28,28);
INSERT INTO comment_like (mno,board_comment_no) VALUES (29,29);
INSERT INTO comment_like (mno,board_comment_no) VALUES (30,30);
