-- 주점 이미지
INSERT INTO sojudb.store_img
(store_img_no, store_no, img)
VALUES(1, 10, 'storelist10-0');
INSERT INTO sojudb.store_img
(store_img_no, store_no, img)
VALUES(2, 10, 'storelist10-1');
INSERT INTO sojudb.store_img
(store_img_no, store_no, img)
VALUES(3, 10, 'storelist10-2');
INSERT INTO sojudb.store_img
(store_img_no, store_no, img)
VALUES(4, 10, 'storelist10-3');
INSERT INTO sojudb.store_img
(store_img_no, store_no, img)
VALUES(5, 10, 'storelist10-4');
INSERT INTO sojudb.store_img
(store_img_no, store_no, img)
VALUES(6, 10, 'storelist10-5');
INSERT INTO sojudb.store_img
(store_img_no, store_no, img)
VALUES(7, 10, 'storelist10-6');


-- 주점찜
INSERT INTO sojudb.store_select
(store_no, mno)
VALUES(2, 1);
INSERT INTO sojudb.store_select
(store_no, mno)
VALUES(2, 2);
INSERT INTO sojudb.store_select
(store_no, mno)
VALUES(3, 1);
INSERT INTO sojudb.store_select
(store_no, mno)
VALUES(3, 2);
INSERT INTO sojudb.store_select
(store_no, mno)
VALUES(4, 1);
INSERT INTO sojudb.store_select
(store_no, mno)
VALUES(4, 2);
INSERT INTO sojudb.store_select
(store_no, mno)
VALUES(5, 1);
INSERT INTO sojudb.store_select
(store_no, mno)
VALUES(5, 2);
INSERT INTO sojudb.store_select
(store_no, mno)
VALUES(6, 1);
INSERT INTO sojudb.store_select
(store_no, mno)
VALUES(6, 2);
INSERT INTO sojudb.store_select
(store_no, mno)
VALUES(7, 1);
INSERT INTO sojudb.store_select
(store_no, mno)
VALUES(7, 2);
INSERT INTO sojudb.store_select
(store_no, mno)
VALUES(8, 1);
INSERT INTO sojudb.store_select
(store_no, mno)
VALUES(8, 2);
INSERT INTO sojudb.store_select
(store_no, mno)
VALUES(9, 1);
INSERT INTO sojudb.store_select
(store_no, mno)
VALUES(9, 2);
INSERT INTO sojudb.store_select
(store_no, mno)
VALUES(10, 1);
INSERT INTO sojudb.store_select
(store_no, mno)
VALUES(10, 2);
INSERT INTO sojudb.store_select
(store_no, mno)
VALUES(20, 2);
INSERT INTO sojudb.store_select
(store_no, mno)
VALUES(21, 3);
INSERT INTO sojudb.store_select
(store_no, mno)
VALUES(22, 3);
INSERT INTO sojudb.store_select
(store_no, mno)
VALUES(23, 3);
INSERT INTO sojudb.store_select
(store_no, mno)
VALUES(24, 3);
INSERT INTO sojudb.store_select
(store_no, mno)
VALUES(25, 3);
INSERT INTO sojudb.store_select
(store_no, mno)
VALUES(26, 3);
INSERT INTO sojudb.store_select
(store_no, mno)
VALUES(27, 3);
INSERT INTO sojudb.store_select
(store_no, mno)
VALUES(28, 3);
INSERT INTO sojudb.store_select
(store_no, mno)
VALUES(29, 3);
INSERT INTO sojudb.store_select
(store_no, mno)
VALUES(30, 3);



-- 주점소속유형
INSERT INTO sojudb.store_section_type
(store_type_no, store_no)
VALUES(2, 1);
INSERT INTO sojudb.store_section_type
(store_type_no, store_no)
VALUES(2, 2);
INSERT INTO sojudb.store_section_type
(store_type_no, store_no)
VALUES(2, 3);
INSERT INTO sojudb.store_section_type
(store_type_no, store_no)
VALUES(2, 4);
INSERT INTO sojudb.store_section_type
(store_type_no, store_no)
VALUES(2, 5);
INSERT INTO sojudb.store_section_type
(store_type_no, store_no)
VALUES(2, 6);
INSERT INTO sojudb.store_section_type
(store_type_no, store_no)
VALUES(2, 7);
INSERT INTO sojudb.store_section_type
(store_type_no, store_no)
VALUES(2, 8);
INSERT INTO sojudb.store_section_type
(store_type_no, store_no)
VALUES(2, 9);
INSERT INTO sojudb.store_section_type
(store_type_no, store_no)
VALUES(2, 10);
INSERT INTO sojudb.store_section_type
(store_type_no, store_no)
VALUES(2, 11);
INSERT INTO sojudb.store_section_type
(store_type_no, store_no)
VALUES(2, 12);
INSERT INTO sojudb.store_section_type
(store_type_no, store_no)
VALUES(2, 13);
INSERT INTO sojudb.store_section_type
(store_type_no, store_no)
VALUES(2, 14);
INSERT INTO sojudb.store_section_type
(store_type_no, store_no)
VALUES(2, 15);
INSERT INTO sojudb.store_section_type
(store_type_no, store_no)
VALUES(2, 16);
INSERT INTO sojudb.store_section_type
(store_type_no, store_no)
VALUES(2, 17);
INSERT INTO sojudb.store_section_type
(store_type_no, store_no)
VALUES(2, 18);
INSERT INTO sojudb.store_section_type
(store_type_no, store_no)
VALUES(2, 19);
INSERT INTO sojudb.store_section_type
(store_type_no, store_no)
VALUES(2, 20);
INSERT INTO sojudb.store_section_type
(store_type_no, store_no)
VALUES(2, 21);
INSERT INTO sojudb.store_section_type
(store_type_no, store_no)
VALUES(2, 22);
INSERT INTO sojudb.store_section_type
(store_type_no, store_no)
VALUES(2, 23);
INSERT INTO sojudb.store_section_type
(store_type_no, store_no)
VALUES(2, 24);
INSERT INTO sojudb.store_section_type
(store_type_no, store_no)
VALUES(2, 25);
INSERT INTO sojudb.store_section_type
(store_type_no, store_no)
VALUES(2, 26);
INSERT INTO sojudb.store_section_type
(store_type_no, store_no)
VALUES(2, 27);
INSERT INTO sojudb.store_section_type
(store_type_no, store_no)
VALUES(2, 28);
INSERT INTO sojudb.store_section_type
(store_type_no, store_no)
VALUES(2, 29);
INSERT INTO sojudb.store_section_type
(store_type_no, store_no)
VALUES(2, 30);



-- 주점메뉴
INSERT INTO sojudb.store_menu
(store_menu_no, store_no, name, price, main_accept)
VALUES(1, 10, '에그인헬', 15000, 1);
INSERT INTO sojudb.store_menu
(store_menu_no, store_no, name, price, main_accept)
VALUES(2, 10, '텍스멕스오믈렛', 16000, 1);
INSERT INTO sojudb.store_menu
(store_menu_no, store_no, name, price, main_accept)
VALUES(3, 10, '프렌치토스트', 15000, 1);
INSERT INTO sojudb.store_menu
(store_menu_no, store_no, name, price, main_accept)
VALUES(4, 10, '팬케익', 15000, 1);
INSERT INTO sojudb.store_menu
(store_menu_no, store_no, name, price, main_accept)
VALUES(5, 10, '까르보나라', 15000, 1);
INSERT INTO sojudb.store_menu
(store_menu_no, store_no, name, price, main_accept)
VALUES(6, 30, '파전', 13000, 0);
INSERT INTO sojudb.store_menu
(store_menu_no, store_no, name, price, main_accept)
VALUES(7, 30, '김치전', 13000, 0);
INSERT INTO sojudb.store_menu
(store_menu_no, store_no, name, price, main_accept)
VALUES(8, 30, '부추전', 13000, 0);
INSERT INTO sojudb.store_menu
(store_menu_no, store_no, name, price, main_accept)
VALUES(9, 30, '감자전', 13000, 0);
INSERT INTO sojudb.store_menu
(store_menu_no, store_no, name, price, main_accept)
VALUES(10, 30, '모둠전', 15000, 0);

-- 태그
INSERT INTO sojudb.tag
(tag_no, name)
VALUES(2, '시골');
INSERT INTO sojudb.tag
(tag_no, name)
VALUES(3, '신선한');
INSERT INTO sojudb.tag
(tag_no, name)
VALUES(4, '안주짱');
INSERT INTO sojudb.tag
(tag_no, name)
VALUES(6, '포근한');
INSERT INTO sojudb.tag
(tag_no, name)
VALUES(8, '추억돋는');
INSERT INTO sojudb.tag
(tag_no, name)
VALUES(9, '자연');
INSERT INTO sojudb.tag
(tag_no, name)
VALUES(10, '엘레강스');
INSERT INTO sojudb.tag
(tag_no, name)
VALUES(11, '세련된');
INSERT INTO sojudb.tag
(tag_no, name)
VALUES(12, '반주');
INSERT INTO sojudb.tag
(tag_no, name)
VALUES(13, '진짜달리는날');
INSERT INTO sojudb.tag
(tag_no, name)
VALUES(14, '회식분위기');
INSERT INTO sojudb.tag
(tag_no, name)
VALUES(15, '여자끼리');
INSERT INTO sojudb.tag
(tag_no, name)
VALUES(16, '아늑한');
INSERT INTO sojudb.tag
(tag_no, name)
VALUES(17, '역세권');
INSERT INTO sojudb.tag
(tag_no, name)
VALUES(18, '현지인');
INSERT INTO sojudb.tag
(tag_no, name)
VALUES(19, '헌팅');
INSERT INTO sojudb.tag
(tag_no, name)
VALUES(20, '분위기좋은');
INSERT INTO sojudb.tag
(tag_no, name)
VALUES(21, '데이트');
INSERT INTO sojudb.tag
(tag_no, name)
VALUES(22, '가성비');
INSERT INTO sojudb.tag
(tag_no, name)
VALUES(23, '노래가좋은');
INSERT INTO sojudb.tag
(tag_no, name)
VALUES(24, '맛난안주');
INSERT INTO sojudb.tag
(tag_no, name)
VALUES(25, '야외');
INSERT INTO sojudb.tag
(tag_no, name)
VALUES(26, '노포');
INSERT INTO sojudb.tag
(tag_no, name)
VALUES(27, '특이한');
INSERT INTO sojudb.tag
(tag_no, name)
VALUES(28, '나만아는');
INSERT INTO sojudb.tag
(tag_no, name)
VALUES(29, '동네');
INSERT INTO sojudb.tag
(tag_no, name)
VALUES(30, '대학가');
INSERT INTO sojudb.tag
(tag_no, name)
VALUES(31, '자연식');
INSERT INTO sojudb.tag
(tag_no, name)
VALUES(32, '꼬치집');
INSERT INTO sojudb.tag
(tag_no, name)
VALUES(33, '퇴근후한잔');
INSERT INTO sojudb.tag
(tag_no, name)
VALUES(34, '남자끼리');


-- 주점유형
INSERT INTO sojudb.store_type
(store_type_no, type_name)
VALUES(1, '포차');
INSERT INTO sojudb.store_type
(store_type_no, type_name)
VALUES(2, '펍');
INSERT INTO sojudb.store_type
(store_type_no, type_name)
VALUES(3, '바');
INSERT INTO sojudb.store_type
(store_type_no, type_name)
VALUES(4, '이자카야');
INSERT INTO sojudb.store_type
(store_type_no, type_name)
VALUES(5, '주막');
INSERT INTO sojudb.store_type
(store_type_no, type_name)
VALUES(6, '감성주점');
INSERT INTO sojudb.store_type
(store_type_no, type_name)
VALUES(7, '루프탑');
INSERT INTO sojudb.store_type
(store_type_no, type_name)
VALUES(8, '가라오케');
INSERT INTO sojudb.store_type
(store_type_no, type_name)
VALUES(9, '기타');




-- 주점태그
INSERT INTO sojudb.store_tag
(tag_no, store_no)
VALUES(4, 1);
INSERT INTO sojudb.store_tag
(tag_no, store_no)
VALUES(4, 2);
INSERT INTO sojudb.store_tag
(tag_no, store_no)
VALUES(6, 2);
INSERT INTO sojudb.store_tag
(tag_no, store_no)
VALUES(8, 3);
INSERT INTO sojudb.store_tag
(tag_no, store_no)
VALUES(9, 3);
INSERT INTO sojudb.store_tag
(tag_no, store_no)
VALUES(10, 4);
INSERT INTO sojudb.store_tag
(tag_no, store_no)
VALUES(11, 4);
INSERT INTO sojudb.store_tag
(tag_no, store_no)
VALUES(12, 4);
INSERT INTO sojudb.store_tag
(tag_no, store_no)
VALUES(13, 5);
INSERT INTO sojudb.store_tag
(tag_no, store_no)
VALUES(14, 5);
INSERT INTO sojudb.store_tag
(tag_no, store_no)
VALUES(15, 5);
INSERT INTO sojudb.store_tag
(tag_no, store_no)
VALUES(16, 6);
INSERT INTO sojudb.store_tag
(tag_no, store_no)
VALUES(17, 6);
INSERT INTO sojudb.store_tag
(tag_no, store_no)
VALUES(18, 6);
INSERT INTO sojudb.store_tag
(tag_no, store_no)
VALUES(19, 7);
INSERT INTO sojudb.store_tag
(tag_no, store_no)
VALUES(20, 7);
INSERT INTO sojudb.store_tag
(tag_no, store_no)
VALUES(21, 7);
INSERT INTO sojudb.store_tag
(tag_no, store_no)
VALUES(22, 8);
INSERT INTO sojudb.store_tag
(tag_no, store_no)
VALUES(23, 8);
INSERT INTO sojudb.store_tag
(tag_no, store_no)
VALUES(24, 8);
INSERT INTO sojudb.store_tag
(tag_no, store_no)
VALUES(25, 9);
INSERT INTO sojudb.store_tag
(tag_no, store_no)
VALUES(26, 9);
INSERT INTO sojudb.store_tag
(tag_no, store_no)
VALUES(27, 9);
INSERT INTO sojudb.store_tag
(tag_no, store_no)
VALUES(28, 10);
INSERT INTO sojudb.store_tag
(tag_no, store_no)
VALUES(29, 10);
INSERT INTO sojudb.store_tag
(tag_no, store_no)
VALUES(30, 10);




-- 주점
INSERT INTO sojudb.store
(store_no, business_registration_no, business_registration, store_name, address, tel, `hour`, introduction, evaluation_score, reservation_accept, max_member, lat, lng, place_id, oper, status)
VALUES(1, 660, '사업자등록증1', '이구펍29클라스', '서울특별시 강남구 역삼동 817-10', '02-567-2902', '11:11:11', '맥주집', 4.0, 1, 35, 37.5, 127.028, '주점위치아이디1', 1, 1);
INSERT INTO sojudb.store
(store_no, business_registration_no, business_registration, store_name, address, tel, `hour`, introduction, evaluation_score, reservation_accept, max_member, lat, lng, place_id, oper, status)
VALUES(2, 6875, '사업자등록증2', '무월', '서울특별시 강남구 역삼1동 811-12', '02-555-3060', '22:59:11', '막걸리집', 4.0, 1, 50, 37.5034, 127.027, '주점위치아이디2', 1, 1);
INSERT INTO sojudb.store
(store_no, business_registration_no, business_registration, store_name, address, tel, `hour`, introduction, evaluation_score, reservation_accept, max_member, lat, lng, place_id, oper, status)
VALUES(3, 9877609, '사업자등록증3', '아트몬스터 강남점', '서울특별시 강남구 역삼동 테헤란로1길 28-3', '02-6448-6110', '22:59:11', '힙한 술집', 3.0, 1, 20, 37.5003, 127.028, '주점위치아이디3', 1, 1);
INSERT INTO sojudb.store
(store_no, business_registration_no, business_registration, store_name, address, tel, `hour`, introduction, evaluation_score, reservation_accept, max_member, lat, lng, place_id, oper, status)
VALUES(4, 69869, '사업자등록증4', '강남포차', '서울특별시 강남구 역삼동 역삼로1길 18', '02-565-6400', '22:59:11', '포차', 2.5, 0, NULL, 37.4944, 127.031, '주점위치아이디4', 1, 1);
INSERT INTO sojudb.store
(store_no, business_registration_no, business_registration, store_name, address, tel, `hour`, introduction, evaluation_score, reservation_accept, max_member, lat, lng, place_id, oper, status)
VALUES(5, 546798, '사업자등록증5', '강남 일미포차', '서울 강남구 강남대로96길 15', '02-561-9222', '22:59:11', '포차집', 5.0, 1, 60, 37.5, 127.028, '주점위치아이디5', 1, 1);
INSERT INTO sojudb.store
(store_no, business_registration_no, business_registration, store_name, address, tel, `hour`, introduction, evaluation_score, reservation_accept, max_member, lat, lng, place_id, oper, status)
VALUES(6, 476476, '사업자등록증6', '이자카야 나무', '서울특별시 강남구 강남대로78길 8', '02-558-6787', '11:11:11', '이자카야', 4.5, 1, 35, 37.4947, 127.03, '주점위치아이디6', 1, 1);
INSERT INTO sojudb.store
(store_no, business_registration_no, business_registration, store_name, address, tel, `hour`, introduction, evaluation_score, reservation_accept, max_member, lat, lng, place_id, oper, status)
VALUES(7, 7907, '사업자등록증7', '바이트', '서울 강남구 선릉로112길 13', '02-538-2556', '22:59:11', '양주칵테일', 4.0, 1, 50, 37.5019, 127.026, '주점위치아이디7', 1, 1);
INSERT INTO sojudb.store
(store_no, business_registration_no, business_registration, store_name, address, tel, `hour`, introduction, evaluation_score, reservation_accept, max_member, lat, lng, place_id, oper, status)
VALUES(8, 34563650, '사업자등록증8', '대동집', '서울특별시 강남구 봉은사로18길 88', '02-554-4574', '22:59:11', '막걸리집', 3.0, 1, 20, 37.501, 127.028, '주점위치아이디8', 1, 1);
INSERT INTO sojudb.store
(store_no, business_registration_no, business_registration, store_name, address, tel, `hour`, introduction, evaluation_score, reservation_accept, max_member, lat, lng, place_id, oper, status)
VALUES(9, 7897, '사업자등록증9', '골목집', '서울특별시 강남구 역삼동 813-11', '02-569-5979', '22:59:11', '막걸리소주집', 4.0, 1, 20, 37.5023, 127.027, '주점위치아이디9', 1, 1);
INSERT INTO sojudb.store
(store_no, business_registration_no, business_registration, store_name, address, tel, `hour`, introduction, evaluation_score, reservation_accept, max_member, lat, lng, place_id, oper, status)
VALUES(10, 7470780, '사업자등록증10', '엘라elah', '서울특별시 강남구 테헤란로5길 36번지', '02-6052-8831', '22:59:11', '호프집', 5.0, 1, NULL, 37.5009, 127.029, '주점위치아이디10', 1, 1);
INSERT INTO sojudb.store
(store_no, business_registration_no, business_registration, store_name, address, tel, `hour`, introduction, evaluation_score, reservation_accept, max_member, lat, lng, place_id, oper, status)
VALUES(11, 709587567, '사업자등록증11', '느린마을양조장', '서울특별시 서초구 서초대로73길 7', '02-587-7720', '22:59:11', '막걸리집', 0.0, 1, 20, 37.4981, 127.025, '주점위치아이디11', 1, 1);
INSERT INTO sojudb.store
(store_no, business_registration_no, business_registration, store_name, address, tel, `hour`, introduction, evaluation_score, reservation_accept, max_member, lat, lng, place_id, oper, status)
VALUES(12, 967896, '사업자등록증12', 'Beezza x brew one', '서울특별시 강남구 역삼동 601', '02-261-0817', '22:59:11', '바', 1.0, 1, 20, 37.5045, 127.026, '주점위치아이디12', 1, 1);
INSERT INTO sojudb.store
(store_no, business_registration_no, business_registration, store_name, address, tel, `hour`, introduction, evaluation_score, reservation_accept, max_member, lat, lng, place_id, oper, status)
VALUES(13, 457698798, '사업자등록증13', '작', '서울특별시 강남구 역삼1동 640-11', '02-501-2342', '22:59:11', '전통주바', 2.0, 1, 20, 37.5023, 127.035, '주점위치아이디13', 1, 1);
INSERT INTO sojudb.store
(store_no, business_registration_no, business_registration, store_name, address, tel, `hour`, introduction, evaluation_score, reservation_accept, max_member, lat, lng, place_id, oper, status)
VALUES(14, 9879, '사업자등록증14', '한량블루스', '서울특별시 서초구 서초대로75길 45', '02-261-0817', '22:59:11', '와인바', 3.0, 1, 20, 37.5014, 127.025, '주점위치아이디14', 1, 1);
INSERT INTO sojudb.store
(store_no, business_registration_no, business_registration, store_name, address, tel, `hour`, introduction, evaluation_score, reservation_accept, max_member, lat, lng, place_id, oper, status)
VALUES(15, 7987, '사업자등록증15', '심야술집', '서울특별시 강남구 역삼동 테헤란로10길 25', '02-261-0817', '22:59:11', '혼술사케', 4.0, 1, 20, 37.4976, 127.033, '주점위치아이디15', 1, 1);
INSERT INTO sojudb.store
(store_no, business_registration_no, business_registration, store_name, address, tel, `hour`, introduction, evaluation_score, reservation_accept, max_member, lat, lng, place_id, oper, status)
VALUES(16, 34563650, '사업자등록증16', '너츠펍강남본점', '서울특별시 서초구 서초동 1337-6', '02-261-0817', '22:59:11', '호가든기네스맥주맛집', 5.0, 1, 20, 37.4911, 127.029, '주점위치아이디16', 1, 1);
INSERT INTO sojudb.store
(store_no, business_registration_no, business_registration, store_name, address, tel, `hour`, introduction, evaluation_score, reservation_accept, max_member, lat, lng, place_id, oper, status)
VALUES(17, 789798, '사업자등록증17', '휴일', '서울특별시 강남구 역삼동 830-9', '02-261-0817', '22:59:11', '와인바', 0.0, 1, 20, 37.4949, 127.031, '주점위치아이디17', 1, 1);
INSERT INTO sojudb.store
(store_no, business_registration_no, business_registration, store_name, address, tel, `hour`, introduction, evaluation_score, reservation_accept, max_member, lat, lng, place_id, oper, status)
VALUES(18, 98798, '사업자등록증18', '비놀릭(vinolic)', '서울특별시 강남구 역삼동 840-2', '02-261-0817', '22:59:11', '와인바', 5.0, 1, 20, 37.4912, 127.035, '주점위치아이디18', 1, 1);
INSERT INTO sojudb.store
(store_no, business_registration_no, business_registration, store_name, address, tel, `hour`, introduction, evaluation_score, reservation_accept, max_member, lat, lng, place_id, oper, status)
VALUES(19, 3, '사업자등록증19', '엠플라운지 라이브펍', '서울특별시 강남구 논현로 404', '02-261-0817', '22:59:11', '맥주집', 5.0, 1, 20, 37.4962, 127.039, '주점위치아이디19', 1, 1);
INSERT INTO sojudb.store
(store_no, business_registration_no, business_registration, store_name, address, tel, `hour`, introduction, evaluation_score, reservation_accept, max_member, lat, lng, place_id, oper, status)
VALUES(20, 34563650, '사업자등록증20', '노가리앤비어', '서울특별시 강남구 역삼동 797-3', '02-261-0817', '22:59:11', '술집', 2.0, 1, 20, 37.495, 127.039, '주점위치아이디20', 1, 1);
INSERT INTO sojudb.store
(store_no, business_registration_no, business_registration, store_name, address, tel, `hour`, introduction, evaluation_score, reservation_accept, max_member, lat, lng, place_id, oper, status)
VALUES(21, 3, '사업자등록증21', '오시오실내포차', '서울특별시 강남구 역삼동 779-9', '02-261-0817', '22:59:11', '포차', 1.0, 1, 20, 37.4956, 127.046, '주점위치아이디21', 1, 1);
INSERT INTO sojudb.store
(store_no, business_registration_no, business_registration, store_name, address, tel, `hour`, introduction, evaluation_score, reservation_accept, max_member, lat, lng, place_id, oper, status)
VALUES(22, 7470780, '사업자등록증22', '경성주막1929', '서울특별시 서초구 강남대로 439', '02-261-0817', '22:59:11', '술집', 1.0, 1, 20, 37.5015, 127.025, '주점위치아이디22', 1, 1);
INSERT INTO sojudb.store
(store_no, business_registration_no, business_registration, store_name, address, tel, `hour`, introduction, evaluation_score, reservation_accept, max_member, lat, lng, place_id, oper, status)
VALUES(23, 3, '사업자등록증23', 'Pub Champion', '서울특별시 서초구 서초동 1304-5', '02-261-0817', '22:59:11', '양주맥주', 3.0, 1, 20, 37.5019, 127.025, '주점위치아이디23', 1, 1);
INSERT INTO sojudb.store
(store_no, business_registration_no, business_registration, store_name, address, tel, `hour`, introduction, evaluation_score, reservation_accept, max_member, lat, lng, place_id, oper, status)
VALUES(24, 34563650, '사업자등록증24', '크래프트한스', '서울특별시 서초구 서초동 강남대로65길 7', '02-261-0817', '22:59:11', '맥주펍', 2.0, 1, 20, 37.5002, 127.025, '주점위치아이디24', 1, 1);
INSERT INTO sojudb.store
(store_no, business_registration_no, business_registration, store_name, address, tel, `hour`, introduction, evaluation_score, reservation_accept, max_member, lat, lng, place_id, oper, status)
VALUES(25, 7470780, '사업자등록증25', '아리네술상', '서울특별시 강남구 논현로94길 11', '02-261-0817', '22:59:11', '술집', 4.0, 1, 20, 37.5025, 127.037, '주점위치아이디25', 1, 1);
INSERT INTO sojudb.store
(store_no, business_registration_no, business_registration, store_name, address, tel, `hour`, introduction, evaluation_score, reservation_accept, max_member, lat, lng, place_id, oper, status)
VALUES(26, 3, '사업자등록증26', '상도', '서울특별시 강남구 역삼동 671-22', '02-261-0817', '22:59:11', '술집', 5.0, 1, 20, 37.5032, 127.039, '주점위치아이디26', 1, 1);
INSERT INTO sojudb.store
(store_no, business_registration_no, business_registration, store_name, address, tel, `hour`, introduction, evaluation_score, reservation_accept, max_member, lat, lng, place_id, oper, status)
VALUES(27, 7470780, '사업자등록증27', '브루웍스 파티역삼점', '서울특별시 강남구 역삼동 670-22', '02-261-0817', '22:59:11', '맥주집', 4.0, 1, 20, 37.5028, 127.038, '주점위치아이디27', 1, 1);
INSERT INTO sojudb.store
(store_no, business_registration_no, business_registration, store_name, address, tel, `hour`, introduction, evaluation_score, reservation_accept, max_member, lat, lng, place_id, oper, status)
VALUES(28, 7470780, '사업자등록증28', '에이와이라운지', '서울특별시 강남구 강남대로92길 13', '02-261-0817', '22:59:11', '양주맥주', 1.0, 1, 20, 37.499, 127.029, '주점위치아이디28', 1, 1);
INSERT INTO sojudb.store
(store_no, business_registration_no, business_registration, store_name, address, tel, `hour`, introduction, evaluation_score, reservation_accept, max_member, lat, lng, place_id, oper, status)
VALUES(29, 3, '사업자등록증29', '도리마틴', '서울특별시 강남구 역삼동 672-36', '02-261-0817', '22:59:11', '사케', 1.0, 1, 20, 37.5038, 127.039, '주점위치아이디29', 1, 1);
INSERT INTO sojudb.store
(store_no, business_registration_no, business_registration, store_name, address, tel, `hour`, introduction, evaluation_score, reservation_accept, max_member, lat, lng, place_id, oper, status)
VALUES(30, 7470780, '사업자등록증30', '노가리슈퍼 선릉점', '서울특별시 강남구 대치4동 900-7', '02-261-0817', '22:59:11', '술집', 2.0, 1, 20, 37.5022, 127.052, '주점위치아이디30', 1, 1);

